foodh,foodr,rent,oper,furn,cloth,tranop,recr
3.3316424740267725e-01,-2.9231008505889913e-03,2.7331193708003515e-01,1.1715131347200178e-01,2.0957693912498843e-02,8.3487768401559637e-02,6.7652336019815490e-02,7.2043856169432208e-02
3.1102688975885329e-01,1.2764041052910721e-02,3.1781952854294460e-01,8.4572664739224868e-02,2.9356595994977176e-02,8.3505388477672457e-02,4.1961682046744789e-02,8.5950590584225786e-02
2.2280416270310410e-01,6.3036422861238714e-02,3.8914666575869267e-01,4.0756349416859732e-02,3.2579842068020892e-02,1.0027537777072199e-01,6.4706294464430769e-02,6.2042780027809052e-02
2.3611307444091495e-01,6.9679983033421988e-02,3.5827309534053742e-01,3.8446246971656890e-02,2.7888376265250418e-02,1.0906888810578291e-01,6.9442305829305759e-02,6.2628007245748324e-02
1.2797928005204984e-01,1.0449114186765099e-01,2.4945006225629412e-01,3.6154758050627164e-02,5.2395135743000518e-02,1.3335772825269937e-01,1.8996862218281968e-01,8.1224859321676224e-02
2.2991037023403327e-01,7.0406510461601651e-02,3.7329113169382283e-01,3.3812078506521979e-02,3.2483296641336278e-02,1.0058070310708510e-01,5.9698204669764901e-02,7.4369171203361520e-02
2.2389150284037826e-01,6.0836138844213308e-02,2.1328000262461644e-01,4.8790935405841694e-02,2.2143928987572222e-02,1.1800865101072730e-01,2.2453024239460442e-01,5.5890338332651682e-02
1.2552524903089721e-01,1.1367824663033843e-01,2.2853215672709473e-01,5.9396361770432851e-02,8.6227914443342712e-02,1.5304458924468770e-01,6.3042935454736201e-02,1.3991633678511878e-01
2.0242831677622827e-01,4.7193947239975165e-02,3.7108195226160529e-01,6.3674948536625878e-02,3.8462567431506202e-02,1.2288595260894254e-01,6.5845114088999721e-02,5.0299700698614877e-02
1.8871714485055302e-01,5.2557263825876992e-02,3.6123442347089130e-01,5.8207213823384438e-02,5.0821695633604988e-02,1.3224928042923959e-01,5.4955501703573009e-02,5.9663111658320195e-02
1.6223325512146508e-01,6.4941355169474010e-02,3.2977925059025015e-01,5.9735350103900894e-02,6.1127248939615540e-02,1.5248987455034499e-01,6.3391629471001076e-02,6.1295789385193748e-02
1.9425203794159246e-01,2.4180839012939374e-02,3.3702666555760147e-01,5.5349769382295681e-02,4.1919542672576506e-02,1.0559132764043176e-01,1.5246891236702281e-01,5.2980118840713117e-02
1.6645990166548438e-01,4.4272701125393846e-02,3.1801642331922580e-01,5.0202831121018435e-02,4.3778685419100079e-02,1.2380837921683821e-01,1.6515422405362618e-01,4.9802522461333820e-02
1.3252046953080054e-01,7.9229067717196400e-02,2.8727887536017749e-01,6.1605674311800813e-02,7.2158312682499073e-02,1.7877950708722434e-01,7.8563237914026265e-02,6.2025706622500607e-02
1.2899918210607136e-01,6.3802161550968212e-02,2.7809114319543377e-01,5.0163254902998652e-02,6.1812137352930202e-02,1.5476705863943796e-01,1.6301936612700429e-01,5.5731041932233910e-02
1.1017057989266769e-01,7.3307224420804243e-02,2.5139589157405756e-01,5.0594842768294603e-02,6.9577302784211884e-02,1.7294055996353147e-01,1.7015044076277830e-01,5.6702408660493364e-02
1.1753739710206440e-01,6.9398991224211656e-02,2.6433439993595764e-01,5.0769957370260167e-02,6.4628831366130957e-02,1.6464547644948624e-01,1.7097506652707037e-01,5.3592595717966707e-02
1.9116924412239417e-01,8.2034780339294372e-02,3.3930420006720541e-01,4.7911954084091060e-02,4.8005181647955447e-02,1.1352317893750651e-01,7.1065490661833722e-02,8.0384153866230823e-02
1.7058363699736806e-01,5.9146849068303642e-02,3.5895334648267668e-01,6.1707453818435030e-02,4.7709389845665813e-02,1.4123141691697277e-01,7.3490765418336823e-02,4.5999778552551850e-02
1.3157936893754904e-01,5.6820333260028701e-02,3.0247630623667376e-01,5.6580436307345383e-02,4.1506271629438027e-02,1.4266779842818744e-01,1.9995497541612178e-01,2.9481177852838381e-02
1.4064004569000776e-01,5.8183986144219720e-02,2.9141207607817127e-01,4.9501338023610682e-02,5.9054761350911804e-02,1.4499061743427794e-01,1.5511292081094891e-01,5.8021947773049712e-02
1.3444258800790068e-01,1.0082201579772225e-01,2.5919830350179729e-01,3.5468526415472726e-02,4.9768048719029602e-02,1.2818582979317364e-01,1.8760599954347065e-01,7.9748105407187311e-02
1.5789216531754316e-01,8.0342213675498445e-02,3.0369092675960041e-01,3.3470471382447887e-02,2.8855665860499782e-02,1.1642736986587404e-01,2.0697986067435711e-01,4.7642419333107748e-02
1.0156175241369894e-01,1.1637425872066294e-01,1.9393482006823823e-01,4.2498133294274466e-02,8.0705930608832910e-02,1.5549364223616935e-01,1.6041827706636358e-01,1.2370238583012221e-01
1.2384910593919933e-01,6.5853385390039945e-02,2.6839914769485046e-01,4.9433096610463460e-02,7.0888799299138508e-02,1.6194758393686015e-01,1.4730634932551248e-01,6.6220756342693199e-02
8.6984804020346820e-02,1.2163308985331128e-01,1.6730656009799658e-01,4.3615331434278523e-02,9.0365837939155105e-02,1.7207038287532878e-01,1.6219801625844552e-01,1.3113414130613343e-01
1.3449014812873811e-01,7.7957883828713298e-02,2.7873538424778938e-01,6.1399642636659729e-02,7.7542681324258442e-02,1.8015295212536106e-01,6.8660800857895041e-02,7.1567757032120677e-02
2.0548557575499549e-01,8.9570644078515296e-02,3.4194992410516750e-01,4.2447034785787527e-02,3.4128657894076347e-02,1.1927634617163907e-01,9.6475713306210076e-02,4.4038754615770358e-02
2.0860678852159503e-01,5.0349842973715385e-02,3.7894108759063139e-01,5.8023274805435662e-02,4.3155431906038752e-02,1.1380590090477209e-01,5.6214320091036232e-02,5.0574865794806828e-02
2.6120616010645636e-01,4.8456633342931682e-02,2.8222790765463457e-01,7.7719150304611281e-02,4.3119949243149776e-02,1.1072733090702767e-01,7.0635854954221519e-02,6.7942037628752561e-02
2.5411972349196915e-01,4.8704892686316836e-02,2.9630188261781931e-01,7.5101270441765303e-02,4.2346828941645119e-02,1.1095071164565296e-01,7.0441886912574608e-02,6.4489813012079303e-02
2.0674489543921659e-01,5.6252329760903996e-02,3.4974781775720559e-01,6.7267021217254544e-02,4.0832557720609154e-02,1.1875358080393741e-01,7.9114650265129483e-02,4.5762886393698674e-02
2.5254817902833998e-01,3.0827390728717558e-02,3.6900897078502348e-01,6.9299250770582119e-02,3.8016257317136801e-02,9.7040566845771961e-02,5.8361775959805552e-02,5.2094790828881465e-02
1.9902816428194831e-01,5.4155406592006947e-02,3.7545882115308638e-01,5.8527550375677327e-02,4.4454830316049534e-02,1.1815125470334613e-01,6.0937707004997024e-02,4.9385450831072514e-02
1.8070681426662349e-01,6.1816313779968532e-02,3.6668538663044886e-01,6.0239983409770839e-02,4.5914301290932949e-02,1.2709196648191229e-01,7.4861317160530058e-02,4.5091816802335705e-02
1.9288571036190855e-01,8.2597830365634492e-02,3.7514585788334120e-01,4.2506169454048025e-02,3.7869784397821890e-02,1.0631967708413839e-01,8.7359068688619396e-02,5.4488375195005233e-02
1.6740274292429316e-01,1.0343503660336069e-01,3.4616365665303334e-01,3.9272444246879180e-02,4.1229636149664808e-02,1.2004048246869226e-01,9.8064488851483958e-02,6.2178748574232105e-02
2.0122267452921200e-01,5.3511025878423046e-02,3.7494630578241922e-01,5.8820516901067571e-02,4.3656076897920802e-02,1.1753231225560963e-01,6.2417980446299842e-02,4.8665671803041891e-02
1.5743075110736524e-01,7.2241688374110519e-02,3.4416818800899679e-01,5.9954393619906815e-02,5.5704882610499849e-02,1.4157614792797138e-01,7.3604161470762069e-02,5.4228129149394705e-02
2.4450499714675075e-01,7.5296589970193561e-02,3.4388869263643806e-01,3.5880260366841540e-02,3.3726893809231606e-02,1.0623181268441355e-01,7.3571043941573239e-02,5.8603315716414132e-02
1.7168146338448573e-01,6.5270560409112194e-02,3.5671110023954167e-01,5.9775089072705533e-02,5.4202688847834121e-02,1.3214165434079403e-01,5.8099686814904933e-02,5.7555396088188569e-02
2.0721126064713072e-01,9.0194101348425038e-02,3.3399854695586989e-01,4.4730922038456043e-02,3.4348547560576037e-02,1.2107416122147539e-01,9.8225841716019446e-02,4.2667486955094709e-02
1.6742091291173861e-01,1.0527625909715423e-01,3.3627760980465154e-01,4.0634999302944556e-02,4.4389766010647473e-02,1.1788056560589831e-01,9.1586983662333324e-02,7.3207722413563187e-02
1.7053919830729428e-01,4.7983245935530432e-02,3.3632186577993123e-01,4.9963373349064540e-02,4.1172139194861332e-02,1.1027561034425581e-01,1.5784396556249281e-01,4.5179440401243422e-02
1.4461888112860230e-01,9.5334929041181626e-02,2.9695067628657895e-01,3.2078498068970729e-02,3.4599133668132123e-02,1.1164095832360119e-01,2.1104690078944124e-01,5.4684940451713591e-02
1.8620333132570727e-01,7.7912109722033218e-02,3.2350629790856156e-01,2.9746564130758907e-02,2.9614948312655744e-02,8.7728039734773555e-02,1.7825534109359767e-01,6.3285857693606937e-02
1.7358901229225251e-01,6.4781614576569613e-02,3.6057804288417383e-01,5.9301226779234911e-02,5.0628978159142038e-02,1.3116070497407975e-01,6.8035172638404862e-02,5.1205783727143621e-02
1.5928630376524860e-01,1.0965694569142946e-01,3.1147754353253809e-01,5.0603546558373486e-02,5.3922084474211054e-02,1.1265772047632104e-01,6.9156183210556471e-02,1.0389671191303936e-01
2.0263897193835148e-01,8.9160461990084788e-02,3.6399780191909725e-01,3.8407921534362191e-02,3.8255642995395099e-02,9.8068338897625174e-02,6.7749996185181391e-02,7.4689679745639226e-02
1.7334520894437996e-01,6.4874587060974348e-02,3.6136102745926757e-01,5.9464710032511248e-02,4.9655924997832661e-02,1.3118783404845993e-01,7.1244428335250146e-02,4.9229978800545741e-02
1.4366031776658403e-01,7.8858922887795210e-02,3.2538841372325411e-01,6.0548995327548184e-02,6.1271493345486892e-02,1.5202035020740895e-01,7.7528083159858943e-02,5.8913048384583382e-02
1.6894506054979358e-01,8.8175815173511946e-02,3.1863659484777029e-01,3.4163219535645786e-02,3.5873074078508330e-02,8.7232706462086584e-02,1.6389713983226503e-01,7.8206586434231756e-02
1.5501435458919374e-01,1.1190065724386737e-01,3.2007677445662103e-01,4.2158653858523500e-02,4.8293013677017584e-02,1.2464784328070481e-01,9.7356250571891900e-02,7.7996419809340314e-02
1.8841510389708432e-01,5.8331806628529610e-02,3.7115039342018458e-01,5.8678557170915475e-02,4.7114191869486843e-02,1.2296182021501045e-01,6.2197048885311627e-02,5.0404443696382688e-02
1.8133246861562818e-01,9.8295338380946243e-02,3.5037083704911487e-01,3.9037695392142829e-02,4.0858422119521551e-02,1.1122560693619218e-01,8.5024788042596208e-02,6.9625355328564231e-02
1.4491085401241330e-01,7.8243202207174831e-02,3.2691500138825191e-01,6.0519179723354924e-02,6.0919639403090531e-02,1.5109091292300911e-01,7.6689443529095694e-02,5.8790696264401476e-02
1.5646098816759896e-01,7.2431734787925070e-02,3.3946273215960121e-01,6.0433015604517408e-02,5.8693796787407757e-02,1.4282390135789558e-01,6.6051075632298645e-02,5.9632644573061014e-02
1.8643860555004113e-01,7.0488363056940978e-02,3.2620869248513595e-01,3.7095144587752545e-02,3.3122020751866203e-02,8.4593263669251267e-02,1.7696003534998833e-01,6.3256750583363081e-02
1.2251050820589542e-01,7.1041563842161010e-02,2.9338592005741626e-01,5.1094038841095167e-02,5.2413773050063048e-02,1.4152040175282357e-01,1.8540987069320564e-01,4.6135376923134075e-02
1.5395026080697352e-01,8.9012728469713198e-02,3.0040630954430225e-01,3.2038660238301798e-02,3.0838361169798514e-02,1.1083890741545101e-01,2.1690930991328747e-01,4.6150328943435910e-02
2.4998920981709710e-01,7.4361139506459867e-02,3.3681582190559894e-01,3.6435573267790212e-02,3.4130383702087638e-02,1.0690739552755259e-01,7.2897014979699984e-02,5.9537436179338030e-02
1.7129058296513155e-01,1.0419251956137919e-01,3.3528958414081506e-01,4.1461591373301673e-02,4.5101189729858465e-02,1.1432058012357536e-01,8.5310231432580846e-02,7.8501291542987336e-02
1.5959848721886044e-01,6.4188160895196383e-02,3.3176134778400568e-01,7.0327397128054803e-02,6.4350412211553326e-02,1.4078236306078942e-01,6.0524515666622439e-02,6.2656739037386291e-02
1.4760228534248623e-01,7.6953116496345245e-02,3.3253807865293655e-01,6.0313356246343958e-02,5.8852033056388663e-02,1.4856588971818444e-01,7.8214306938553108e-02,5.6035891416154740e-02
1.6599836869036866e-01,6.0437239267590648e-02,3.5745947387726501e-01,6.6775845539814943e-02,5.4329014086159630e-02,1.3369507762880833e-01,7.7109397374916844e-02,4.7229879236863899e-02
1.5316712136970612e-01,9.4938043770083899e-02,3.0023833365075425e-01,3.2867323575096169e-02,3.7538237521525394e-02,1.0193733482627224e-01,1.8733978679905489e-01,7.0641073903681767e-02
1.5443436918744929e-01,1.1272246147804438e-01,3.1554938722703008e-01,4.2902715327360195e-02,4.9576098850014308e-02,1.2454714486604593e-01,9.5482701620443589e-02,8.1779420626326441e-02
2.0627578878317143e-01,8.7227594676932030e-02,3.6695889801734638e-01,3.7225318205051761e-02,3.7025647675385666e-02,9.8379611932606303e-02,6.8958119741033136e-02,7.1296042247115554e-02
1.5618395222237488e-01,5.4649742591050446e-02,3.2447284203382176e-01,5.0486531253176960e-02,4.3901687012597196e-02,1.1915949045097697e-01,1.6758907028802336e-01,4.4389086491560460e-02
1.8815507921186983e-01,5.8552172929317983e-02,3.7071116084399325e-01,5.8947908920299594e-02,4.6369454802101376e-02,1.2331209379640717e-01,6.5400176036117905e-02,4.8829179132032781e-02
1.3406598820977586e-01,6.5483845356533246e-02,3.0776692985239112e-01,5.0612388526610479e-02,5.3338491370132628e-02,1.3370387082852997e-01,1.6104585208982819e-01,5.2633964510639571e-02
1.4239587087022437e-01,1.0058113188328965e-01,2.8910599923304242e-01,3.3564393096380443e-02,4.0434712035535406e-02,1.0834165417599140e-01,1.9259103531821356e-01,7.2741304044055391e-02
1.6171736105709938e-01,1.0755760484654311e-01,3.3363975056754486e-01,4.0634683451030058e-02,4.4785570830401966e-02,1.2156014753120915e-01,9.6810806614157974e-02,7.0844064804018683e-02
7.3205448468434339e-02,9.0529608574015666e-02,2.3931703548554295e-01,6.7704430634177554e-02,1.0053751102375282e-01,2.1838092476057058e-01,6.4176284823972474e-02,9.2591650630992825e-02
1.3899146807876525e-01,6.0932728395918553e-02,3.0722527323729071e-01,5.3941642316040359e-02,4.1836220292134012e-02,1.2896231923253823e-01,2.0049342021727470e-01,3.4107481182183978e-02
1.1622974301456639e-01,7.3688237702497161e-02,2.8775393444810587e-01,5.0759409145636585e-02,6.1803722701307372e-02,1.4839408745103544e-01,1.5879456661734356e-01,6.0146817062879387e-02
1.7148290941488251e-01,6.5679894182679777e-02,3.5742258945428868e-01,5.9413184282993296e-02,5.2592099278367672e-02,1.3249805626710151e-01,6.4416591329823872e-02,5.4182419824231678e-02
1.8415431745352032e-01,7.7921518424996797e-02,3.1801372717918991e-01,2.9391561993650998e-02,2.9076000215143262e-02,9.2548336887169208e-02,1.8771694782423989e-01,5.8259376774038488e-02
1.9122541921417230e-01,7.5181969863917703e-02,3.2335251097854728e-01,2.9025717716115545e-02,2.8442172087826175e-02,8.7724500493760821e-02,1.8041649501925483e-01,6.0824048133868353e-02
1.4953055653346861e-01,7.5853196244191082e-02,3.3892001746599576e-01,6.0263494950550389e-02,5.6220843070548490e-02,1.4620334469063315e-01,8.1797112635443717e-02,5.1915869336499006e-02
1.4531219415962135e-01,9.8680152219381839e-02,2.9276674832310556e-01,3.3122948565478115e-02,3.9084445909094309e-02,1.0708817022911959e-01,1.9334103557151183e-01,7.0284939344450154e-02
1.4274714900862101e-01,7.8829075294205603e-02,3.2070461010872031e-01,6.1117306936825835e-02,6.3961967688663829e-02,1.5351872455645926e-01,7.1170876118831675e-02,6.3658838383188823e-02
1.5324087885374574e-01,1.1430149082262374e-01,3.0274569849664551e-01,4.6392085294980387e-02,5.3749497591506601e-02,1.2272734968716770e-01,8.6273605327406952e-02,9.5234804223237005e-02
1.3950842599185501e-01,6.2774493256725933e-02,3.1068169254487316e-01,5.0718351952446381e-02,4.8636310487038224e-02,1.2984794139835004e-01,1.7299011953497428e-01,4.6273934307063350e-02
9.8469402921251795e-02,7.6904922839830053e-02,2.7988043065986834e-01,5.1672528740882226e-02,7.2198218322184982e-02,1.6307046213797582e-01,1.4150098422509472e-01,6.9815381227626663e-02
1.2718068432269533e-01,6.7770727894975166e-02,2.9978416234371547e-01,5.1967776837236988e-02,4.8084879929840479e-02,1.3701685665555996e-01,1.9289381904474898e-01,4.0386424918963937e-02
1.4718930078964265e-01,7.4756795779518173e-02,3.2797587626526042e-01,6.2400601707344322e-02,6.4777763910676772e-02,1.4934969914200427e-01,5.7616020257464449e-02,6.7508501693069822e-02
1.1719023846182024e-01,7.4286879104837347e-02,2.8543171753925489e-01,5.0587676289810687e-02,5.7573715432007483e-02,1.4701784782057514e-01,1.7627379213583749e-01,5.3073711704601255e-02
1.0683872721595519e-01,7.8845441423943716e-02,2.7223871446702208e-01,5.0456381484711807e-02,6.5256472630090948e-02,1.5717059211352596e-01,1.6598390128934587e-01,6.2119367751727550e-02
1.4361269366181667e-01,6.0185669364284745e-02,3.2262123815068949e-01,5.0783387288104907e-02,5.1404261516870733e-02,1.2567328478275772e-01,1.4861241074801618e-01,5.3313083423254887e-02
1.1352632592100516e-01,6.8461789900169281e-02,3.1054598403728489e-01,5.2767328296263856e-02,6.5131196060616917e-02,1.4623624831497664e-01,1.2979028236357290e-01,6.4633007775117657e-02
1.5044208313107857e-01,1.1551766190093253e-01,3.0367848593867469e-01,4.4726155952689486e-02,5.2789842540133580e-02,1.2622154835158680e-01,9.3468021525356618e-02,8.9453417790539724e-02
6.6062328151444305e-02,8.6136963119090221e-02,2.3755868510033448e-01,5.0135762166972138e-02,9.0767236348785155e-02,1.9944975005754711e-01,1.4125269375684482e-01,8.3065058223100063e-02
9.4949025783743091e-02,9.5926270544594724e-02,2.4276883347285066e-01,6.3922834433646644e-02,8.8910954364058922e-02,1.9970777335177345e-01,7.8790684283942841e-02,8.6776686678304751e-02
1.2342443188235812e-01,7.0121920726368595e-02,2.9775735010347959e-01,5.0837136308644337e-02,5.8835158299319859e-02,1.4202860990989827e-01,1.5618310413458331e-01,5.8015037430954333e-02
1.0854708878387095e-01,9.3156837305835877e-02,2.6354660173640637e-01,6.2821718072483643e-02,8.0853974991434693e-02,1.8555691335577654e-01,8.0036415316548801e-02,7.9232902946027639e-02
1.0974167325658729e-01,1.1908009988443348e-01,2.3994147354834458e-01,4.0154833880626455e-02,5.9324072770770203e-02,1.2674452270144321e-01,1.7726165916022113e-01,1.0727455708217790e-01
1.2825172733923482e-01,6.8553008160576606e-02,2.9914152265320748e-01,5.0671709344535305e-02,5.3110160840378333e-02,1.3808743114668220e-01,1.7368183661352901e-01,4.9722574979157039e-02
1.1353237868191990e-01,7.6054193072614115e-02,2.8057981238369462e-01,5.0489090772840986e-02,6.0651454740857744e-02,1.5067256012991662e-01,1.7131103770016010e-01,5.6960224751745128e-02
1.1250800166480354e-01,1.1741440386733616e-01,2.4559068529873992e-01,4.0293625151305058e-02,5.8178130430553990e-02,1.2387213123265910e-01,1.7469462297279034e-01,1.0643289253784788e-01
1.4691531449691664e-01,7.3295886817942496e-02,3.3111200452976552e-01,6.3380152064655276e-02,6.5566137738158115e-02,1.4847834664831838e-01,5.1614176371862081e-02,6.9122181144194134e-02
1.2008261871262690e-01,7.1313314414144555e-02,2.9506335790238225e-01,5.0957573243702176e-02,6.0713723027806706e-02,1.4471733248300706e-01,1.5381101608577233e-01,5.9911580200197698e-02
1.2536697418375048e-01,6.9567930020447324e-02,2.9649215928864170e-01,5.1105273667563580e-02,5.1452447235391517e-02,1.3942025985729331e-01,1.8439113005339955e-01,4.5583146242562371e-02
1.0107554963532640e-01,7.6479870400738448e-02,2.8119766901006277e-01,5.1584722347653406e-02,7.0837167081188396e-02,1.6081941920852488e-01,1.4306775667499960e-01,6.8792793237432370e-02
1.1161492547605983e-01,7.0742959881473180e-02,3.0156443839788971e-01,5.2252164388467942e-02,6.5983653564710754e-02,1.4937236846594035e-01,1.3551384297799546e-01,6.5278407193982882e-02
1.1085990438295104e-01,1.1898462335614179e-01,2.4031387529839751e-01,3.9402991251495094e-02,5.8253672914869194e-02,1.2672261638926208e-01,1.8074810159993687e-01,1.0464564211747809e-01
9.6846935778030233e-02,1.3467421639539290e-01,2.0648260809636562e-01,5.9420830888148257e-02,8.2073483300373146e-02,1.6281942172456057e-01,9.3875325209334406e-02,1.3841793133464836e-01
1.2045150292574891e-01,1.1415093639681510e-01,2.5552465712364525e-01,3.7931571814259921e-02,5.2972601355307930e-02,1.1984694646468667e-01,1.8243909101273845e-01,9.6285245384494178e-02
1.0912421535552214e-01,1.1628464373222511e-01,2.5085536202826852e-01,4.3089917586065979e-02,6.0634316261658314e-02,1.2228105091990218e-01,1.6210810124374589e-01,1.1301947126856722e-01
7.7164295705125618e-02,1.2509102526308047e-01,2.1231538846355649e-01,4.6982433165242032e-02,7.8249753428268912e-02,1.4902400582080014e-01,1.5718986081496147e-01,1.3442073426878637e-01
1.1056343042992139e-01,1.1682011416610788e-01,2.4830219760193070e-01,4.2002813649119689e-02,5.9776369273836436e-02,1.2289824477141095e-01,1.6682827225805125e-01,1.1079193338830018e-01
1.4985576975284437e-01,5.7603044380535096e-02,3.2557671073391276e-01,5.0466624013962853e-02,4.8437098448796519e-02,1.2190031553324969e-01,1.5328456554227909e-01,5.0382789301070277e-02
1.5607182358774657e-01,9.4655183770567586e-02,3.0369263338267471e-01,3.4372021463560616e-02,3.8922945886173788e-02,9.6594291622897357e-02,1.7419418782447244e-01,7.8453287711188868e-02
8.3730372468455980e-02,1.1439682226362956e-01,2.6170183433409877e-01,5.1289776911491496e-02,7.2017156087446924e-02,1.3080901349486251e-01,1.3483547529336073e-01,1.2791113936827617e-01
1.0482610202038967e-01,1.1728552221099245e-01,2.4765639592775848e-01,4.4016016270328320e-02,6.2771729319565539e-02,1.2479613369304882e-01,1.5989139955913670e-01,1.1616551695586173e-01
1.1677319348743440e-01,1.1266293236581373e-01,2.6343762941366089e-01,4.2684787541028356e-02,5.7010322104331872e-02,1.1549282559548694e-01,1.5948231633296203e-01,1.0894405730861212e-01
6.3323532607207439e-02,1.2104496478739053e-01,2.1435710222288024e-01,5.2193239788643223e-02,9.1966879472831262e-02,1.6025340406465891e-01,1.3310923197982735e-01,1.4762135503588933e-01
2.3532889093157006e-01,5.3749780631240300e-02,3.5026724416393401e-01,6.1773857459542232e-02,3.6866736647457155e-02,1.0435155918776022e-01,6.1328403978170104e-02,5.8914186405487325e-02
3.0211123928916822e-01,3.3922200760294931e-02,3.1919917717452911e-01,7.3975103508420806e-02,3.4743840073897414e-02,7.9239870394982648e-02,4.6288956012211495e-02,7.7058167669688760e-02
2.7270078455434693e-01,3.5768221286554783e-02,3.5490481158489418e-01,6.8943474574536284e-02,3.3085163170387025e-02,8.5276084479593256e-02,5.1418983441770837e-02,6.4103410235485686e-02
2.5327420861958239e-01,3.3515211623165578e-02,3.9137490537422603e-01,6.0841308964648323e-02,3.5799231488028840e-02,8.9436817039403760e-02,4.4781353802123031e-02,5.6368246121841326e-02
2.3802384606493798e-01,6.1950421942710457e-02,3.0330056996885768e-01,7.5308583120060196e-02,3.5839664611408618e-02,1.0715315349183901e-01,7.6475337921808093e-02,6.2840441799507721e-02
1.7896633424619010e-01,4.7528050683696636e-02,3.2312567280283955e-01,4.9838194396732337e-02,3.7353077323048926e-02,1.0935745040317124e-01,1.6955450251018472e-01,4.5547185766884796e-02
2.1880784822835264e-01,4.0622599799078785e-02,3.9132548078476720e-01,6.1726539131706580e-02,4.0318128257669075e-02,1.0487775315100972e-01,5.4419116657566921e-02,4.9970715587706702e-02
2.0077665177360057e-01,5.6566352861111183e-02,3.7075292359960232e-01,5.7195782366112134e-02,4.3985979101141340e-02,1.1767635425642640e-01,5.7410730460775106e-02,5.4172695060214736e-02
2.0586339831468004e-01,9.2298270047699346e-02,3.4394339809275043e-01,4.0014336433794422e-02,2.6393564458808406e-02,1.1738474527746397e-01,9.6912790314765226e-02,4.4458433149929186e-02
2.1114002551367500e-01,5.4784891700704309e-02,3.7188271500541331e-01,5.7880829799860617e-02,3.9132713646150827e-02,1.1223980123090249e-01,6.2060928534631458e-02,5.1824288035676430e-02
2.0626476736188254e-01,5.5903175398008154e-02,3.7119285770735638e-01,5.8138865097439513e-02,3.9235993706835420e-02,1.1457861503489304e-01,6.4815219233743934e-02,5.0595575220051175e-02
2.0553421103926750e-01,5.5356630218897349e-02,3.7324092741309273e-01,5.7004539326555588e-02,4.2481850304505603e-02,1.1489440436576462e-01,5.7185408595844416e-02,5.3628791881074951e-02
1.9253192631209015e-01,6.6372188487882317e-02,3.4114293592909783e-01,7.1938450455117639e-02,3.2574146919535515e-02,1.1967891794956777e-01,9.2687518932987656e-02,4.3265028089774116e-02
2.0752321814126376e-01,5.6897628867336555e-02,3.6606424084186612e-01,6.0076755964785920e-02,3.7212858052628160e-02,1.1416129524049533e-01,6.9946481512844966e-02,4.9485132422941183e-02
1.5196381459678121e-01,8.3766081600884723e-02,2.8300579799249914e-01,3.9537234226762662e-02,3.7735404948017928e-02,1.1110445754414784e-01,1.9975719859750998e-01,6.8424564509033906e-02
1.9149443087817933e-01,5.9104256402766814e-02,3.6792233111261763e-01,5.8090500105093069e-02,4.1714152348148029e-02,1.2251731820091850e-01,6.9238050269704754e-02,4.9273197623759056e-02
1.6413082955965788e-01,6.6217665378102780e-02,3.6011691096447679e-01,6.0581479441321098e-02,4.0172355517044511e-02,1.3624336984257676e-01,9.1069354134308833e-02,4.0549745062141693e-02
1.8155387604015841e-01,4.7987151587516846e-02,2.9817125113353221e-01,5.5326786387943722e-02,3.0804209228004427e-02,1.1011717525968513e-01,1.9885879431137116e-01,4.0926082367814053e-02
2.3056258697841139e-01,5.2418969002892148e-02,3.6289785532130864e-01,5.9137627558505955e-02,3.7508114488014478e-02,1.0482791365734159e-01,5.8210022327327471e-02,5.6787587455947419e-02
1.7440246345224150e-01,6.4702855637812973e-02,3.4362021033424189e-01,5.9250283634796709e-02,5.2656454924389647e-02,1.3687008066299533e-01,6.4126610778575954e-02,5.9067452360611228e-02
1.5577120386106935e-01,5.4773005853904648e-02,3.0990508897047786e-01,5.0328390948448272e-02,4.2005097837086065e-02,1.2474952660552868e-01,1.7609231576203957e-01,4.5718703276368011e-02
2.0215785727269200e-01,5.6267960053103076e-02,3.7186167598644027e-01,5.7254606751347123e-02,4.2267588656566164e-02,1.1677186385138233e-01,6.0223765392975005e-02,5.2555766145633898e-02
1.6522881477694917e-01,5.1259432434517437e-02,3.0333650236106968e-01,5.4841555143242821e-02,3.1388769476637782e-02,1.1710475239304666e-01,2.0341676507295511e-01,3.6440130088773177e-02
1.6534190746232105e-01,5.1685557417346865e-02,3.1665292174617798e-01,5.0126971761358489e-02,3.9927367971615370e-02,1.1798542644043142e-01,1.7304865801996550e-01,4.5349945700556352e-02
1.9802310512271357e-01,5.7394410737433586e-02,3.6760817694334452e-01,5.7519872940008709e-02,4.6436238651541069e-02,1.1954703558624566e-01,5.4301677565197222e-02,5.6475870227029011e-02
1.4106914761184666e-01,7.5644990590839012e-02,2.9992811434395200e-01,6.0632957911759190e-02,6.1078766447349622e-02,1.6563720086898320e-01,8.5432399865837977e-02,6.3048239882469118e-02
2.1895290671911430e-01,6.1468792389597397e-02,2.3866837213773892e-01,5.1016200183358756e-02,1.6952354051345112e-02,1.0570104830182446e-01,2.4198952231868032e-01,3.1787845784012815e-02
1.2621749768380436e-01,1.0626288551694887e-01,2.2896507905342298e-01,3.8998806213326610e-02,5.3128218333137155e-02,1.3179167065560077e-01,1.8645075403769915e-01,1.0174162668555657e-01
1.5564675765611238e-01,5.4177407330242781e-02,3.1051132639651047e-01,5.0723830635863568e-02,3.9248967883468558e-02,1.2393741458840540e-01,1.8390713703442702e-01,4.2240364774651228e-02
1.8263234708359838e-01,6.2348955603240351e-02,3.4679916366473867e-01,6.0304814397448919e-02,5.5306304984498886e-02,1.3125292873232497e-01,4.9955027348159660e-02,6.4389956083656191e-02
1.8506528100339611e-01,6.1589310436043390e-02,3.4988133572969404e-01,6.0030527362893396e-02,5.4455539238478672e-02,1.2929314919436730e-01,4.9203317075294323e-02,6.3815714478344179e-02
1.5183399483389182e-01,5.0570195437800280e-02,2.9257532506624051e-01,6.2846439341100888e-02,6.0535533365510832e-02,1.3097047978583995e-01,1.4082595432980954e-01,6.2214429123205843e-02
1.5805800311946172e-01,9.4554295372888064e-02,2.7993097694627911e-01,3.8186947970312579e-02,4.4337274911596794e-02,1.0158342803182387e-01,1.6315956312847418e-01,9.3718129770425429e-02
1.4338355072199643e-01,5.8435332060083951e-02,3.0055820178813236e-01,5.0699974060899655e-02,4.3012039632455583e-02,1.3335205097984226e-01,1.8550805843427701e-01,4.4147784917310084e-02
1.5423008651413389e-01,8.6688792438765427e-02,2.9926826983244120e-01,2.9885382514854297e-02,2.5232385796458052e-02,1.1301463069771259e-01,2.1892151660085868e-01,4.7234558452835390e-02
1.5154882472118078e-01,7.1675291199676430e-02,3.2244255504239855e-01,5.9773305020434257e-02,5.5041755143396924e-02,1.5403307937087590e-01,8.2737799930749603e-02,5.7062636197088408e-02
1.4693385713409290e-01,9.3134711388405594e-02,2.8479534503359133e-01,3.1522602424087706e-02,3.3618457799808897e-02,1.1482208080276486e-01,2.0461237852767336e-01,6.5438364154793885e-02
1.3939598934739067e-01,5.7770248778959650e-02,3.0293007751314815e-01,5.3045527011626049e-02,3.5673828765526029e-02,1.3180615697481818e-01,2.0665757402107338e-01,3.3991677138135459e-02
1.4035422535579573e-01,1.0061467141503706e-01,2.5500482024867743e-01,3.7363005712377308e-02,4.6902688672393257e-02,1.1855136154876168e-01,1.8172946458760908e-01,9.3264246912444795e-02
1.1662268899771955e-01,6.8468111590210212e-02,2.5260776608771324e-01,5.2268038536059519e-02,6.7785649219014935e-02,1.6669399392200854e-01,1.5675364347791187e-01,7.0207465844727326e-02
1.5957242714359873e-01,6.8835591584732153e-02,3.3535095178860380e-01,5.9295738071946075e-02,5.1773776133238185e-02,1.4653835797812301e-01,7.9562372838073894e-02,5.4438119394564742e-02
2.3687770627843346e-01,8.0749572944664741e-02,3.7018482755898691e-01,3.0966281127353851e-02,3.0868062240688381e-02,9.3709268132162016e-02,6.3172521939228787e-02,6.6356526103011695e-02
1.4166040659196122e-01,1.1419881208903672e-01,2.3845242707801392e-01,5.6207773852796100e-02,6.7085774275250032e-02,1.4347250575190332e-01,8.3558920166287465e-02,1.2344330757891696e-01
1.6505931545671843e-01,5.2282411302141875e-02,3.1685631046133195e-01,5.0018859591846772e-02,4.2463390377816247e-02,1.1853514262359847e-01,1.6536800306789631e-01,4.8418967397177104e-02
1.7320648603030694e-01,6.5064770093060886e-02,3.4255215185727500e-01,5.9278100513856131e-02,5.2769214506407501e-02,1.3775521839502322e-01,6.5108206060027290e-02,5.8945108512474566e-02
1.2202892107846845e-01,1.0738587494420505e-01,2.1903453116180477e-01,4.2819270044398762e-02,5.9919893980421128e-02,1.3439289158829429e-01,1.7328127178943542e-01,1.1411739472210265e-01
1.3992458242262146e-01,9.8802039069314604e-02,2.6402843321277680e-01,3.4367721249997325e-02,4.1289424044232192e-02,1.1966250540646498e-01,1.9559667232791253e-01,8.0727620117187593e-02
1.7117020874795735e-01,8.2946282933337334e-02,3.0550604658319830e-01,2.8729062400985276e-02,2.6526585502662074e-02,1.0279349683953481e-01,2.0257636075538640e-01,5.4906330718305300e-02
1.6062289126426979e-01,1.0853032433869064e-01,2.7661324111991809e-01,5.0857718151266877e-02,5.7245819236115360e-02,1.2737719223350377e-01,7.8615829284982425e-02,1.0918030310309354e-01
1.4552895857192577e-01,9.9218815842407229e-02,2.6079639286537487e-01,4.0031730300985897e-02,4.9289903529323213e-02,1.1179931185602872e-01,1.6622210198124185e-01,1.0030022106425651e-01
1.3487125608633674e-01,1.0273449475261436e-01,2.4385671857936084e-01,4.2662249657952213e-02,5.5203278432794239e-02,1.2033244175685748e-01,1.6404842973375139e-01,1.0907271753356859e-01
1.5166911709164879e-01,5.0541217607373491e-02,2.9173723107762511e-01,6.1345192982096446e-02,5.7910993311973628e-02,1.3144588147452904e-01,1.4995816490680214e-01,5.9310889573575699e-02
1.2430575932934139e-01,1.0452568306113158e-01,2.3142223382549285e-01,4.6511070823617127e-02,6.2294457093215808e-02,1.2778991524351910e-01,1.5612017793196484e-01,1.1941956953082372e-01
1.2408455180691325e-01,1.0703988231604636e-01,2.2256345406834974e-01,4.1360984674641527e-02,5.7367164983219018e-02,1.3309157242292372e-01,1.7794166804698586e-01,1.0972439367966183e-01
1.2390280952604796e-01,1.0719526006350927e-01,2.2399363887302892e-01,3.9446638174150797e-02,5.4569645400104463e-02,1.3408049492380322e-01,1.8636715932123549e-01,1.0394499863819721e-01
1.2558833610030634e-01,1.0650230331402927e-01,2.2547932415962105e-01,4.1226862754692672e-02,5.6672442738844413e-02,1.3152956348673106e-01,1.7734219502697324e-01,1.0883219080577890e-01
1.1371144638451039e-01,6.7019309127774346e-02,2.5466409195375156e-01,5.3717781501342807e-02,7.2876305883623441e-02,1.6999084969407280e-01,1.4283965599117845e-01,7.4641524767117884e-02
1.3582985473497572e-01,9.9023007210549421e-02,2.6288726979425053e-01,4.8716135979582381e-02,5.8792126356519391e-02,1.1100362735091573e-01,1.3885412962929558e-01,1.1661774340574327e-01
1.0947633358124190e-01,1.1065325865364337e-01,1.9536418954646173e-01,4.4982146602010831e-02,6.7592575701129920e-02,1.4755728491680237e-01,1.7296629239011296e-01,1.2446932692114777e-01
1.2659534745339596e-01,1.0445397741423663e-01,2.3296274030854733e-01,4.5415812250917231e-02,6.0591730296148325e-02,1.2651524715384896e-01,1.5898406425972220e-01,1.1696516868558325e-01
8.3901934791694416e-02,6.9727319961315939e-02,2.1103488848473176e-01,5.3704161029529067e-02,9.1786222409260085e-02,2.0977342047327427e-01,1.3976868018800184e-01,8.7624634199435558e-02
1.3491025919572253e-01,6.0212805248228890e-02,2.9310697002568120e-01,5.4664399746558547e-02,6.4957671619132865e-02,1.4492055360995820e-01,1.2826917409873378e-01,6.8844378387759572e-02
9.3757561845498411e-02,5.9090211529265663e-02,2.7090264185185520e-01,5.8364021195109340e-02,8.8284506467112792e-02,1.8792278572968155e-01,1.0766778337997593e-01,7.9306390207381131e-02
1.6865738965839852e-01,6.6068696140050634e-02,3.2601884265628045e-01,6.3552805349099475e-02,6.3507728407141903e-02,1.4309500217546844e-01,4.6544825946278762e-02,7.1835041408778152e-02
7.5110520356490240e-02,6.3777586159376315e-02,2.1467898016128203e-01,5.4969269595472166e-02,1.0190245525481099e-01,2.2351370565766784e-01,1.2219781122493352e-01,9.0344515155976024e-02
2.6309995700819927e-01,3.8254750716841132e-02,3.7725627149956714e-01,6.5998659420104827e-02,4.2756636124127848e-02,8.1095763000626639e-02,4.1488429256743786e-02,5.1208749304354234e-02
3.0081531562449404e-01,6.2254808401973137e-02,3.2867960427521847e-01,4.0620689240037394e-02,3.7596871600364352e-02,8.4686711794411118e-02,5.3927738011810632e-02,5.5144592261640576e-02
2.7059048380965056e-01,4.0596893035673279e-02,3.1596144264471498e-01,8.4823454724523836e-02,3.5405961629861524e-02,8.5120853134113647e-02,7.1097443109705546e-02,5.2936003411804690e-02
2.6981840650623912e-01,8.6909848600240674e-02,2.5049025894138649e-01,5.3496620956420667e-02,4.0733027528214907e-02,1.1477244220167533e-01,8.7628322629238919e-02,4.9456430780543986e-02
2.4602328846725410e-01,8.6439652250158622e-02,3.3493046783001185e-01,3.7135644601423469e-02,3.6365542006492370e-02,9.8340466256485945e-02,7.1587216018924801e-02,5.3642655136210436e-02
2.4778172284129849e-01,6.2313362343072276e-02,2.8955728219494836e-01,7.7376829790844551e-02,4.4132548374746845e-02,1.0217128029599426e-01,7.3353038406203261e-02,5.7894963622401152e-02
2.1769847267055939e-01,5.9574632067325731e-02,3.7011061408940737e-01,6.2221687321558368e-02,4.3468470630754111e-02,1.0143342365896833e-01,5.6141478265896522e-02,4.7091358688355615e-02
2.0741835039988663e-01,9.6828166148788183e-02,3.6694236347612896e-01,4.1484410706469049e-02,3.8429774000257343e-02,8.7191675671317734e-02,6.1425774024982699e-02,7.0669622088726430e-02
1.9298755744016183e-01,9.7754204668477382e-02,3.5636935699460726e-01,3.9883634130321040e-02,3.4028060450071763e-02,1.0055187103983133e-01,8.1871707162635157e-02,6.6494986336412487e-02
2.2878071630775246e-01,7.3254286786386555e-02,3.8755285989956256e-01,3.9267371697573168e-02,2.9483638492042379e-02,8.7625443568998651e-02,7.2503939629153608e-02,5.1846400492734070e-02
1.7344423033905368e-01,7.2008062366265724e-02,3.5293506336829977e-01,6.4406867425729875e-02,5.1333787977770162e-02,1.2368982527213759e-01,5.7609836208213083e-02,5.8079816222833973e-02
1.5736646107918620e-01,8.6601330569688453e-02,2.8818686431126211e-01,4.2725001996652877e-02,3.1463118629707854e-02,9.7782789741413537e-02,1.9712528283875627e-01,7.3150091515003277e-02
1.3495459130956863e-01,6.8366333164325527e-02,2.9229604395554648e-01,5.4763902030211031e-02,4.5021644665703291e-02,1.3094867712869618e-01,1.7406627222296295e-01,5.5844426924915209e-02
1.9430800277134644e-01,6.5257183948981834e-02,3.7325654056325908e-01,6.2389286402534050e-02,4.6814995886382271e-02,1.0989975557943307e-01,5.3726582687937938e-02,5.0164573091449199e-02
1.8718789336232050e-01,1.0196188645313783e-01,3.4680560965172963e-01,4.2955838492331998e-02,3.7483195127253163e-02,1.0012457170626955e-01,7.8049703163837914e-02,7.5743088081638960e-02
1.4085811705136891e-01,1.0434624029272541e-01,2.6779961047216178e-01,3.8626886931285145e-02,3.5189105105150199e-02,1.0714734297679704e-01,1.9224180258543896e-01,8.8088694842665377e-02
1.9118487970443970e-01,1.0371428900381668e-01,3.4907942203488457e-01,4.6355612877575204e-02,4.1588438307180446e-02,9.2168155705514565e-02,6.4237065386577433e-02,8.1979174005988947e-02
1.3997355693607219e-01,6.2639976885444731e-02,2.9950150418189631e-01,5.4392234638115461e-02,3.5726103592559455e-02,1.2591287929601991e-01,1.9682604479803067e-01,4.3305315125296763e-02
1.7030560241205661e-01,8.4502160797403247e-02,2.9524852097378040e-01,3.2401136343244562e-02,2.1946498032978573e-02,1.0177499351046330e-01,2.1997137920437673e-01,4.4297014986870831e-02
1.4627199986233202e-01,1.0377383171891884e-01,2.7733601434805644e-01,3.9853461722424578e-02,3.6549747581365047e-02,1.0029025731948418e-01,1.8184911087707814e-01,8.8282007395641723e-02
1.7379739950467865e-01,4.9176514671477246e-02,3.3506948923476948e-01,6.3299024725484362e-02,4.6123132467410004e-02,9.7069065804153351e-02,1.4702793948035281e-01,4.6063284629086106e-02
1.6207423902657347e-01,5.7875430431382387e-02,3.1760823800305416e-01,5.4847676252853292e-02,3.7395225904097745e-02,1.0932571498484077e-01,1.7909640709061919e-01,4.0631585706313519e-02
1.2923897936838463e-01,7.0400090427318263e-02,2.8304319360086921e-01,5.4686639579225788e-02,4.6659399616939476e-02,1.3694692325182706e-01,1.7532962941929767e-01,5.9541083903771198e-02
1.6132331496006080e-01,1.1353150968861196e-01,2.9933534804216849e-01,4.9917841659757295e-02,4.4906434848938553e-02,1.1550025335217759e-01,8.6766923201402016e-02,9.9013928944535270e-02
1.6571660114029907e-01,7.4123698213248310e-02,3.4209830886714787e-01,6.4614793019744432e-02,5.2082961703056083e-02,1.3050204715665092e-01,6.3124238918341763e-02,6.0793817139858805e-02
2.0870078498347069e-01,9.6232808754076790e-02,3.6790120234682894e-01,4.1031238067690060e-02,3.8143640786131680e-02,8.7119028167485638e-02,6.1551677107087005e-02,6.9690011375021066e-02
1.3157740866341897e-01,7.0428291816311453e-02,2.8828543860444378e-01,5.5385680390052601e-02,4.8382551624562384e-02,1.3394308099317417e-01,1.6712341927081784e-01,6.0274243789857102e-02
1.4165129154028416e-01,1.0601836498175378e-01,2.6915117429737712e-01,4.0921631010038796e-02,3.8328746011501186e-02,1.0353019914984102e-01,1.8127666060893990e-01,9.3423239101353861e-02
1.2513234977541635e-01,1.2631917506167364e-01,2.3155773403296251e-01,6.4769239155324204e-02,6.3474923178316572e-02,1.3842942647798145e-01,8.3522802194659143e-02,1.3701211369670913e-01
9.8151252642105558e-02,7.7909906833976708e-02,2.6727677680843248e-01,6.0745162130143339e-02,6.9175868593023340e-02,1.6305856943033836e-01,1.3219863828632508e-01,8.2340342406461139e-02
1.2761503054170165e-01,1.1289028729804892e-01,2.6629430934413861e-01,5.1117096916911534e-02,4.9933408252764371e-02,1.0205717378776558e-01,1.5058969046353265e-01,1.1375986754818886e-01
1.6151192065263856e-01,9.9848787391460261e-02,3.0359361287629705e-01,4.0564836252220411e-02,3.6736781077402442e-02,8.4677555613129438e-02,1.6482937832501815e-01,8.2178022291314184e-02
1.2791285465080590e-01,1.1255005570416579e-01,2.4664408905510019e-01,4.5634982479827342e-02,4.5895970045771485e-02,1.1206965877066662e-01,1.7284984119489766e-01,1.1106630476772758e-01
7.8037414719479586e-02,1.1563177028879712e-01,2.1045464410751941e-01,6.3497978700164340e-02,7.6280413425599922e-02,1.4865023625769574e-01,1.3105724041241437e-01,1.5798666240980463e-01
2.4424724761767438e-01,3.8623359159077282e-02,4.2121070067554733e-01,6.6178301179736596e-02,3.4396248663420538e-02,8.4320384348364238e-02,3.9763925765777509e-02,3.9321308788201545e-02
2.1753540256687168e-01,4.7621907202540295e-02,4.1670173660193344e-01,7.2514926472873317e-02,3.1382239582358307e-02,8.2626856486367126e-02,5.5398933437528657e-02,4.6236168433358753e-02
2.4728114918483210e-01,7.1739277079227809e-02,4.1319232485742646e-01,4.2341367523379074e-02,2.3215626993185166e-02,7.4985195325274215e-02,5.5341683594930906e-02,4.9925352136454208e-02
2.4961674669197048e-01,3.7015274830213669e-02,4.2209644623148251e-01,6.5357386341755488e-02,3.4657734002608187e-02,8.4099989291900032e-02,3.6801550775558620e-02,3.8071439620965743e-02
2.0693826080874719e-01,3.1755757864968676e-02,3.6007891646504064e-01,6.0055861375080094e-02,3.1493306797148811e-02,8.4680042491501697e-02,1.6456579875962488e-01,2.9236632645088158e-02
2.1467464441171999e-01,6.1965481702406532e-02,3.5195772031989281e-01,3.5495387694898205e-02,2.0974431066939872e-02,7.1884718040739495e-02,1.8245182136354698e-01,4.1796323133501130e-02
1.9695643719387954e-01,6.0237488904929214e-02,3.8444720358414503e-01,6.1846718205661136e-02,4.8841310492844334e-02,1.1531503985260676e-01,4.8974580103540867e-02,4.2606425503862899e-02
2.1776914156787658e-01,6.1167245051749503e-02,3.5365738252428519e-01,3.5029946664680199e-02,2.1445897195437838e-02,7.1235327253477893e-02,1.7931183104449064e-01,4.1495358037991349e-02
1.7932846866965821e-01,6.5938378674397599e-02,3.8737916140671913e-01,6.4025872797938824e-02,4.3014824676599846e-02,1.1158669930853381e-01,6.6109859928982967e-02,4.6525983482544699e-02
1.7216338011936666e-01,6.9908072556295400e-02,3.9025666100319567e-01,6.9000160408045089e-02,3.6866991736850818e-02,1.0507645732068664e-01,7.5479921921957474e-02,4.7729648197859423e-02
1.2259290467351475e-01,1.0371949008138658e-01,2.1484167092609091e-01,5.7978674356944544e-02,7.1268943045686095e-02,1.1739960370074563e-01,1.7026984454222549e-01,1.1793679164482593e-01
2.2655221382378113e-01,7.4480885064482805e-02,4.1723535499651193e-01,4.1732604865708373e-02,2.8379358178942122e-02,7.8031675399047387e-02,5.9815675796391250e-02,5.2849466165049437e-02
2.3501783139556451e-01,5.4552426238422165e-02,3.9234578211427235e-01,6.3592485877909180e-02,3.5281117033581617e-02,9.6623036341368845e-02,4.7987663215468671e-02,3.9962321094221792e-02
2.0209269535190225e-01,9.5604092520882228e-02,3.5691857416415357e-01,4.6158632583802102e-02,4.5286339298509885e-02,9.5370353160451338e-02,5.8536233918868107e-02,7.3176351212515214e-02
1.5088215801296001e-01,7.4994776328352261e-02,3.3867353696950303e-01,6.4546432419533853e-02,6.0081151145383586e-02,1.3543486461782328e-01,7.0643073619059152e-02,6.3686587894436847e-02
2.0663913808238504e-01,8.0693239365370886e-02,4.0312466726789076e-01,4.4658328951749211e-02,3.3421033832462470e-02,8.2917936197681424e-02,6.7117115460868682e-02,6.0415265769208033e-02
1.5773441321077017e-01,6.5349607216926897e-02,3.2516684658276379e-01,7.3997368580427172e-02,6.7999251186434920e-02,1.3628191511024496e-01,6.3535324118346573e-02,6.6464933988590130e-02
1.3585699783334915e-01,6.4734622590719673e-02,3.0758294566614325e-01,5.5018311785007788e-02,5.2575142481905875e-02,1.2361564268540083e-01,1.6966553858126940e-01,5.2915752111414069e-02
1.7510847497182877e-01,4.3979458913843458e-02,3.3510411384520961e-01,6.2414483984264149e-02,5.1877994679278033e-02,1.0831613908697736e-01,1.4397986656547282e-01,3.8475815448799328e-02
1.8188507104897239e-01,4.9429991935547403e-02,3.4647724116289702e-01,5.3548963266609517e-02,3.9321850860514394e-02,1.0300097888046408e-01,1.5845759990553146e-01,3.0971071016940827e-02
1.6784233675831764e-01,5.4102214225552718e-02,3.3596152647110911e-01,5.3822831856363794e-02,4.6639999126879696e-02,1.1167442449213530e-01,1.5284528420187082e-01,3.7663666229128465e-02
1.3236775560782560e-01,1.1978123353290920e-01,2.3229989054689301e-01,5.8503219895062339e-02,7.5782460857450676e-02,1.3677689801850978e-01,8.7833973868326115e-02,1.2972753429568634e-01
1.3591423426690660e-01,6.5005946366253023e-02,2.9816104803692828e-01,5.4937014320166677e-02,5.9765483759174481e-02,1.3128578595166501e-01,1.5685256033875361e-01,5.6755690501168098e-02
1.0919073512111296e-01,7.1375963493414546e-02,2.5225648706530240e-01,5.5824592956003109e-02,7.9751557912943014e-02,1.6089459728416228e-01,1.4797431529987848e-01,7.7141249138863485e-02
1.2153878970098125e-01,1.0952727668166494e-01,2.3032780512789633e-01,4.5622546945181607e-02,6.5840290452843314e-02,1.1800746502609764e-01,1.6943233062294766e-01,1.1732448977533239e-01
1.4846206690913705e-01,7.5683714665990373e-02,3.4069697344348243e-01,6.4583905770971797e-02,5.8913263548451389e-02,1.3440378322982174e-01,7.3217356243063830e-02,6.3800634086353211e-02
1.2557115763739363e-01,6.8542250176013494e-02,2.8284556569587904e-01,5.5130725159463892e-02,6.4496907048409519e-02,1.3872319459585314e-01,1.5894712318233264e-01,6.4037269159697555e-02
1.3399459904565081e-01,1.0533664715060813e-01,2.6028884218023224e-01,4.1847147168535624e-02,5.4379099062120108e-02,1.0605166602673541e-01,1.7621847006096045e-01,1.0032545022774930e-01
1.3534056969544445e-01,1.0453433294165443e-01,2.6631069872634383e-01,4.0917834291196963e-02,5.1843072342593541e-02,1.0407476985576752e-01,1.7907489123881737e-01,9.6731218151333342e-02
1.0299911087058218e-01,1.0973741235861759e-01,1.9923014856581342e-01,5.1586267784688423e-02,8.3051297165304239e-02,1.3805208480386166e-01,1.5587892098234660e-01,1.3655873805868451e-01
1.9123747430199081e-01,3.7617003897597368e-02,3.5362612852084357e-01,6.0208889944265147e-02,4.3177102575774971e-02,9.7090092877983120e-02,1.4831509831195841e-01,3.1456954115079351e-02
1.3378296032829590e-01,6.4331964555806018e-02,2.9145955426143721e-01,5.5712097826209624e-02,6.7348624794423370e-02,1.4032580349086501e-01,1.4282917774107129e-01,5.9160954848087269e-02
8.0220618281948805e-02,6.4120899046538934e-02,2.2373195005648605e-01,5.6848694156771976e-02,1.0812178877522198e-01,2.0566729665872086e-01,1.2214544418369677e-01,8.8893018788126207e-02
2.8409775460120656e-01,3.3148799044745499e-02,3.8474130804171719e-01,7.2900663184519002e-02,3.8758258414823152e-02,7.3958243198999268e-02,3.6854266668799901e-02,4.5092291691378329e-02
3.2160431725976329e-01,3.1240030406359545e-02,3.2729559579281087e-01,8.4131992201234865e-02,4.0236265658563718e-02,7.0860565990565907e-02,3.5054109910672183e-02,5.8577730498859545e-02
2.9900615365479688e-01,3.4906882171969154e-02,3.5070456575425341e-01,8.1797728654181431e-02,3.9127711666594227e-02,7.1232187508734043e-02,3.8468676032815056e-02,5.4613038715320840e-02
1.7462343538533306e-01,1.0511969936084822e-01,3.7643068713544003e-01,4.5744612803791780e-02,4.0076565203128467e-02,8.9929888720657894e-02,8.3592813952642453e-02,6.5830566888586642e-02
2.9437715023801869e-01,3.1415580131676071e-02,3.7672106159627750e-01,7.3239339725944153e-02,3.8966410850116172e-02,7.3312764401420136e-02,3.4615736979818963e-02,4.6607618820139578e-02
2.7098716932359163e-01,6.2276413164877101e-02,4.1461322118977423e-01,3.8538385938496809e-02,3.2538772147644390e-02,7.0670826821624413e-02,4.5480230977060138e-02,4.2858422465332204e-02
2.3662147952338669e-01,5.6203524780709044e-02,3.3596625397593854e-01,3.6721044220519347e-02,2.6376172405749795e-02,6.8989384117193783e-02,1.8342811147335872e-01,3.6479924168893181e-02
1.6556475592020298e-01,1.0938595352856939e-01,3.6477000961167022e-01,4.6811446838505952e-02,4.3622156719761669e-02,9.2076889392413971e-02,8.5555671092462315e-02,7.3931698700097290e-02
1.6471456622782332e-01,7.4635956091594624e-02,3.8272591723561872e-01,7.0805122022607803e-02,4.7059767041386764e-02,1.0432236228684846e-01,7.5006783098501298e-02,4.9898072517625930e-02
1.7526881963146856e-01,8.1457449185108236e-02,3.3473644031070571e-01,4.3056452117403943e-02,3.8362319792594184e-02,7.1202073183969469e-02,1.7738435171348527e-01,6.1345759363166601e-02
1.9779470253531833e-01,5.3131895496114745e-02,3.9437964975172646e-01,6.9274241835388828e-02,5.4133888812279971e-02,1.0133215947047365e-01,4.9015108586584248e-02,4.3061127095916002e-02
2.4495615410421753e-01,7.3669189816375172e-02,3.9898600319543159e-01,4.8777149854020173e-02,3.1680859155172575e-02,7.3185261067231500e-02,5.9139017865324779e-02,4.9463793801755182e-02
2.2782646561483677e-01,4.1582914482307734e-02,4.1679516791245286e-01,6.5333827873546108e-02,4.7833360021175837e-02,9.1482482729435058e-02,3.8951691082581084e-02,3.2379056702241754e-02
1.8768620438393027e-01,5.6504279343329286e-02,4.0752215895466826e-01,7.4933375662551524e-02,4.4653791214699624e-02,8.9181980771871519e-02,6.3740195420840598e-02,4.7577913449251018e-02
1.7034624749277716e-01,1.0679081627227055e-01,3.7365568721021186e-01,4.6295388266733635e-02,4.0845335018492253e-02,9.0626617361459924e-02,8.5126541488096480e-02,6.8020951135105659e-02
2.3347386792486183e-01,8.6303826143323159e-02,3.8429095195697199e-01,3.9683138174710600e-02,3.4625713076796488e-02,8.6265858023958281e-02,6.4590063645336745e-02,4.7100998798139379e-02
2.5705524153669851e-01,5.2072335305038943e-02,3.6154291526698218e-01,6.9147522527964564e-02,4.1631404386087097e-02,9.1983727245180294e-02,4.9932100345821843e-02,4.1921966451525045e-02
1.7661482016876834e-01,1.0423637028754432e-01,3.7871867175609469e-01,4.5698882529212455e-02,3.9162981810108057e-02,8.9582727731056105e-02,8.3401986262621311e-02,6.3850391297683176e-02
1.3903997335567569e-01,1.0051837663150652e-01,2.8806581553208388e-01,5.0255788942494356e-02,5.1286955474005656e-02,8.3561091231407605e-02,1.8171313547191695e-01,8.9572885097874505e-02
1.4044070824072047e-01,8.4395418023149427e-02,3.3735920621929805e-01,6.7392223701580142e-02,6.4830118196449113e-02,1.2822142850016713e-01,7.2074136942293296e-02,6.8074653683631234e-02
2.1809539971716607e-01,5.5264905597224918e-02,4.0171517514810451e-01,6.1141203413926780e-02,4.4805844073910313e-02,9.8552785580989871e-02,4.9785715661465446e-02,3.3620826136596532e-02
1.2948191162617828e-01,7.1232052687275629e-02,3.1868659109014957e-01,5.8998140253076120e-02,5.0345902374871784e-02,1.0865358649334500e-01,1.8051956596570559e-01,5.0634025653854962e-02
1.8293438145171761e-01,6.7596992607119918e-02,3.8821670486146298e-01,6.5628238322840843e-02,4.8263428620162821e-02,1.0477371191617182e-01,6.3820729896862494e-02,4.4447674712892744e-02
1.5770591575914386e-01,7.6875065944653237e-02,3.7101690841077067e-01,6.7469660468965728e-02,5.3698805335368201e-02,1.1295933812296305e-01,7.1869190286096687e-02,5.4662819699606700e-02
1.3122994058212392e-01,8.8071269382297493e-02,3.1519456594072703e-01,6.7858793144695048e-02,7.1906322357243022e-02,1.3849133755491119e-01,7.1497498724641992e-02,7.6135766930194151e-02
1.3468552356897467e-01,6.9465364761059190e-02,3.2124997272659078e-01,5.7646539669385391e-02,5.1173552769607708e-02,1.0891918291759251e-01,1.7461530563317346e-01,4.9268261610432997e-02
1.9799247024257605e-01,6.1006661228980935e-02,3.9239223483242730e-01,6.0782097682635351e-02,5.2595761799844667e-02,1.0853477803873668e-01,4.6972800587759454e-02,3.7962470712175095e-02
1.3372360122122723e-01,8.7208302848073085e-02,3.2284501191194492e-01,6.7771234380399031e-02,6.9254040757974991e-02,1.3463183431200537e-01,7.2457430708524950e-02,7.3666058918457247e-02
1.3267575063435871e-01,1.1136650520431261e-01,2.8076043634233716e-01,4.2879863385228409e-02,5.3981271041217561e-02,9.1186637473222060e-02,1.7139142967203883e-01,9.7232175314708846e-02
1.9899739402640171e-01,6.0841498372531257e-02,3.9388318642413922e-01,6.0934444247049795e-02,5.1245498490048426e-02,1.0694290739263816e-01,4.8819746231760081e-02,3.7865086462433709e-02
1.8264411281482701e-01,6.6726874234777536e-02,3.7721110759315080e-01,6.2396169425284087e-02,5.7559243089406513e-02,1.1570772288399354e-01,4.9902594106379657e-02,4.5041207638926467e-02
1.6072566581584030e-01,7.5690498417261942e-02,3.7854255111775892e-01,6.8961327616045509e-02,5.0030292334401240e-02,1.0828027714664842e-01,7.3862938231986350e-02,5.1903307560055963e-02
1.7261705364037308e-01,6.8908604250011385e-02,3.6354612712444001e-01,6.3700835554126589e-02,6.4512551879887595e-02,1.2559233847134124e-01,4.4963112946828365e-02,4.8482617334514644e-02
1.3698132545996253e-01,1.0850312745148467e-01,2.9264126992240580e-01,4.1038886007180593e-02,4.8032063125059463e-02,8.7509507533978334e-02,1.8080433937819118e-01,8.7493364855159059e-02
1.4025521668080132e-01,6.5939070160279209e-02,3.2739457531727195e-01,6.1228539626490504e-02,4.3446355340423182e-02,1.0113592208152811e-01,1.8853661273538538e-01,4.2403149966113732e-02
1.5209695304674037e-01,9.4716023029568608e-02,3.0214410958478061e-01,4.8564901274526853e-02,4.8539145059373678e-02,7.9379259353987569e-02,1.7539597716961117e-01,8.1497053260216348e-02
1.3198709083685822e-01,1.2118757473623389e-01,2.4977450977782872e-01,7.0230090162731740e-02,7.6770985666533023e-02,1.1632001690047372e-01,8.4761492490405627e-02,1.2473501027099922e-01
1.2606480521283264e-01,7.3863473531303028e-02,3.0734458424613931e-01,5.6490176578188819e-02,5.9362188468745622e-02,1.1858320081602360e-01,1.6423610661286039e-01,5.8006026603397452e-02
1.1691898185816299e-01,7.7769583833174047e-02,2.9439643001142007e-01,5.6677520801640374e-02,6.4461222548324676e-02,1.2557053341760041e-01,1.6212778644846454e-01,6.5259807165879230e-02
1.4104185551096043e-01,8.4107039160491545e-02,3.3315508784518610e-01,6.7070623685870329e-02,6.6766443506267495e-02,1.3075994420742462e-01,6.9597355827634322e-02,6.8775793153148940e-02
1.7411180049954750e-01,9.2109731284924043e-02,3.3117885132696306e-01,3.6282669084939802e-02,3.9998769493777613e-02,7.6126432297330626e-02,1.6462127154372241e-01,6.3893493655749173e-02
1.1148294740276124e-01,7.8920372993362825e-02,2.8616675649505247e-01,5.6199052837231950e-02,7.0599659125859526e-02,1.3398051014712065e-01,1.5325965741476549e-01,6.9818803618874270e-02
1.5556539658874036e-01,6.0619872003639497e-02,3.4072071262805176e-01,5.3040471644444330e-02,5.5038242433798304e-02,1.1030396561991394e-01,1.4314653853201728e-01,3.9615092250226427e-02
1.5477127669351173e-01,1.1664153492047326e-01,3.3099963471442262e-01,4.9755378715276501e-02,5.2826838390357088e-02,9.8296294940938583e-02,8.5104674934895944e-02,9.2109113297899572e-02
1.2589644269200231e-01,7.3937636663924791e-02,3.0708161189358446e-01,5.6481961541694992e-02,5.9499531567879169e-02,1.1875782465609176e-01,1.6409112865052849e-01,5.8158600435979438e-02
2.1306415900423253e-01,5.6144353703139381e-02,4.0235340997349822e-01,6.0158492265828388e-02,4.7057193456202330e-02,1.0127697341831338e-01,4.7586769680086766e-02,3.3466379659191553e-02
1.3925359421437095e-01,8.1668534679928489e-02,3.1824692485499895e-01,6.7133279301974103e-02,7.5976993351975011e-02,1.4429247803643727e-01,5.7277045844479395e-02,6.9520600135260430e-02
1.7744352504046645e-01,6.8154265547257967e-02,3.6975281772287177e-01,6.2971293999909930e-02,6.1054755753373477e-02,1.2055101854914527e-01,4.7789347018185248e-02,4.7190845586732519e-02
1.1163333563714513e-01,9.4050237502534176e-02,2.7445958345187815e-01,6.9336047327997849e-02,8.4917136382420363e-02,1.5908629503637434e-01,7.2463334675660740e-02,9.1060899504173870e-02
1.1801062882158325e-01,7.7236085810815064e-02,3.0075889829870039e-01,5.7877960709637334e-02,5.9021963507245943e-02,1.1906649591971831e-01,1.7259244063290829e-01,6.1728858654205604e-02
1.1760217840070060e-01,7.7446343726234337e-02,2.9995790629174685e-01,5.7833987184798236e-02,5.9409482746153826e-02,1.1954812156224474e-01,1.7219182320149354e-01,6.2183150849621199e-02
1.3483826705279470e-01,1.0959653906612200e-01,2.8952792746417350e-01,4.1386705416012977e-02,4.8926536287893861e-02,8.8383726842543683e-02,1.8093100818471375e-01,8.9552362898566246e-02
1.3135141794779473e-01,7.1517992290894380e-02,3.1273849327662467e-01,5.5739762188623976e-02,5.9093024278489746e-02,1.1769003903534106e-01,1.5943514297853961e-01,5.5027625182444535e-02
7.4782949955605471e-02,9.4681040640593753e-02,2.1787059585394214e-01,7.1656439945287045e-02,1.0974728327441356e-01,2.0314338046509339e-01,7.0568180143099984e-02,1.0901795631559454e-01
1.1576044214541197e-01,9.1843254176086783e-02,2.8099432128715962e-01,6.9035015492198953e-02,8.3963214051964427e-02,1.5751613204329845e-01,6.9387794684002871e-02,8.7509487500940647e-02
1.3923064688302661e-01,8.0626061452842832e-02,3.1873489932500659e-01,6.7260186419267884e-02,7.6978436240025233e-02,1.4596233571991374e-01,5.4866447375817716e-02,6.8354829935940345e-02
1.3745272250146925e-01,8.5626772314164948e-02,3.2825117903137258e-01,6.7420663997123056e-02,6.7937095180582691e-02,1.3258635264574958e-01,7.1029665484790547e-02,7.1130571658855599e-02
1.2738561028329065e-01,7.3014008433868641e-02,3.1198546018292445e-01,5.7369938879239607e-02,5.5511862660057830e-02,1.1419617388702036e-01,1.7143504648303703e-01,5.5172402627268524e-02
1.4686337933507215e-01,8.0566436789344095e-02,3.3129818488548829e-01,6.6236969162847548e-02,7.0248749754933976e-02,1.3525304233672195e-01,6.0024629535586724e-02,6.5931707103903364e-02
1.2703814603896138e-01,1.1392717099752676e-01,2.7195492895551449e-01,4.3884509771482012e-02,5.6777362298341891e-02,9.4166228960117643e-02,1.7102422601779155e-01,1.0292657209958905e-01
1.3293031648317843e-01,1.0956160842108961e-01,2.9189390184113756e-01,4.1173413382367234e-02,4.6959594636149647e-02,8.8051196913211116e-02,1.8669961670474750e-01,8.6927937520440798e-02
1.1681488232945141e-01,7.4845126268611353e-02,2.9721555754308021e-01,5.5459071409630648e-02,7.1188272873715860e-02,1.3441215576535362e-01,1.4312992317746440e-01,6.4326511319600682e-02
1.5567311921521951e-01,1.0040915131396172e-01,3.1212122202022236e-01,3.8941328678610485e-02,4.4621326289398452e-02,8.1659639255739491e-02,1.7038618831048483e-01,7.6382866140553729e-02
1.3531505186871140e-01,1.2569822341293196e-01,2.7358675148883477e-01,5.7051901798661139e-02,6.8915417076642116e-02,1.1399693902543770e-01,8.3285880155292452e-02,1.1939315724531503e-01
9.3530594571377579e-02,6.2418176522720747e-02,3.3183827469539462e-01,5.6265099799705787e-02,8.6941394963501853e-02,1.6097447349246707e-01,1.0256139837101572e-01,5.2586439319868172e-02
1.1928079700858434e-01,7.6837759431591740e-02,2.9983815822559101e-01,5.7192751327986548e-02,6.0783369166201411e-02,1.2094493984821802e-01,1.6779689945759171e-01,6.2234811711330988e-02
9.8018509307877560e-02,8.0795878063412513e-02,2.7216510426525509e-01,5.6116602120423117e-02,8.0313832501664559e-02,1.4895862796191547e-01,1.4354382815015113e-01,7.7636688963179032e-02
1.4652305866319326e-01,9.7437647307957023e-02,2.9495750281729100e-01,4.9521659662180827e-02,5.0267463388052436e-02,8.1441241866988243e-02,1.7700684343750187e-01,8.5595382057013156e-02
1.4500321019693277e-01,1.0560266808214204e-01,2.9809703652571362e-01,4.0926234876884217e-02,4.9121020709211739e-02,8.5778057240815261e-02,1.6980947020955012e-01,8.6225711662128529e-02
1.0370294485031786e-01,8.2268471160127768e-02,2.7451384902560205e-01,5.6642337327314517e-02,7.3579971522308774e-02,1.3866883522253634e-01,1.5582664666312102e-01,7.5942899894581084e-02
1.3095790358458556e-01,1.1042272256130302e-01,2.8026807727168396e-01,4.5235872937435709e-02,5.9232372490135493e-02,9.4081003274411226e-02,1.5656030521679004e-01,1.0173320316162544e-01
1.8904961227106326e-01,1.0227412530898088e-01,3.6297888935789180e-01,4.5116290608542033e-02,4.6802640999132221e-02,8.8861980111884023e-02,6.8012369131235387e-02,7.3194135797120682e-02
8.6218561619953588e-02,8.5121663603201114e-02,2.5298644584925362e-01,5.6410431559836959e-02,8.5907802572272332e-02,1.5805611266643968e-01,1.4642727457004767e-01,8.7443984022526178e-02
1.1714604476826179e-01,1.1862541584013411e-01,2.5776170284389405e-01,4.4767817279938962e-02,5.9319961809408413e-02,9.8306487468138345e-02,1.7699176783741907e-01,1.1050749965120348e-01
1.8803490348610924e-01,1.0303479174262151e-01,3.5769654223472286e-01,4.6231971960547159e-02,4.8714623463372339e-02,8.9607924468955699e-02,6.5968823094707030e-02,7.5914075883360174e-02
1.4794431520628987e-01,1.2083716626235289e-01,3.0386426818903756e-01,5.2949032874658686e-02,6.0368633840934792e-02,1.0460025014244834e-01,8.2974575737118972e-02,1.0504130458731106e-01
1.5091064180710001e-01,1.0286900213142527e-01,3.0504004977312504e-01,4.1251326789515576e-02,4.9897143858944039e-02,8.4146254625730207e-02,1.5983102706526878e-01,8.4298389958769079e-02
1.1555813900646815e-01,9.2231778576358892e-02,2.8091581662419141e-01,6.9043293150690840e-02,8.3646816459241297e-02,1.5698592944503809e-01,7.0173211024135040e-02,8.7864591907605774e-02
1.0105777284171968e-01,1.2343081743464351e-01,2.3063368433277576e-01,4.8407659388575219e-02,7.1437956871901950e-02,1.1122879717646604e-01,1.6692746350389406e-01,1.2955092837499932e-01
1.1493058334992730e-01,9.3334233566299357e-02,2.8116232500881022e-01,6.9091561993653294e-02,8.2598643824239940e-02,1.5527373880060011e-01,7.2528013851802992e-02,8.8748143081932462e-02
1.3728599934267183e-01,6.8862665369464518e-02,3.1937573919620821e-01,5.5043195687620533e-02,5.8226886499271421e-02,1.1603479982958648e-01,1.5523245176097095e-01,5.1358486109703519e-02
1.4693879867184589e-01,1.1805388287233277e-01,2.9162918394080506e-01,5.7951920463472112e-02,6.7705843759930634e-02,1.1020595806388982e-01,7.0823596528063762e-02,1.0958157085319029e-01
1.2935601656246651e-01,7.1555017115169123e-02,3.1738111417922421e-01,5.8457663523730143e-02,5.1607442299409723e-02,1.0992840097970114e-01,1.7798011657634877e-01,5.1623989140509363e-02
1.0858941544712476e-01,7.4033363614422504e-02,2.9612828419746506e-01,5.5519617620751208e-02,7.7280603594463149e-02,1.4403493204278325e-01,1.3294801519243804e-01,6.5831192039031913e-02
1.3099832961683272e-01,1.0727121740126236e-01,2.9041566520584189e-01,4.6957308310775631e-02,6.1110534355675337e-02,9.4436912263017800e-02,1.4516227535692630e-01,9.9691061154351918e-02
1.3639535318567086e-01,1.2267916693775242e-01,2.7370856873983862e-01,5.9213620198542649e-02,7.1451237094456319e-02,1.1587247390979033e-01,7.6397374399818113e-02,1.1862417566830304e-01
1.3847202420272212e-01,1.0842779113624525e-01,2.8829045166595213e-01,4.3010739518501991e-02,5.4201365218513535e-02,8.9547807059494069e-02,1.6304476256203232e-01,9.4486059729407434e-02
8.7386535871814636e-02,1.2429755282042790e-01,2.1586918501905869e-01,5.1179394118390058e-02,8.0966081349858027e-02,1.2279125137262537e-01,1.5866470956651041e-01,1.4161203098375041e-01
1.0500696351215520e-01,1.3330260512505629e-01,2.1730741699557191e-01,6.4273153730307953e-02,8.5766931387753514e-02,1.3678325663963270e-01,8.8494833437225556e-02,1.4620630569233889e-01
1.0778980922824424e-01,1.1952357639263660e-01,2.4470604730763348e-01,4.8201170292709580e-02,6.9325624065957075e-02,1.0758397700544908e-01,1.6112558590729384e-01,1.2275413036555755e-01
2.1582348949154609e-01,5.6751171742251152e-02,3.9842309498711315e-01,6.2741490451695942e-02,4.4121216775762674e-02,9.7944845869690281e-02,5.2989947235715845e-02,3.5497788809184402e-02
1.9589736815073266e-01,7.0624896428151021e-02,3.5047153399554293e-01,3.9218689479213420e-02,3.1636768916429206e-02,6.7700432178208411e-02,1.7969017874135454e-01,4.7594329493940511e-02
1.5493832883710296e-01,1.0115127260079805e-01,3.0986900570121989e-01,4.0181068485173457e-02,4.7642107232755880e-02,8.2380283086759543e-02,1.6209524400663083e-01,8.0304116829356439e-02
1.6654883053918754e-01,7.1226614293710008e-02,3.5600307696150180e-01,6.4374590295781353e-02,6.6451061785500448e-02,1.2871749858100870e-01,4.7097435575499981e-02,5.2041010624886253e-02
1.4444066825522262e-01,1.0591791671323296e-01,2.9641996881172239e-01,4.1688216530982272e-02,5.1041843019215001e-02,8.6556812884523271e-02,1.6492089671626717e-01,8.8611030160135509e-02
1.5778716004270987e-01,9.9837540164655014e-02,3.1348883314512782e-01,4.0062314433507246e-02,4.7343330404825662e-02,8.1381130115228406e-02,1.5929214789734869e-01,7.8661482610346181e-02
1.2921975411072073e-01,1.2554989324014290e-01,2.6119700944080160e-01,6.0235896112609037e-02,7.4310941219391899e-02,1.2008203560252736e-01,7.9686934444287316e-02,1.2484897576738017e-01
2.3213279386596222e-01,5.9655745203412061e-02,3.9912622069091391e-01,6.2327717184936460e-02,4.2631198815930679e-02,8.9759890042074561e-02,4.2596657818331052e-02,3.6183257103392319e-02
2.9688001847172296e-01,4.3748653462162272e-02,3.7604633957900374e-01,7.4076036516075833e-02,3.6714042879912159e-02,6.2434990092672275e-02,2.8635904740228240e-02,5.1091251789062354e-02
2.7471937891072246e-01,4.2291105413031653e-02,4.0678436812882562e-01,6.8347251387070457e-02,3.7112129873898343e-02,6.7409747213359628e-02,3.0190746019541088e-02,4.2415259635546099e-02
2.7490142176894117e-01,4.4600985909169721e-02,3.9561915676982190e-01,7.2551597465150400e-02,3.4940628812099903e-02,6.5647802141764314e-02,3.3982273788827698e-02,4.6981721605629745e-02
2.2532357005686490e-01,4.7152525777327557e-02,4.1918650779864053e-01,6.8965788279280030e-02,3.8700192622823100e-02,8.1654854334118912e-02,4.4715790020109468e-02,4.0587897768337149e-02
2.8992016421345473e-01,4.2608623167837568e-02,3.9009824523145564e-01,7.0734487634194196e-02,3.7187099363227713e-02,6.4179402038354885e-02,2.7892538092017079e-02,4.7063066730238932e-02
2.4717209367068896e-01,6.3623558242054262e-02,3.7042189693442623e-01,6.9055468623354752e-02,3.9435097286681264e-02,8.4788215793341185e-02,4.6808823378407041e-02,4.4151023688066400e-02
1.6723474011745823e-01,7.1587610943274621e-02,3.1947773885826580e-01,7.2025730556561293e-02,7.6758075151337243e-02,1.4030653781446409e-01,3.8205099338221395e-02,6.3491088125570805e-02
2.0668808992694010e-01,6.2945998627065555e-02,3.9038574350440108e-01,6.3016806170608550e-02,5.0010463635350992e-02,1.0231272270097798e-01,4.4001492027450725e-02,4.1011782702878377e-02
1.6280837041461130e-01,7.2274110520196985e-02,3.7026089888881758e-01,6.9335586990465381e-02,4.3579844265851445e-02,1.1297069793939188e-01,7.3326145099905024e-02,5.6359201122850484e-02
2.3559045768007011e-01,3.3073169946473309e-02,3.4254635539909140e-01,6.2550872256211962e-02,3.2354530264067399e-02,6.8693858505686087e-02,1.6569646221525786e-01,3.0142090891163337e-02
2.5586944462457950e-01,7.4027984620321272e-02,4.1337868500767977e-01,4.2399461522183705e-02,2.5440003581677806e-02,6.7555897790189570e-02,5.0159468118705995e-02,4.7094267611448644e-02
2.2318771338524873e-01,4.7701947949946678e-02,4.1234145623528518e-01,6.7988854901145368e-02,4.5636401195466074e-02,8.7828682581380657e-02,3.9627622696124798e-02,3.9542054826762804e-02
1.9006550843625988e-01,5.9571758407164548e-02,3.4643503656086411e-01,7.7043065817684497e-02,6.8439576887737025e-02,1.1858756986398579e-01,3.8390208187788308e-02,5.4880373451371235e-02
1.7984955109378642e-01,5.5010337574568240e-02,3.4131269582803259e-01,5.6231180973811495e-02,4.2049388708141629e-02,9.5128525460648178e-02,1.6015710675896269e-01,3.3769077414603152e-02
1.6668297175127381e-01,5.9040952570903499e-02,3.2850507780036609e-01,5.7122114822542633e-02,4.9261493138514890e-02,1.0479703160442705e-01,1.5244519613439475e-01,4.2654480712501983e-02
1.5913514622705527e-01,7.3124915731282700e-02,3.6655536020413665e-01,6.9708244652694845e-02,4.4065413771625928e-02,1.1482922640038407e-01,7.5036641212008398e-02,5.8210026690735620e-02
2.1997293101346493e-01,6.0564342035289001e-02,4.0008644778937741e-01,6.2054611138059421e-02,4.5166035744573181e-02,9.4667297778212006e-02,4.3463000318848546e-02,3.6892206956202579e-02
1.4945234878523236e-01,9.9761605482551044e-02,2.8730809571398119e-01,4.3178117177585129e-02,3.9308404976402922e-02,8.9719472055909869e-02,1.8295604738058721e-01,8.5823784160752231e-02
2.0210971982033585e-01,3.9492133650739371e-02,3.5858906512058469e-01,6.0815576704660305e-02,4.4394665766326051e-02,8.3429287069518521e-02,1.4607235325182996e-01,2.9602235554378898e-02
2.0505814652620100e-01,9.5883889818513174e-02,3.8761516087460268e-01,4.1762940210149015e-02,3.2813605019895498e-02,8.4944602280011244e-02,6.8848263755126329e-02,5.8233110497522229e-02
2.2036701584655974e-01,4.8271633499763732e-02,4.1132922037143033e-01,6.8407708154092542e-02,4.5206287741341916e-02,8.8438800478012350e-02,4.1408840719744856e-02,4.0442471616261112e-02
1.8129136016033767e-01,6.9494745208341605e-02,3.5353061972525474e-01,6.7082408594702492e-02,6.0106486818343109e-02,1.2031616829760630e-01,4.8487316837090073e-02,5.5465912347733876e-02
2.1295868722330077e-01,6.2746015752529902e-02,3.9680909285768345e-01,6.4450605664702926e-02,4.1464387324817630e-02,9.4317423367118292e-02,5.1184277780361574e-02,3.9757613444340041e-02
1.5249161094354430e-01,8.9184316663585297e-02,2.9010997001861361e-01,5.1049692879898564e-02,3.9219317245874012e-02,8.4769345906010596e-02,1.8535245311656520e-01,8.5902669158290618e-02
1.9906451455880175e-01,6.4719601280476685e-02,3.8277287631845491e-01,6.4035456461385407e-02,5.1711909735763291e-02,1.0637241140218501e-01,4.6296069119256392e-02,4.4455046939133401e-02
1.4205559368390658e-01,6.5509231442476834e-02,3.0105377990409266e-01,5.9790290433982325e-02,5.2145188085045618e-02,1.1790618812974531e-01,1.6292139486708498e-01,5.8002639463746786e-02
1.4912256270945112e-01,6.1293872382450397e-02,3.2569010886891053e-01,6.4391891627418790e-02,3.0730407291552648e-02,9.7660686602657545e-02,1.9565903147118038e-01,4.0919241027057920e-02
1.5633420406516599e-01,9.1887759071844863e-02,3.2114649402830853e-01,3.9644174720296431e-02,2.3011965468066282e-02,8.4298336079989766e-02,2.0489965779094618e-01,5.6348976474615085e-02
1.8043392827174193e-01,6.8491357666596281e-02,3.8317987194970854e-01,6.7370155157541411e-02,4.2737512708560341e-02,1.0581522099433863e-01,6.4656265463477913e-02,4.9113251951374913e-02
2.1792351059051410e-01,6.0618820813480412e-02,3.9882201085434998e-01,6.1712792585994658e-02,4.7742876374161844e-02,9.6926294832670776e-02,4.1064224056528036e-02,3.6965214196917055e-02
1.1849784919349948e-01,7.0108523730026226e-02,2.5163660769179852e-01,6.2623082585453516e-02,7.6248288189796856e-02,1.5153534210441874e-01,1.4056259809163343e-01,8.1308918145154896e-02
2.4016630616126219e-01,6.3460104161030942e-02,3.7732957234957004e-01,6.8299803269765202e-02,3.8981313866607033e-02,8.5930160458427565e-02,4.8276182230446114e-02,4.2896048196587946e-02
1.5897399109404781e-01,7.3345740899364076e-02,3.6222311186367490e-01,6.9476434773225654e-02,4.5939560912701009e-02,1.1674738957896152e-01,7.3914255318597619e-02,5.9522273040409884e-02
2.4114249349342221e-01,6.2979214637475467e-02,3.7866854354397372e-01,6.7684406227593932e-02,3.9313947831496894e-02,8.5913460516043899e-02,4.7347406987722829e-02,4.2327506639620920e-02
1.7227008598864182e-01,5.0715816731777365e-02,3.2005686039355874e-01,6.7243535137525942e-02,6.1746959780826116e-02,1.0678413451568371e-01,1.3257947985192897e-01,4.5177525069640977e-02
1.7501372123127193e-01,8.6213845341234663e-02,2.9979142230476502e-01,5.1001219661760827e-02,4.5898177399119375e-02,7.7654551912945458e-02,1.6188282824369926e-01,7.9426658644665860e-02
2.3672964993816320e-01,8.9519695946002661e-02,3.9782094366792053e-01,3.6860110234151852e-02,3.6384251232813178e-02,7.7976679508584987e-02,5.0957340148980831e-02,4.9339115577958670e-02
1.9575186969459846e-01,6.5401689038809732e-02,3.9083792367241815e-01,6.5461464357266894e-02,4.3140661906036132e-02,1.0094284614322961e-01,5.6769266972552579e-02,4.4031442060579740e-02
1.7222051063249069e-01,7.0852747988052744e-02,3.6202151891419565e-01,6.7510857783243894e-02,5.1023726196934412e-02,1.1633542043555074e-01,6.2496840839153751e-02,5.6470004050893682e-02
1.3438331836174502e-01,6.7128801380053699e-02,2.9594317379517343e-01,6.0678671260950667e-02,5.0087409012363616e-02,1.1958519562702584e-01,1.7108457346866826e-01,6.1118660796516573e-02
1.8550706012131743e-01,6.1041332054716908e-02,3.3510286825305846e-01,7.9186777843369138e-02,7.3326112988712125e-02,1.2438702143701455e-01,3.6111267762062624e-02,5.6557208768421179e-02
1.7824592490295554e-01,6.9328262843264529e-02,3.6955902543563757e-01,6.6757137191407759e-02,4.9760655890964817e-02,1.1282086487718580e-01,5.9999724490830512e-02,5.3039483657606211e-02
1.8364454139979705e-01,6.8361107061637907e-02,3.6840635851204495e-01,6.6084089813220503e-02,5.2812383393652733e-02,1.1329340148624960e-01,5.4140818511642860e-02,5.1838200759487259e-02
1.3429868691263669e-01,1.0668645666798940e-01,2.4795683220329887e-01,4.8170063931007492e-02,4.9948331475552880e-02,1.0148341286452520e-01,1.7870720354873568e-01,1.0946331094224890e-01
1.2932006368109528e-01,6.9413879805033954e-02,2.7660628878957594e-01,6.1039292495332256e-02,5.9552637110947021e-02,1.3062310942797831e-01,1.6042924311394427e-01,7.0237135689240879e-02
2.1211115200304292e-01,6.2763687537683036e-02,3.9685562923553558e-01,6.4331206138419847e-02,4.1789812476530790e-02,9.4793857612336899e-02,5.1101154356131766e-02,3.9804497985352870e-02
2.0286085406831691e-01,8.2834758369380423e-02,3.2385304545919708e-01,3.3906836216555804e-02,2.5290222455300947e-02,7.7717748734962441e-02,1.9004818308452956e-01,4.0642263567036735e-02
1.7761694197319455e-01,9.4300235777091568e-02,3.0887131002262996e-01,4.2076956624633184e-02,4.5179038945975372e-02,7.8727462463388687e-02,1.5435782611554094e-01,7.5368946357539490e-02
1.2980240089595918e-01,6.8671659778334018e-02,2.8685136036354686e-01,6.1047513194852639e-02,5.2731250295826843e-02,1.2410696073516667e-01,1.7028037839867219e-01,6.5750360748754774e-02
1.4758868116629448e-01,1.0309507637059104e-01,2.6621826721906405e-01,4.6941137439959237e-02,4.9666063191305503e-02,9.4466410844019424e-02,1.6863446651381991e-01,9.9797862805199436e-02
1.2684799237615613e-01,7.0107586361864663e-02,2.7021193168017443e-01,6.1307840078063044e-02,6.2307772646481546e-02,1.3441872526150361e-01,1.5802305414141141e-01,7.3221149870324367e-02
1.6178035979125130e-01,6.0323725481760709e-02,3.2343793601854331e-01,5.7671068250735813e-02,4.9907430436206282e-02,1.0734756432240945e-01,1.5417846432622986e-01,4.5573260298421625e-02
1.4714638306685340e-01,6.3002679909081219e-02,3.1627256796178360e-01,5.9722327028146914e-02,4.4297755754487515e-02,1.0912252923750985e-01,1.7229328655072843e-01,5.0021994734785441e-02
1.2678771962200930e-01,7.0086074279536101e-02,2.7314243948557893e-01,6.1263499395595639e-02,5.9698031413668369e-02,1.3204977676292848e-01,1.6215700163695260e-01,7.2047865540142059e-02
1.3494996680731769e-01,6.5302742653207027e-02,3.1102317785922579e-01,6.1663350503360206e-02,4.0908836838846899e-02,1.1110332228468718e-01,1.8416304776303746e-01,5.3492126943713414e-02
1.7558955249606764e-01,5.6073265290463768e-02,3.3866831632443600e-01,5.6576123248195463e-02,4.2894367875523857e-02,9.7143603240336759e-02,1.6027432189599275e-01,3.5834916424015227e-02
1.2405339473018670e-01,8.2634927994893928e-02,2.4274483157328061e-01,7.5668166187113362e-02,8.3669088928031057e-02,1.7179927781020393e-01,6.9226034822169075e-02,9.9122397976912191e-02
1.3686968300218927e-01,1.0568242973151236e-01,2.5429466189868905e-01,4.7422953318388132e-02,4.8354431975196469e-02,9.9392033426681237e-02,1.7898099103734053e-01,1.0581391362586880e-01
1.5067551631906154e-01,9.2331904455287786e-02,2.7377661418918653e-01,5.3627248172634777e-02,4.5269239837499121e-02,8.8323728209625668e-02,1.7938021948961824e-01,9.3812408616280096e-02
1.2669377613682306e-01,7.0042743135751581e-02,2.7477996644261321e-01,6.1263551902660661e-02,5.8360335265260306e-02,1.3085418606005955e-01,1.6425536699715190e-01,7.1380554124731710e-02
2.0517784089096211e-01,9.7949623416022341e-02,3.7015753306080595e-01,4.4498437989658961e-02,4.1790521558280259e-02,8.5489903240903109e-02,6.1372529637799753e-02,6.8271014709141736e-02
1.5977782277866570e-01,7.4396066396439989e-02,3.3951538588152147e-01,6.9192931772742897e-02,5.6004572234519441e-02,1.2620469012266280e-01,6.6382412149109005e-02,6.5604650690613775e-02
1.3224754652127538e-01,6.7534293794607694e-02,2.9498594145801760e-01,6.0953556384966835e-02,4.9317005989894774e-02,1.1984275212894910e-01,1.7357649786870896e-01,6.1770719769982503e-02
1.6538948370884174e-01,9.2962117589344889e-02,3.1536001744681380e-01,3.8997121872637833e-02,3.2346684339515687e-02,8.2016105158615613e-02,1.8444733728529603e-01,6.6495592257763650e-02
1.2857397344137406e-01,6.9648555343557378e-02,2.7320778270097235e-01,6.1150024127895490e-02,6.1701633641083581e-02,1.3295950055378500e-01,1.5760707169577370e-01,7.1734599468754462e-02
2.1148735191258081e-01,9.5884646337320578e-02,3.7908088802846118e-01,4.2623423548954327e-02,3.9955010896084546e-02,8.3334024297670631e-02,5.9451160219563030e-02,6.3194642945534951e-02
1.4387814397290974e-01,7.8996124078483901e-02,3.0656824624099649e-01,7.1461709713049631e-02,6.2807719791067224e-02,1.4020521808430192e-01,7.2164065668880853e-02,7.8802968261309114e-02
1.8934721920902226e-01,6.7579976197842465e-02,3.5822769975764185e-01,6.6669864626623207e-02,6.2933715580347480e-02,1.1883356911626414e-01,3.9803814258978519e-02,5.1232993301543468e-02
1.6860297499506929e-01,5.8348869722594364e-02,3.3131390926999715e-01,5.6947724102799781e-02,4.7566682912082124e-02,1.0284527275185330e-01,1.5457497376067963e-01,4.0965800250700873e-02
1.3379608080496219e-01,6.5932669760465787e-02,3.0722752777566636e-01,6.1473999723625272e-02,4.2746350981458368e-02,1.1321075214072460e-01,1.8209746498804227e-01,5.5604526225180861e-02
1.7104189818569709e-01,1.0566285811137781e-01,3.4657533990241013e-01,4.9066853251102743e-02,3.9402613342771099e-02,9.6609935330877458e-02,8.3258093630361407e-02,8.3041477939003849e-02
1.2938588294235090e-01,1.0272479953478551e-01,2.1412184980983703e-01,6.2549123882538443e-02,6.1762951511818889e-02,1.0740519514084690e-01,1.7448317921394663e-01,1.2258284669044064e-01
1.3124873102165288e-01,1.0821999306083667e-01,2.3461377314478429e-01,5.0343602117824633e-02,5.5677235649811120e-02,1.0593996217918743e-01,1.7263754630759279e-01,1.1754588676793726e-01
1.7110744392829497e-01,8.9862510625924721e-02,2.8427038713700825e-01,5.5725250028705618e-02,5.3920653742862666e-02,8.1489241866720144e-02,1.5168635007586354e-01,8.7110893521656144e-02
1.2768282377968698e-01,6.9835389254873453e-02,2.6990788058773652e-01,6.1293756055426682e-02,6.3868851386043535e-02,1.3538494957217406e-01,1.5478718431256719e-01,7.3180248993429231e-02
1.1868243465953635e-01,7.1601336344503261e-02,2.5159546654775616e-01,6.2214949272110118e-02,7.0699481150060764e-02,1.4661255795921666e-01,1.5105360857308756e-01,8.1774866121589185e-02
1.2874081922444650e-01,6.9604196044412162e-02,2.7362343526792421e-01,6.1131224557669964e-02,6.1520541215412630e-02,1.3270835895492991e-01,1.5776507050400176e-01,7.1540638965648898e-02
1.2712929868470510e-01,6.9362662028847236e-02,2.8369970770283320e-01,6.1316703002710457e-02,5.2840464772626050e-02,1.2546210216237744e-01,1.7195259205520136e-01,6.7460257851739563e-02
1.4302409706530028e-01,1.0321144234843403e-01,2.5505542724343822e-01,5.4254165148424544e-02,6.5114643879926326e-02,1.0123469660027201e-01,1.4174513917966408e-01,1.1076434503251051e-01
1.3100705873216029e-01,6.8097101843966251e-02,2.7262182679046620e-01,6.1459411561776846e-02,6.9883438825778368e-02,1.3865058713882655e-01,1.4089821205292508e-01,7.1227588039701473e-02
1.8548948418194633e-01,6.8463976535864987e-02,3.5799390638050654e-01,6.6587397322237354e-02,6.0047252096984666e-02,1.1839028553215651e-01,4.5748363418985367e-02,5.3103297164449947e-02
1.1347701134713663e-01,1.0849640141706676e-01,1.9953960587044894e-01,5.9117082812570686e-02,7.6624687819305093e-02,1.2630621394384284e-01,1.5078376103824578e-01,1.4109602550030273e-01
1.3527899398913451e-01,1.0587479795096362e-01,2.5419262952566229e-01,4.7249680519819509e-02,4.7355776054541894e-02,9.9706100512444593e-02,1.8159764167378653e-01,1.0568755261879560e-01
1.2649301752463035e-01,1.0962298268343616e-01,2.2518567807436815e-01,5.1153270274568785e-02,5.7229288058161701e-02,1.0946541890726461e-01,1.7445583802817693e-01,1.2265084598246354e-01
1.3818665260225321e-01,8.0662979630179987e-02,2.8432857422854851e-01,7.2747452708831331e-02,6.9900227953831010e-02,1.5021160223398425e-01,7.0745305026455957e-02,8.5953694669558198e-02
1.4154538074546891e-01,6.5548728369533973e-02,2.8962377832572783e-01,6.0568781871516278e-02,6.7326556198856066e-02,1.3054514582149696e-01,1.3631734491439010e-01,6.2753712818165136e-02
1.5489943425632194e-01,7.6272508358576643e-02,3.0840301907538659e-01,7.1151747924229639e-02,6.8805298797509226e-02,1.4053150468662204e-01,5.8650134813335225e-02,7.3999628122478234e-02
1.8048419431167181e-01,1.0056634560237461e-01,2.9777472827123652e-01,6.6247129453392326e-02,6.1009289793102196e-02,9.8801116709520603e-02,6.5664740711041558e-02,1.0102624465739178e-01
1.4048147379471221e-01,1.0563610475676827e-01,2.4850359706661129e-01,5.0001525470159340e-02,5.6154935930253148e-02,1.0079197248886652e-01,1.6358228042350184e-01,1.1066433336417213e-01
1.3868114345259980e-01,6.6872732989612049e-02,2.8606208152560042e-01,6.0407308121449996e-02,6.3190932751613665e-02,1.2888833757528612e-01,1.4683883813400411e-01,6.4863988434744918e-02
1.0936879926304603e-01,7.3232960854580628e-02,2.3367709523724453e-01,6.2945269175558607e-02,7.5860244429055604e-02,1.5698016410410667e-01,1.5097510446399073e-01,9.0235280738240234e-02
1.5099453529476559e-01,1.0257475532082402e-01,2.6728542561470037e-01,4.7955450526858935e-02,5.2825090005443630e-02,9.3707171420542482e-02,1.6040933464782961e-01,1.0013449390178134e-01
1.6201702719535763e-01,9.9078902669221536e-02,2.8653231951988872e-01,4.5207541813241527e-02,4.8556936810844074e-02,8.6765115495191239e-02,1.5933830311310121e-01,8.8724395305643175e-02
1.0578826459175526e-01,6.1702783825057117e-02,2.6026154913477295e-01,6.5443393729538293e-02,9.4435351605135220e-02,1.7338791124762576e-01,1.0935135824595610e-01,7.7568307641953521e-02
1.4527003619702636e-01,1.0370279924059538e-01,2.6320425857588647e-01,4.7119776007682947e-02,4.9612492479877396e-02,9.5644826788858092e-02,1.7054675998609897e-01,1.0137166247032685e-01
1.6066123074570446e-01,7.4276257536610157e-02,3.1081295519862379e-01,7.1547904999125431e-02,7.3279086400803689e-02,1.4136610030015573e-01,4.8898105654359821e-02,7.0009271435142975e-02
1.1198213704613547e-01,7.3312520245631702e-02,2.3943862007012867e-01,6.2656037393748906e-02,7.2244134230185386e-02,1.5200939573689062e-01,1.5476784961297413e-01,8.7734058224617634e-02
9.7039947779775648e-02,6.6532060873627771e-02,2.2815786266698476e-01,6.4850352899548852e-02,9.4814312988548075e-02,1.8153460478869876e-01,1.2380226661696261e-01,9.2419852351703136e-02
1.7475563831226967e-01,9.5648878760912229e-02,3.0317566394575679e-01,4.3813117064724488e-02,4.8120777020416443e-02,8.0327059575999130e-02,1.5050239005432237e-01,7.9677520686497388e-02
1.3595970293279810e-01,1.0637926483645460e-01,2.4885559235187976e-01,4.8291079507920373e-02,5.0722434350065050e-02,1.0098708709133020e-01,1.7625110981272882e-01,1.0914531541419917e-01
1.4369816717657716e-01,1.0466268158578411e-01,2.5271572644614348e-01,5.0574820980616837e-02,5.7864148543464708e-02,9.9439875426422103e-02,1.5740914141339085e-01,1.0908879069752636e-01
1.0759736610441636e-01,1.0705282382243543e-01,1.9319776766029256e-01,6.1487513000630441e-02,8.2192830115469032e-02,1.3268845930248863e-01,1.4528243185469802e-01,1.4629796747439217e-01
9.9429335963057239e-02,1.0916994990315858e-01,1.7033580483997190e-01,6.1807378868469751e-02,8.5046529917528577e-02,1.4141514106046932e-01,1.5187437296798034e-01,1.5751549506028514e-01
1.1881589905879637e-01,1.0776413392034188e-01,2.1023962340511937e-01,5.8234568845167721e-02,7.4151606528565700e-02,1.2126031897228716e-01,1.4943768925893136e-01,1.3525236070531999e-01
1.1446010468631426e-01,7.0400700699898844e-02,2.4508668132103259e-01,6.2994475695173538e-02,7.8880350250895931e-02,1.5633680060020613e-01,1.3944396727440747e-01,8.4391953617535528e-02
1.1717062149705855e-01,1.0315750643286939e-01,2.2364432329665235e-01,6.1997918259514534e-02,8.0547762456590122e-02,1.2286930691024030e-01,1.3323053285406986e-01,1.3228073198056714e-01
9.0449740268402273e-02,1.0532351721080775e-01,1.4994980890064033e-01,6.5617880552707508e-02,9.6999804117631164e-02,1.5612900627847667e-01,1.4287313083177497e-01,1.7148792875113406e-01
1.1630119648681946e-01,1.0977489953728647e-01,2.0108636652218967e-01,5.7231531847817908e-02,7.2419140189651815e-02,1.2289594348772534e-01,1.5702244179389266e-01,1.3875823615829055e-01
1.4173842443360946e-01,1.1854602002098190e-01,2.3342096166642090e-01,6.4513441604470076e-02,6.9055572252763264e-02,1.2651611066266225e-01,8.4014877019989095e-02,1.3350016813994003e-01
1.0521183971050452e-01,1.0941247420376142e-01,1.6276710295953875e-01,8.5641195625869956e-02,1.0620115470983994e-01,1.6824293616708716e-01,7.0722580434830609e-02,1.6332295004568564e-01
1.4955301019671544e-01,6.2520106394393288e-02,3.0480647572128899e-01,6.0458659409335147e-02,6.9795344862505507e-02,1.2751004140602462e-01,1.2315947546844042e-01,5.5036916229316911e-02
2.9615267695231479e-01,4.0994161661215417e-02,3.7478974367236656e-01,8.2762236819406934e-02,4.3151143528875148e-02,6.7487342256868463e-02,2.5321610176998386e-02,3.8745354785158698e-02
2.9887302108598141e-01,4.0047639807307772e-02,3.8281512291811071e-01,7.9178057355263690e-02,4.5443607894885656e-02,6.8159236474920726e-02,2.0936112429926414e-02,3.3889041361376479e-02
2.9911169657966974e-01,4.0047599848601678e-02,3.8243014763686278e-01,7.9253614041787698e-02,4.5446391810990271e-02,6.8135764608131949e-02,2.0928792820931429e-02,3.3981645447414471e-02
2.2094352297166306e-01,9.5675892136601076e-02,3.9586601282379197e-01,4.5408347990452305e-02,4.2177816403083032e-02,7.7493564164013831e-02,5.2243893662761241e-02,4.8623050799240383e-02
1.5355962168851897e-01,1.0274012026074782e-01,3.0008465069454854e-01,4.5909149943010090e-02,4.2033437110645000e-02,7.8201146848800945e-02,1.7386046567839311e-01,8.7918171132273792e-02
1.8362093560124731e-01,9.5255805771964450e-02,3.5515368698819744e-01,5.9917376704599526e-02,4.3476786957047153e-02,8.0531506976675549e-02,7.3627998263952901e-02,9.0809686066901776e-02
1.8333614697290110e-01,6.7615670855537949e-02,3.8712788595337144e-01,7.6666814202067224e-02,3.6874089877064496e-02,9.5064951243834295e-02,6.9590227734448132e-02,5.2605266417087515e-02
1.6557105030332078e-01,8.6976678799565527e-02,3.1477053331133342e-01,5.1817681449421109e-02,3.7873973662502641e-02,6.9991509241495206e-02,1.7757634096851743e-01,8.0781936825285741e-02
1.9704057278714343e-01,6.8308682423279810e-02,3.9267445219147018e-01,6.8858012560233064e-02,5.3924982923545930e-02,1.0042046604804834e-01,4.4326525373706460e-02,3.8418170737822666e-02
1.4309947502232878e-01,6.0832039117344541e-02,3.0380865406236068e-01,7.1656970472963905e-02,5.7181372856536600e-02,1.0577000388203849e-01,1.5772583823186778e-01,6.6219202429643062e-02
1.7504332826315211e-01,7.9878108066886527e-02,3.3358811488356982e-01,4.8983333595362118e-02,3.1210612889714415e-02,6.6698516240902200e-02,1.8231015157947461e-01,6.7916251261008725e-02
1.7287041096400943e-01,7.2347991364897835e-02,3.7236267186523303e-01,7.1539050321515738e-02,5.0426746849332509e-02,1.0704224506561813e-01,6.1400436815605912e-02,5.7730117958751249e-02
2.3932714508972658e-01,4.6041815324918182e-02,4.2505928716608093e-01,7.2468121196116286e-02,4.7781542907630349e-02,7.9045970997622117e-02,3.0801615448765467e-02,2.7618921210984453e-02
2.0710437068871848e-01,6.6353311281721422e-02,4.0053458457196572e-01,6.7867934919191006e-02,5.4317722313196815e-02,9.7370666515642107e-02,3.8835245515866652e-02,3.1344659984614429e-02
1.6327820754484118e-01,7.4831237244624815e-02,3.5978065155889583e-01,7.2220543292253581e-02,5.1821187724997629e-02,1.1175230795169416e-01,6.5877349916571182e-02,6.6048517467348578e-02
1.7482200022985192e-01,7.4638280344730093e-02,3.6505507300380080e-01,7.0751468695505401e-02,5.9437677401650790e-02,1.1187519295906145e-01,5.0842281944851853e-02,5.5042127098947402e-02
1.4980952010596790e-01,7.0564036426985763e-02,3.3425178815698192e-01,6.1742005104287095e-02,6.8926023747886950e-02,1.1077096569876757e-01,1.2136516287064444e-01,4.1836482430550236e-02
1.2509463114839744e-01,7.5137544354308222e-02,2.8577435121216427e-01,6.2801381878242343e-02,6.3390096206816085e-02,1.2229101379835991e-01,1.5234978564874341e-01,7.7444526877723116e-02
1.4505866698665765e-01,6.6698245464976727e-02,3.1987128180394248e-01,6.2883444773660563e-02,4.8048826718697986e-02,1.0315497789342089e-01,1.6612700523255289e-01,5.5927295463080173e-02
1.6840214092886485e-01,1.0212298803934278e-01,3.1828959239478405e-01,4.5804188326124401e-02,4.8428376179591406e-02,7.2416153936732647e-02,1.5290276078222520e-01,7.3375784676486255e-02
1.7508626074967551e-01,1.1232850102378557e-01,3.3128447362596036e-01,5.5957988651261920e-02,5.3039895556092009e-02,8.9692827009103290e-02,6.7840498329255400e-02,9.4372951543226113e-02
1.5753398819063574e-01,1.1661805458398868e-01,3.0255458729303214e-01,5.8314786824939624e-02,5.3373919048488282e-02,9.7348065839480122e-02,8.0778667217574943e-02,1.1471334279845806e-01
1.0492137111896528e-01,7.9249702359889318e-02,2.5830105411901039e-01,6.3356523781334842e-02,7.8809758631782703e-02,1.4412072273647533e-01,1.3931500820393372e-01,9.3298464039954024e-02
2.3230133365772562e-01,9.1365785719808565e-02,3.9438435520369625e-01,4.4765790293780382e-02,3.6968470973344721e-02,8.0006837078362439e-02,5.5044314533190718e-02,4.2633079542955914e-02
2.0925599888290899e-01,9.9291013785339430e-02,3.8595987553207328e-01,4.7603694712285920e-02,4.3581695159799087e-02,7.8930643253935465e-02,5.6304590412066320e-02,5.8011070277499681e-02
1.5322182793908440e-01,1.0178421665572075e-01,3.0153744151649303e-01,4.5547731864254037e-02,4.0054290516645476e-02,7.8187793770099087e-02,1.7738611941622487e-01,8.6860789794530296e-02
1.4408246222758420e-01,8.4073652140876545e-02,3.1297407929984700e-01,7.5365382405864212e-02,8.1924067200030509e-02,1.4050774867462948e-01,4.3992378837256818e-02,7.2267156535135366e-02
1.9199922705263103e-01,1.0826972220922643e-01,3.5592191133372897e-01,5.3520862179009705e-02,5.3052596625507417e-02,8.3228526836665817e-02,5.5987956069986397e-02,7.6206267224261090e-02
1.5361535830383752e-01,8.1630828102511127e-02,3.2624429845153363e-01,7.3238318195757227e-02,7.0749085370705789e-02,1.2898260027242500e-01,5.2559072507850323e-02,7.2262825395849481e-02
1.7970726101589379e-01,1.1210657380864394e-01,3.3589035592943445e-01,5.6126667588470229e-02,5.5198660230553545e-02,8.8091693618649769e-02,6.2081082554292580e-02,8.9484836566881679e-02
9.5887824022866885e-02,1.1600289378067227e-01,2.3211968715630305e-01,6.2537073103905993e-02,8.5216693040358144e-02,1.1547354684557708e-01,1.3223721015275972e-01,1.4622258275607825e-01
1.4530221831574425e-01,1.0844171683257242e-01,2.8210660371931351e-01,4.8897957884986971e-02,5.0460258241109113e-02,8.2514605697385612e-02,1.6456104799169910e-01,1.0156996803562877e-01
1.4777782755282654e-01,1.0992064499967059e-01,2.8959860025619250e-01,5.1063500317719078e-02,5.7835335331309329e-02,8.1353446529665960e-02,1.4754586870629963e-01,9.6772515707115231e-02
1.5259616165881296e-01,1.2008609158941352e-01,2.8467626833296372e-01,6.1245820438871501e-02,6.0446131909152878e-02,1.0177353448330274e-01,7.7562812765264902e-02,1.2191758409020668e-01
1.9239184400304157e-01,8.6308672337490441e-02,3.6000583182858364e-01,4.0795054730184584e-02,3.1269572964795649e-02,6.5056116955370683e-02,1.6627283642992488e-01,3.7835327867094128e-02
2.9480198382101019e-01,5.7603859847794037e-02,4.1077493322413949e-01,5.2917591019058755e-02,3.0584933478429811e-02,6.0856610091353742e-02,2.7170018679425059e-02,3.7880871663494298e-02
2.5000980882925977e-01,6.8945838487346353e-02,4.3313426560157087e-01,5.5062887010367052e-02,2.8177408591820625e-02,5.6149967032994144e-02,3.7933903093290817e-02,4.6351466491061734e-02
2.7926196485608673e-01,5.0836715534009182e-02,3.4268028171112236e-01,8.8686175048271657e-02,4.2545107017371651e-02,8.0458433415971975e-02,3.6436723635025203e-02,4.0716753667780242e-02
3.2565065934259863e-01,2.5086634150929155e-02,3.5501772764165174e-01,9.6201491210255133e-02,3.8355663394040056e-02,5.8223651803325484e-02,1.9535949005201197e-02,4.6706095894415690e-02
2.5830535733305854e-01,5.2083807937842209e-02,3.7979224671886369e-01,8.0982551323140708e-02,4.0988347311120339e-02,8.0684155765238297e-02,3.6871722854593884e-02,3.3592111358880072e-02
2.2019349811968958e-01,5.8187170236491399e-02,4.2183392609458442e-01,7.0211891398628878e-02,4.4028565721179184e-02,8.7433450763721152e-02,3.7859467591608152e-02,2.4134126501405458e-02
2.0941520929704874e-01,6.2141303354096879e-02,4.1994042243923552e-01,6.9520587506901807e-02,4.6766213358801337e-02,9.0990058215699360e-02,3.8381437709402229e-02,2.6003447030954193e-02
1.1626482947436743e-01,1.2887009910818253e-01,2.6750355241027657e-01,5.4292537861363885e-02,5.5487343909922479e-02,8.0000620365339101e-02,1.6268855678889038e-01,1.1886732861217797e-01
1.8443773686142165e-01,7.0177785855542227e-02,4.1002507574827435e-01,7.5580293992914674e-02,4.4299877635577828e-02,8.7665108920914100e-02,4.8397478388219707e-02,4.4105891193152107e-02
1.5223598978703165e-01,6.2859041106573962e-02,3.3528658940830675e-01,8.0623333192556171e-02,3.1272933659848623e-02,7.4458396857315257e-02,1.8568706551949551e-01,4.5407580261486058e-02
1.3216143314885512e-01,1.1816303214550208e-01,3.0119722586619119e-01,5.1010077048669195e-02,4.5192374031837589e-02,7.1146770812962265e-02,1.6778739586893887e-01,9.6640885745853763e-02
2.1527094685542883e-01,6.0259639307221523e-02,4.2277986824122926e-01,6.8026243936784178e-02,4.7504353675650930e-02,9.1953346504731887e-02,3.5709472600648634e-02,2.1149724423771835e-02
1.8525762688087796e-01,5.3925905428471609e-02,3.6864999997401782e-01,6.2407338992514272e-02,4.0263317846410657e-02,8.4007281606385625e-02,1.5429190212349095e-01,1.7140026878291869e-02
1.2716864448372034e-01,7.7072318894883765e-02,3.3397650175615357e-01,6.9484197346381324e-02,4.5515579882789793e-02,8.9286514254677277e-02,1.6555165579495421e-01,5.9244911628064348e-02
1.6593877677348573e-01,7.6832636356139974e-02,4.0078404170917908e-01,7.7908790188170152e-02,4.5404870633550226e-02,8.9068574285519522e-02,5.3747829921137892e-02,5.5344835095170804e-02
1.4997891459743967e-01,8.4447057211735663e-02,3.8145970121249001e-01,7.7966403209581814e-02,5.1021007428387354e-02,9.6411942398038686e-02,5.6623508596840344e-02,6.6457718834097734e-02
1.2638622423802393e-01,7.8938081424493226e-02,3.2937313536943985e-01,6.8221809299781958e-02,4.8810502760850395e-02,9.2951329478770425e-02,1.6107514945451903e-01,6.0815828296317834e-02
1.2329828691665826e-01,8.1340578374897124e-02,3.2319603311833128e-01,6.7737356406439825e-02,5.1679020130314779e-02,9.6275615382070301e-02,1.5835484528443197e-01,6.4171304099455234e-02
1.7166445849466050e-01,5.9630892423439177e-02,3.6398731708370602e-01,6.3230705504947998e-02,4.2350947953509709e-02,8.5899404058788681e-02,1.5395514966689311e-01,2.5089022410716491e-02
1.4765677094343080e-01,7.1808785116545551e-02,3.4559377352422205e-01,6.3878672846635412e-02,5.0450929913297742e-02,9.4567250198386271e-02,1.4856696765476479e-01,4.1990599699846885e-02
1.2509477219341922e-01,7.9954810019597006e-02,3.2683191423544711e-01,6.8002042983469818e-02,5.0010608290442349e-02,9.4327930709065144e-02,1.5991761585632519e-01,6.2217140975113314e-02
1.1864914928877365e-01,8.4331319218740666e-02,3.1492984236700050e-01,6.7552316267984663e-02,5.4836596836667729e-02,1.0008767613587904e-01,1.5615161642596134e-01,6.9038501420684628e-02
1.9368865142767114e-01,5.0890228670574161e-02,3.7197498928558254e-01,6.1165826500178357e-02,4.0057892711207375e-02,8.3904516085499592e-02,1.5225811942896192e-01,1.1771935718491978e-02
1.6661030514837860e-01,9.9577872363117756e-02,3.2521676740906680e-01,5.7439763503657870e-02,5.1030186443224511e-02,6.6779852766393796e-02,1.4534001063039476e-01,6.7928326546486964e-02
1.1856956019599589e-01,1.2858083233982920e-01,2.6815925167287530e-01,5.4779828505411840e-02,5.9842142424349418e-02,8.3742005491571986e-02,1.5390703907679149e-01,1.1561101506717060e-01
1.6915162359087280e-01,1.1618645908786494e-01,3.6569039280632559e-01,5.6447247769204033e-02,4.5893932037745541e-02,7.7374535117552393e-02,6.3502112166597499e-02,8.4565565488646369e-02
1.4425171809899839e-01,1.3057270642505825e-01,3.1631379401271026e-01,6.2240743364059624e-02,5.6233552398374666e-02,8.6855088494775370e-02,7.0121090620939214e-02,1.1292351652867914e-01
1.2743628113279581e-01,1.2241021811153785e-01,2.8842590590405026e-01,5.2192981134911290e-02,4.9962981878632177e-02,7.4784837310015506e-02,1.6371563642559542e-01,1.0444342047082279e-01
2.0835230200856719e-01,9.9362111116374385e-02,4.0272671784528480e-01,4.9061769039967604e-02,4.1346148317963315e-02,7.4107311226943418e-02,5.0540178530656586e-02,5.1546661920772174e-02
1.4260214146222933e-01,1.0829554168179127e-01,3.2622135025166726e-01,4.9027367608422079e-02,3.6363457976322906e-02,6.5940926807996444e-02,1.7515316923149510e-01,7.9100982344827458e-02
1.0186472631394192e-01,9.2701100562554345e-02,2.8520535458927282e-01,6.5182689989132070e-02,7.6234265657783754e-02,1.2986863655982431e-01,1.3198605323884138e-01,7.7349132328530523e-02
1.0749665526331315e-01,9.1146036396886732e-02,2.9127355915824787e-01,6.5249793302591758e-02,7.1939199957102601e-02,1.2327757557327672e-01,1.3589072122751020e-01,7.4929680266144633e-02
7.9149822569449899e-02,1.3766941292590329e-01,2.2559732059987531e-01,6.2828900304735688e-02,8.5769717171623197e-02,1.1425722005330392e-01,1.3513832598019382e-01,1.4616307243354695e-01
7.5968602595798171e-02,1.4073412864328458e-01,2.1096076364829011e-01,6.2615459410475402e-02,8.6255438733024867e-02,1.1532302614670895e-01,1.3991658574632795e-01,1.5539093278924104e-01
1.4513135466849744e-01,7.4942121461346475e-02,3.4273909109946854e-01,6.1903423551566132e-02,5.9873022052401574e-02,1.0606073140220910e-01,1.3200132826712432e-01,3.8186047937133150e-02
1.0849389706856108e-01,1.4639231266525374e-01,2.3146332681611290e-01,7.2681452681554098e-02,8.1292485618759236e-02,1.1710039924528182e-01,7.3898226366007749e-02,1.4807381092810834e-01
5.9622282976645978e-02,9.9233650738693641e-02,2.4125086116118200e-01,6.4979550731462957e-02,1.0336819996227897e-01,1.7360231956624256e-01,1.1547422725050145e-01,1.0252095285708705e-01
1.6960581187306778e-01,1.1585194281519530e-01,3.6681551128789402e-01,5.6326448475222619e-02,4.5606945219574341e-02,7.7157098566510610e-02,6.3434877422672023e-02,8.4008096278733554e-02
1.9494806988701061e-01,6.8976004056156615e-02,4.0751777269233380e-01,6.9251359113093519e-02,5.3366554143998914e-02,9.9427564388256479e-02,3.7657135210853634e-02,2.9831697206216229e-02
1.4574674853813471e-01,7.0690466645992212e-02,3.4651450221195462e-01,6.5853899379713421e-02,4.6179791165768362e-02,8.9899965646431643e-02,1.5683613987768086e-01,4.4308329926202351e-02
1.3148130523936491e-01,7.7656304444361349e-02,3.3195428371327423e-01,6.6834982885927458e-02,5.0120488822396836e-02,9.4386045112709760e-02,1.5681214177306771e-01,5.6617598130153407e-02
1.0372107394117491e-01,9.3284089951121044e-02,2.8427110750023643e-01,6.6362750105232057e-02,6.9431075642345366e-02,1.1953782305965081e-01,1.4333171623956456e-01,8.2819588950031539e-02
1.3439838995542433e-01,1.1958253605357345e-01,2.9675809799618108e-01,5.1248084354980669e-02,4.9607229468230492e-02,7.4079280628325320e-02,1.6009559124297212e-01,9.6997686076883263e-02
3.3083315148701559e-01,2.1247632104349864e-02,3.1456442000253632e-01,1.0800613079420147e-01,4.1516818290077029e-02,6.2294487973486926e-02,3.0763069838844682e-02,5.4456272950992278e-02
3.2849836731389348e-01,2.1727837874704291e-02,3.1016533520287937e-01,1.1232681397834490e-01,4.1162025005642339e-02,6.0989942773752845e-02,3.3092752609284196e-02,5.5671139214230371e-02
2.2565000111360287e-01,5.5717540465480740e-02,3.9011874211611342e-01,8.0565622323479774e-02,4.2460144662887618e-02,8.2495858204409092e-02,4.9833885601160907e-02,3.8156328233500347e-02
2.6805984245702280e-01,3.8842883371481812e-02,3.5962405622493393e-01,1.0859090422013050e-01,3.9241114203237525e-02,5.4176750374062062e-02,3.9018961154105539e-02,5.9839996059506489e-02
2.7667601218245524e-01,1.5239085878868124e-02,2.6849028539502229e-01,8.9164337137832617e-02,3.5373675788148311e-02,6.7460804662834675e-02,1.7801003174620889e-01,3.6285821056918556e-02
2.2759259822445363e-01,5.2257989471752468e-02,4.0835845353408451e-01,7.3069184144701399e-02,4.2408884981820917e-02,8.5521880078889043e-02,4.6094165277785856e-02,2.8756938307754137e-02
1.4331950700694554e-01,1.0579610291125766e-01,3.3272415634745461e-01,4.4126136188304750e-02,4.1258993117724317e-02,6.5720406086429303e-02,1.7767038357187712e-01,7.4374905351098031e-02
2.3200013624629051e-01,8.4368259369458784e-02,3.9381402457540382e-01,5.1018634557774903e-02,3.5650070997331813e-02,7.6211547622391643e-02,5.7170527375528309e-02,4.3966869880664700e-02
2.1271389353017170e-01,7.0673427738671621e-02,3.2307681502467073e-01,1.1407234820256308e-01,4.3515064093568208e-02,7.1805583429181294e-02,6.2614502484255596e-02,6.5517990554629466e-02
2.4025436171303238e-01,6.9228728595631978e-02,4.3211317185662307e-01,5.1180390564473106e-02,3.4427596236874421e-02,6.0174679212128164e-02,4.6812907947507122e-02,4.4584680513659436e-02
1.0380413691876179e-01,1.3100686721357691e-01,2.7021057047994046e-01,4.8445327683979959e-02,6.4399400226521436e-02,8.2931055485855887e-02,1.6324730892252737e-01,1.2313008417108341e-01
1.2068830373561093e-01,7.9567953066482205e-02,3.3136212682772176e-01,6.2071138294881131e-02,5.6719151244295093e-02,9.6509518957806670e-02,1.6161067484158173e-01,5.9849549672566782e-02
1.2452079178393394e-01,7.5430198161808001e-02,3.3873265558654136e-01,6.5622422708178058e-02,5.0416476247606742e-02,8.8610618054070903e-02,1.7185496224769101e-01,5.5469099506294257e-02
2.1701989564765056e-01,5.4120220389523362e-02,4.2241542423690642e-01,6.7494876178707156e-02,4.4418614775627800e-02,8.9632466698357116e-02,4.4002802467432531e-02,2.3502224907112280e-02
1.4644215811167677e-01,1.2465157597902000e-01,3.4292957216789638e-01,5.5277320706527577e-02,5.5957903066865156e-02,8.1350316977933143e-02,7.4779981605213153e-02,1.0114145141744633e-01
2.3025500211658601e-01,5.0290466261224707e-02,4.1603750402121892e-01,6.9789142811061078e-02,4.2425617569749233e-02,8.7083962793351996e-02,4.3653665919812339e-02,2.3614345705334442e-02
1.6594082456004525e-01,6.9508454368195305e-02,3.7686550169698257e-01,7.6981751825325156e-02,6.6818861044223007e-02,1.0827778999728239e-01,4.5302530897484754e-02,4.8395906056930615e-02
1.5354477664085001e-01,6.2617240812353009e-02,3.5882829789110199e-01,6.1837445725881846e-02,4.5371792016109150e-02,8.6833896283948331e-02,1.6343678460280850e-01,3.4828905145114337e-02
1.7092858905498065e-01,5.5050785894486323e-02,3.6949173863688534e-01,5.9623024746859009e-02,4.2484331587405132e-02,8.5918400923081020e-02,1.5882044276674173e-01,2.3110011019860557e-02
1.6245418756228966e-01,7.6152487336439076e-02,3.9762036412556323e-01,7.3662014930159683e-02,5.2306233880563040e-02,9.2570979151527941e-02,5.8950720592193730e-02,5.3314109275817034e-02
2.6053714201576494e-01,4.9625313353862784e-02,3.5251846036832363e-01,8.6595479825958679e-02,4.3180792291097461e-02,8.3448961490062507e-02,4.5753900476513426e-02,4.0811656992537727e-02
1.5654088782242306e-01,7.9110605549933488e-02,3.9121344681661913e-01,7.2987313678052571e-02,5.4879647654947482e-02,9.5703555691053405e-02,5.9433479471906171e-02,5.6787485086290210e-02
2.0075203052625867e-01,6.0392878550905901e-02,4.1856945631849679e-01,6.7519449280676172e-02,4.7530475210625825e-02,9.2422910802336666e-02,4.6324070574064839e-02,2.9100808065326115e-02
1.3601671036910784e-01,9.0284540903514912e-02,3.5554308105580756e-01,7.1291214443582329e-02,6.7061402181965185e-02,1.1210861859974398e-01,5.9870971302123273e-02,7.1661789494104552e-02
2.1231451312486110e-01,5.7047998988209905e-02,4.1133641024614204e-01,7.3216705063138057e-02,4.3608490004268377e-02,8.5835469922174071e-02,4.9026211664305236e-02,3.2522203885690187e-02
2.2205335088490974e-01,5.6053299846331735e-02,3.9575477991586760e-01,7.8918107714223279e-02,4.2553705648429661e-02,8.2998220923492544e-02,4.9874361282655023e-02,3.6943115451151393e-02
1.4844049347218308e-01,1.2328275135992585e-01,3.4778783529881990e-01,5.4915394606111931e-02,5.4705993944558037e-02,8.0267195403864539e-02,7.4510960744519988e-02,9.8625701677931152e-02
2.0115580811300512e-01,6.0277219363140441e-02,4.1730725266011298e-01,6.9046516273207792e-02,4.6522630166171731e-02,9.0403518991638426e-02,4.7937059393146506e-02,3.1027508946160604e-02
1.2230665371956555e-01,1.2105266443547301e-01,2.9934726351148200e-01,4.6257368227802437e-02,5.4074499405038182e-02,7.3538306966979300e-02,1.6751470881772679e-01,1.0182811044418910e-01
1.3809787710849805e-01,7.1214655939019586e-02,3.5642070651062829e-01,5.6141160986273191e-02,5.8737731403230922e-02,1.0505575337962862e-01,1.3660178826596375e-01,3.7789136939133487e-02
1.0371746295605869e-01,1.0430487735945644e-01,2.9704815088717262e-01,7.1668385401280219e-02,8.5485612423535362e-02,1.3922494767417740e-01,6.3176418182127436e-02,9.6522142023527296e-02
1.3094537618702434e-01,9.2783260590887803e-02,3.4463130154061772e-01,7.0970813106512515e-02,7.0832721090897111e-02,1.1791325714898387e-01,5.9391984451718643e-02,7.5138571621313877e-02
1.1894522086719116e-01,8.0185175212889565e-02,3.3007248984119969e-01,6.2652471444930066e-02,5.6527184261626270e-02,9.5879648079437940e-02,1.6341455551269879e-01,6.1262264583247794e-02
2.1291121214870865e-01,9.0129137886022212e-02,4.1066466322540995e-01,4.6808506987013013e-02,3.7074866923565590e-02,7.3086519686364898e-02,5.9015058939081780e-02,4.7420860136041951e-02
1.8247543807997824e-01,8.6828919577524769e-02,3.6116184845952848e-01,3.8795036666907687e-02,3.3233114487033248e-02,6.4252753967730572e-02,1.6988642197182111e-01,4.3685355068945636e-02
2.1396336185516768e-01,5.5048404597668410e-02,4.2453737908700467e-01,6.6056356865716800e-02,4.5555504715355334e-02,9.1577984578741098e-02,4.2860649872050023e-02,2.2058375521797544e-02
2.0703466143176225e-01,5.7799405684289783e-02,4.2237017455225867e-01,6.6138875032250424e-02,4.7000289586100592e-02,9.2933753932049570e-02,4.3762421293060613e-02,2.4523970376081793e-02
1.6487684650782206e-01,1.1060443798863880e-01,3.8735696187338098e-01,5.3334325225019151e-02,4.3896674587752635e-02,7.2663210461455102e-02,7.2730359304158512e-02,7.6761710243015993e-02
1.7706352478172527e-01,7.0690107847344863e-02,4.0306936154430406e-01,6.8607175149859312e-02,5.3387914102358276e-02,9.7843941923789202e-02,5.0660459288310200e-02,4.1556035053203898e-02
1.5279203730539412e-01,1.0559963102648259e-01,3.4015671449442453e-01,4.2695375954700916e-02,4.6119177742437546e-02,6.8725932256541125e-02,1.5396495139805053e-01,7.0410860207000756e-02
1.2071033297641580e-01,7.4700043243653647e-02,3.5613009699042736e-01,5.5291079556553366e-02,6.7449867138488384e-02,1.1970590658508423e-01,1.2315655362539850e-01,3.9049361305658940e-02
1.2229821299795597e-01,1.2067005376123904e-01,3.0042182186837657e-01,4.6251249602249279e-02,5.3048239080694580e-02,7.2574811197511954e-02,1.6989787111771254e-01,1.0114426058892867e-01
1.3198679026415308e-01,8.9015083180177715e-02,3.4489080172512898e-01,6.9067512911828666e-02,7.5954531962695096e-02,1.3179354677167254e-01,4.9950202197912713e-02,6.3071741694814443e-02
1.1974778139441246e-01,9.8052906463986414e-02,3.2609269998143342e-01,7.1492183163562248e-02,7.6094539375396966e-02,1.2474894038586389e-01,6.1652642803569635e-02,8.4641296114281811e-02
1.3045625237610367e-01,7.3564730513913879e-02,3.4245260597342847e-01,6.3433053912507573e-02,5.1008144997537662e-02,9.0373961320995386e-02,1.6639366958331081e-01,5.1436755927240937e-02
1.5527332737810939e-01,8.0842375121095003e-02,3.8146413527934508e-01,7.0197606532093670e-02,5.9719243936196806e-02,1.0387963566780274e-01,5.5702893542201606e-02,5.6533868260910558e-02
1.6489306035788948e-01,1.1101727357417297e-01,3.8571828513655054e-01,5.3092485372050892e-02,4.4464253877663486e-02,7.3044661280155965e-02,7.2464777701685107e-02,7.7478020836706588e-02
2.2132639006094101e-01,5.2637344143249165e-02,4.2208125653963829e-01,6.7722941150410929e-02,4.3726883759149363e-02,8.8966365372620967e-02,4.3553995960656205e-02,2.2639513309347787e-02
1.2825301437249101e-01,1.1587374919950924e-01,3.1244357474630602e-01,4.5642774428754092e-02,4.8226885676997761e-02,6.9093606351256179e-02,1.7470416171380115e-01,9.2101062328605265e-02
1.9596175323144424e-01,6.2486541060771103e-02,4.1675596477204868e-01,6.6029866950547522e-02,5.0117969181067375e-02,9.6443236621506848e-02,4.4539928595098498e-02,2.8511499805705939e-02
1.9174800181448790e-01,6.4377793899930980e-02,4.1368525212808560e-01,6.5423823889555560e-02,5.2340365177678726e-02,9.9828116430007885e-02,4.3293696153204594e-02,2.8709802992014474e-02
1.1918279187682719e-01,9.7680042982374510e-02,3.2310204382867452e-01,7.0953528004841684e-02,7.8094445342299826e-02,1.2915997120940420e-01,5.9618990544734629e-02,8.3081406319880174e-02
1.6013485184960918e-01,6.1231068120529961e-02,3.7093734367917602e-01,5.6498278047300801e-02,4.8957956310311856e-02,9.3290766798102054e-02,1.4543382483479655e-01,2.5696287944046169e-02
9.4615942883860132e-02,1.4764835767652051e-01,2.3849004094466125e-01,6.4742214814653073e-02,8.5752331189225428e-02,1.1625878618819654e-01,8.2552575098359546e-02,1.5329568532680737e-01
1.2484148023168470e-01,9.5799053811236476e-02,3.3731560572051950e-01,7.1756276475052533e-02,7.2229365283307201e-02,1.1857532614640266e-01,6.2061281567178779e-02,8.1128257747649882e-02
1.3447850296301578e-01,7.3682821430350293e-02,3.4647043482324197e-01,5.8040107919404234e-02,5.7314889742582725e-02,1.0081010937064105e-01,1.4686725033045614e-01,4.5844157011381163e-02
1.1194729513881838e-01,8.2575822215185432e-02,3.2750733419989964e-01,5.6976382923735351e-02,6.9536121645136034e-02,1.1782691289300759e-01,1.3593460091794579e-01,5.8575353852272680e-02
1.4985039531134839e-01,8.2662683058617778e-02,3.8190319457012561e-01,7.2386723987766230e-02,5.8204829689000800e-02,9.9862424195375707e-02,5.9907367328099953e-02,6.1304873658907938e-02
2.1269325970420783e-01,5.5687054979316274e-02,4.2223635686581307e-01,6.7304160489982834e-02,4.5209988637016085e-02,9.0414490639388306e-02,4.4446319346589255e-02,2.4536247884052873e-02
9.6891444383523109e-02,1.3380833997913491e-01,2.6064960326376507e-01,4.9223744595738299e-02,6.8706537513013005e-02,8.7654011270823604e-02,1.6038439292355852e-01,1.3015723456265854e-01
1.3136689140759614e-01,9.2580453960212916e-02,3.4854403698981079e-01,7.1557244021447072e-02,6.8978604556932555e-02,1.1434159683917151e-01,6.0944940358448864e-02,7.5606696067688772e-02
8.5820600090111859e-02,9.6220676197459401e-02,2.8379573191007335e-01,5.8622902373997476e-02,7.9675336006062900e-02,1.2732370103208523e-01,1.4495403156562400e-01,8.8751599150480101e-02
1.8707366285913798e-01,8.3791586102792359e-02,3.6105544147900070e-01,3.8724341043052342e-02,3.1738264972918762e-02,6.4830128061632644e-02,1.7273806945866091e-01,4.0091184164349987e-02
1.3680520376619115e-01,7.2203932709515833e-02,3.4747760686398871e-01,5.9501585747836407e-02,5.3997565503277216e-02,9.5876324630173773e-02,1.5389156858703387e-01,4.5779709688235040e-02
1.1353272130731487e-01,8.4038625024970739e-02,3.2088731848375357e-01,6.0454684951478890e-02,6.2707863961606589e-02,1.0420961243684466e-01,1.5492328028530028e-01,6.6051994056563756e-02
1.5127582974895215e-01,6.5417544683608234e-02,3.6237003569431525e-01,5.7511189875316747e-02,5.1037259359163832e-02,9.4549674481382573e-02,1.4802512509708715e-01,3.3077834001629593e-02
1.2506171591228216e-01,9.5692240988676236e-02,3.3777612573739252e-01,7.1762497373243972e-02,7.2081089364177675e-02,1.1835429675836248e-01,6.2057664720448852e-02,8.0955816743374515e-02
1.3242276269148087e-01,7.4540988722591836e-02,3.4583179876925585e-01,5.7427500852999809e-02,5.9254454990594514e-02,1.0381243766677495e-01,1.4311583023309274e-01,4.5988411227268981e-02
1.5751980324553255e-01,1.0173979011364581e-01,3.4309728885375801e-01,4.1699747060298512e-02,4.1588845567576034e-02,6.5948773955560938e-02,1.6449580020984569e-01,6.5924191036897284e-02
1.0221536285237529e-01,8.9654843570091153e-02,3.0543851557993262e-01,5.9647661925565289e-02,6.9680479822784552e-02,1.1324588688768236e-01,1.5042269475042622e-01,7.5656110767427440e-02
1.2289162008242120e-01,9.6726070566807321e-02,3.3326595628524397e-01,7.1707387720507804e-02,7.3536776337496640e-02,1.2053740351577771e-01,6.2096179602538645e-02,8.2640313398284676e-02
8.5579895266004610e-02,1.0508472937151295e-01,2.7611731769091596e-01,7.1179597308128187e-02,9.7333337061517575e-02,1.6288536646526572e-01,6.0117609018929791e-02,9.8808501660204925e-02
1.1062537550166009e-01,1.4258834654898561e-01,2.6596315139242083e-01,6.2192960495454648e-02,7.7240364235165102e-02,1.0509743230860415e-01,7.9621740598366741e-02,1.3910531876492999e-01
1.3294582162129259e-01,1.3018644452750708e-01,3.0779954616776029e-01,6.0149271119191806e-02,6.8880079702851163e-02,9.8285337776844117e-02,6.8858419444633209e-02,1.1079167307223624e-01
1.3007061650718613e-01,1.3246801332277394e-01,3.0130101016492666e-01,6.0099239708471509e-02,6.9619731374326949e-02,9.8201391222912035e-02,7.1338111831957443e-02,1.1598541610370795e-01
1.6386980295314482e-01,1.1692174288622681e-01,3.5772924940933992e-01,5.3185237037765724e-02,5.3471851518818468e-02,8.0942719758289913e-02,6.6750468288507545e-02,8.6303648453339973e-02
1.3729578577727627e-01,1.3032437252576057e-01,3.2241106526550961e-01,5.6954091721457781e-02,6.1187124424338130e-02,8.6156463493613944e-02,7.6372208466522332e-02,1.1197493935264803e-01
1.3812413585356276e-01,7.0839543142015945e-02,3.5857922112514434e-01,5.5823220321236183e-02,5.9198617552562484e-02,1.0621253598128917e-01,1.3431400913308761e-01,3.6199020177807517e-02
1.3217227948376106e-01,1.1617872194287487e-01,3.1387628195283995e-01,4.5357569816403459e-02,5.3432984570045507e-02,7.4021242138193569e-02,1.5669056991598052e-01,9.1159322837662135e-02
1.2233465506179909e-01,9.5951399540572108e-02,3.2779129538511781e-01,7.0580142768432982e-02,7.7284399062991269e-02,1.2883691043199400e-01,5.7996539792333310e-02,7.9370872175139495e-02
1.6151574788487202e-01,7.7783212186906495e-02,3.8911408309479228e-01,7.0014597941915405e-02,5.7307494606283878e-02,1.0110786015642524e-01,5.4710141371704234e-02,5.2220000139746869e-02
1.2434334269116937e-01,1.1739881626101095e-01,3.1641474422644772e-01,4.7144427166465053e-02,5.8510292063416569e-02,8.0014543684863576e-02,1.4485515729644041e-01,9.2343865187944144e-02
1.0589140375293836e-01,1.3010509076101542e-01,2.7323961148479770e-01,4.8179807472130499e-02,6.2691342625414356e-02,8.1045323887181539e-02,1.6520529704982284e-01,1.2093575654373130e-01
1.4642696148947829e-01,1.0627498820706670e-01,3.3275691871328461e-01,4.3288063616734630e-02,4.2969520029676078e-02,6.6507460483741260e-02,1.7111628291169953e-01,7.4666930847553159e-02
8.0982889890300752e-02,9.4031164318905000e-02,2.8977775288589053e-01,5.6844393414303196e-02,8.4617102013267678e-02,1.3805636429631887e-01,1.3400144320194432e-01,8.3876804128729290e-02
1.4131002222721134e-01,7.0330248941652920e-02,3.5452343134070069e-01,5.7286284547411463e-02,5.5518754700819219e-02,9.9611020543238560e-02,1.4450125053410290e-01,3.9440173912582498e-02
1.1934617595732465e-01,1.2296092624984638e-01,2.9444360495503763e-01,4.6744307959213027e-02,5.7558228117252336e-02,7.6951025823722485e-02,1.6165080510889568e-01,1.0550730809860377e-01
1.4667136369997275e-01,1.0782471464777817e-01,3.4080467016468546e-01,4.4194977854395440e-02,4.9751044914501427e-02,7.2002723962682952e-02,1.4533576052804759e-01,7.2435331608747169e-02
9.0182517303040527e-02,1.3454201577816113e-01,2.5750169738756135e-01,5.0101241618834343e-02,7.3406011017254802e-02,9.3836352202120332e-02,1.5387807765112088e-01,1.3370987490525782e-01
1.0224009933799612e-01,1.4432282724550696e-01,2.5314817952426044e-01,6.3889279890061657e-02,8.2074645187781195e-02,1.1211743232217213e-01,7.9850614798154071e-02,1.4457075608757133e-01
1.6752023566836394e-01,9.7384054426564906e-02,3.5362921620916704e-01,4.0363670175649791e-02,4.0018192892259039e-02,6.5199013213956283e-02,1.5872688579876909e-01,5.7324520186068019e-02
9.6935474306237543e-02,9.0549240105151224e-02,3.0237253117808699e-01,5.8074110457250742e-02,7.5070811319688291e-02,1.2267054286731624e-01,1.4172314924474663e-01,7.6113557220991460e-02
1.1384607355710574e-01,1.2555206449768658e-01,2.8719814170279567e-01,4.7475544040404473e-02,6.0767730758495030e-02,8.0108339653204061e-02,1.5929129777282550e-01,1.1104178250458031e-01
1.5267905722320130e-01,8.2107222478224093e-02,3.7823144249954277e-01,7.0327136373128304e-02,6.0676487707414559e-02,1.0494154474359635e-01,5.6211775628283771e-02,5.8438697932953809e-02
1.3538002486119988e-01,8.8047343359108035e-02,3.4888327644917244e-01,6.8910714320141786e-02,7.4326964463581321e-02,1.2906305193971265e-01,4.9895811137866147e-02,6.1651314209140454e-02
8.8212351744473158e-02,1.3280308611830716e-01,2.6392650238947524e-01,5.0585287539191448e-02,7.4953171943245508e-02,9.6605642829142177e-02,1.4833543715182637e-01,1.3101966730287695e-01
6.8461403029111689e-02,7.7769306743624561e-02,3.5408568450795014e-01,5.3972147953068185e-02,9.2423075079429984e-02,1.6006449163086992e-01,9.8570529877534091e-02,4.9813052767067489e-02
9.9688533737600851e-02,7.9625301160977366e-02,3.4423119782495221e-01,5.5313052765367597e-02,7.6545920492577010e-02,1.3352567066513765e-01,1.1815915412582739e-01,4.8764304803976186e-02
9.2313518255625476e-02,8.8543750387010137e-02,3.0977467823923455e-01,5.6562066378574992e-02,7.9353547234354532e-02,1.3221906718836884e-01,1.3101693272301149e-01,7.0638698016846649e-02
1.0347044706512185e-01,1.3025120244150185e-01,2.7257501703770171e-01,4.8652911532757775e-02,6.5992883800909091e-02,8.5318146670456077e-02,1.5808882988249595e-01,1.2187277829554551e-01
1.4162419808524421e-01,1.0984710509625642e-01,3.2601205968058550e-01,4.3827715968625169e-02,4.5850826516353464e-02,6.8039370824330023e-02,1.6824387857046713e-01,8.0646468717684314e-02
8.1140411295386766e-02,1.2752000943492217e-01,2.6311856730094846e-01,5.7542314021962922e-02,1.0760319446057277e-01,1.1281232102848046e-01,9.2874170788457736e-02,1.5581264904930109e-01
9.4009922175310845e-02,1.3901726604945730e-01,2.6143489871405351e-01,6.7078915309099874e-02,8.6401218377897104e-02,1.2189697931333406e-01,7.3908199502790525e-02,1.3603425361911686e-01
9.0598581160889952e-02,8.7688715844075810e-02,2.6462088225798297e-01,7.3622207286677940e-02,1.3827361985403647e-01,2.0407002467968480e-01,9.3515487058826487e-03,8.8947237992266143e-02
6.8554847071226888e-02,7.5347809080783937e-02,3.6481038705119018e-01,5.3903268032237418e-02,9.2442068759052753e-02,1.6074925156162473e-01,9.4254656985415727e-02,4.4425089545083812e-02
3.2841195745122836e-01,2.0998865749774564e-02,3.3436359964190743e-01,9.7972843146244271e-02,4.1491829999423545e-02,6.4507272020430606e-02,2.6780705531606722e-02,4.9625522279404470e-02
2.9672286499390083e-01,7.3568656914800259e-02,2.8274644734817833e-01,7.2598649281805400e-02,4.2467771925528627e-02,9.4057508797773123e-02,5.3649021694627312e-02,4.5436002724107749e-02
2.2954655767141796e-01,5.0978498613060766e-02,4.1272098986315653e-01,7.1143761009410889e-02,4.2379406040310652e-02,8.6410924134367101e-02,4.4639531841971239e-02,2.5725044410295949e-02
1.4285198531910348e-01,6.4718095994489078e-02,3.4026872361501675e-01,7.3633672685465903e-02,4.0786627425851166e-02,7.9326713069618984e-02,1.8549868434170844e-01,4.4366570068526172e-02
1.9147121102631745e-01,6.4272898568459622e-02,4.1369637709410667e-01,6.8114056534776313e-02,4.9410606713732874e-02,9.3877733675948621e-02,4.8271382754468475e-02,3.3818064698692377e-02
1.4346308886126283e-01,1.0442679704823900e-01,3.3460723592682545e-01,4.4527470171810503e-02,3.9800751695123981e-02,6.5239036917495705e-02,1.8088028421225535e-01,7.2221103176209445e-02
1.7734490662478344e-01,7.0593201431602817e-02,4.0011848702079911e-01,6.5758912071705658e-02,5.8235197583263350e-02,1.0798568063135092e-01,4.2932498208937860e-02,3.4159215833059267e-02
1.3341015560076316e-01,1.1021242270584297e-01,3.2469908717979690e-01,4.5595792138201856e-02,4.2953519796250235e-02,6.6231195724092778e-02,1.8124150816202461e-01,8.2007667245785953e-02
6.9043338476336549e-02,1.3859305584557258e-01,2.3780355167448330e-01,5.2032837625159638e-02,8.5949229050971854e-02,1.0893290407737680e-01,1.4637789378247493e-01,1.5114889638789750e-01
9.3177177101400901e-02,9.3578769172991419e-02,2.9313205208876236e-01,5.9164767218792179e-02,7.5055314718393384e-02,1.2055031957404896e-01,1.4771063230272594e-01,8.3215980309573612e-02
1.5089390304027270e-01,1.0566033319467712e-01,3.3591569758235007e-01,4.2607608898337881e-02,4.4219693733339727e-02,6.7279053230599767e-02,1.6336893231524965e-01,7.2491948948002274e-02
1.2538502046161937e-01,7.6711471405172121e-02,3.3707981324717473e-01,6.2644783936034676e-02,5.3942501710019450e-02,9.3463278754191539e-02,1.6379107979062391e-01,5.5709986725689831e-02
9.5163407828397759e-02,8.3531901576458137e-02,2.8945483444604131e-01,6.6813469122409430e-02,8.6645134198202287e-02,1.4593162821051467e-01,1.1418598212871420e-01,7.4829101043512328e-02
2.9288237162448150e-01,2.6130280953627183e-02,2.3346385894842714e-01,9.6798960334945547e-02,3.8245174724208929e-02,5.8970518300130614e-02,1.8157708636952469e-01,3.7749119872867193e-02
3.1249358643776221e-01,3.7151502850182774e-02,3.5570868920250492e-01,9.6864000544146039e-02,4.0033966674750211e-02,5.2083230710876505e-02,2.3984835246237322e-02,4.6679765490695940e-02
2.8122548678830750e-01,3.8600179410967779e-02,4.1440413273888582e-01,8.0002667902598024e-02,4.0334146017304950e-02,5.7735554519591642e-02,2.2836576745877663e-02,3.2290234974950059e-02
2.4956315207874882e-01,4.2731727624258004e-02,4.4419304988898323e-01,7.2500685419764538e-02,4.4332833794112916e-02,6.7282655800647934e-02,2.5476015491840757e-02,2.0658688438385579e-02
2.1281999689095887e-01,6.5130795699509469e-02,4.0388692469203852e-01,7.8959970444862818e-02,3.9541153175483526e-02,7.6749729431787650e-02,4.7836241814048414e-02,3.9589974522318730e-02
1.7532405929375502e-01,1.0833539826734689e-01,3.8341155081618605e-01,5.4943135091625593e-02,3.6978590435318898e-02,7.1339118434974202e-02,6.8312442572586882e-02,7.9254732152975793e-02
2.3077713586378074e-01,4.7231224317228697e-02,4.3956657667027704e-01,7.5166732644430453e-02,4.3526839495936873e-02,6.9134390972368995e-02,3.1793184139535455e-02,2.9319319252122340e-02
2.2596593808703777e-01,5.0158163818169663e-02,4.3522254640271441e-01,7.3836129734157152e-02,4.8978504924485584e-02,7.5557588886855168e-02,2.9765308878454723e-02,2.5187381843107481e-02
2.0007616947560020e-01,1.0531676692255812e-01,3.8879325080868493e-01,5.1589378383303484e-02,4.4539188107509398e-02,7.0940389793716876e-02,5.3735499923214573e-02,6.2080606963828062e-02
2.0394166790479895e-01,5.1428531054646787e-02,3.5842599821517940e-01,6.3833482522590926e-02,3.9022953159911299e-02,7.5799326596758976e-02,1.6159367991376006e-01,1.2707154033275825e-02
1.3876406586589424e-01,6.7883970795040868e-02,3.4126390847472221e-01,7.1528944302260727e-02,3.6069834936976158e-02,8.1092524195909677e-02,1.7740043273605394e-01,5.3202263269444799e-02
6.8121952559215188e-02,9.0499871070915380e-02,2.2595853801811369e-01,6.7627321650891470e-02,9.6741350222599554e-02,1.6869584511339844e-01,1.2428741241940920e-01,1.1725183990045657e-01
2.0390932949113769e-01,6.7449533687893026e-02,4.1426183638242609e-01,6.9204626355853407e-02,5.0717303612033443e-02,8.9105481627877403e-02,3.8775319866806192e-02,2.8910393579566034e-02
1.4973185207543210e-01,8.2704271230112703e-02,3.6911253762933216e-01,7.7593885466322815e-02,5.0703825141852892e-02,9.9081293572817128e-02,6.0981085801247080e-02,7.2851891528926641e-02
2.2772052642665933e-01,7.7393794529355270e-02,3.3628978066242732e-01,3.9118652279526010e-02,3.1073726706457343e-02,6.7456870335770525e-02,1.7589689878895401e-01,2.1245125547809759e-02
1.5431472264102292e-01,1.2273559587852180e-01,3.2207330130024542e-01,6.1677479826228482e-02,5.1757145999593045e-02,8.3351353224614538e-02,7.1567441149531397e-02,1.1073364814973348e-01
1.4181735937332646e-01,1.1070798688183962e-01,3.0567227735254177e-01,5.0453965337482830e-02,4.0915533513623308e-02,6.7940764857255587e-02,1.7047960998015751e-01,9.4010111832100812e-02
1.6346266446790966e-01,7.5671218810148447e-02,3.9826189622007274e-01,7.9494886230631820e-02,4.0656704545126938e-02,8.5393953015510282e-02,6.0892398782880365e-02,6.0807968397712429e-02
1.6686190512471882e-01,7.8406713307390366e-02,3.8179281749360644e-01,7.4569534728374992e-02,5.2470470450795281e-02,9.7626920155332114e-02,5.2387900254386659e-02,5.7896226569233288e-02
1.5577846179277599e-01,1.1927360667873151e-01,3.4032951770177644e-01,5.9872804153851857e-02,4.5566279973876314e-02,7.8970279849105859e-02,7.3715808126175175e-02,1.0506909756386298e-01
1.4237822058424804e-01,8.8137190804860169e-02,3.3894760587057748e-01,7.7327504263362004e-02,6.1267644730689907e-02,1.1274994776768660e-01,5.8332908923263573e-02,8.1003493217775252e-02
1.3723484040276834e-01,1.1364504554651918e-01,2.9562436881457921e-01,5.1637051722860441e-02,4.3712957671150660e-02,7.0231753769841254e-02,1.6880238127898872e-01,1.0125428809297760e-01
1.5156238147672035e-01,1.0391809684392805e-01,3.2566493089067255e-01,4.8074831235626100e-02,3.5058431461186652e-02,6.4133092280905080e-02,1.7479079629924441e-01,7.8369647875916729e-02
1.4097785685428199e-01,8.8000381515507264e-02,3.4137347412259839e-01,7.7708470100588345e-02,5.9211779123854405e-02,1.1068240386462172e-01,6.0333705375531232e-02,8.2498581991821487e-02
1.8831823144508353e-01,6.9969989636177135e-02,4.0849567630742634e-01,7.4355023217895028e-02,4.4111765603959206e-02,8.5161949204946977e-02,4.9973198164525494e-02,4.3704000013790760e-02
1.5542581450608756e-01,1.0048019266519495e-01,3.3357792835828765e-01,4.7267391253664387e-02,3.1999375998036587e-02,6.2996683053669858e-02,1.7817714873259069e-01,7.1315928634651873e-02
1.3084190873665791e-01,7.4691509432100248e-02,3.2582556732390411e-01,6.8020011734347852e-02,4.6434951996882107e-02,9.2055064969064113e-02,1.6381560836534612e-01,6.3693347706007958e-02
1.4905722998371290e-01,1.0822503969447758e-01,3.1465946149042545e-01,4.9207670593437454e-02,4.0454989350550336e-02,6.6318640822889699e-02,1.6775378864615761e-01,8.5991656965475088e-02
1.2245770842188602e-01,7.9322571062977174e-02,3.0979014902993657e-01,6.7895468331085923e-02,5.2067385408205574e-02,9.9506629251951889e-02,1.5952704073314439e-01,7.3771016212077545e-02
1.3043701813384911e-01,1.1784403123943586e-01,2.7995886041049783e-01,5.3474964549679128e-02,4.8352732058491957e-02,7.4363480754834829e-02,1.6592789063255442e-01,1.1196350527730373e-01
1.5073950871160757e-01,1.2450718133514410e-01,3.1349080276653735e-01,6.2701483631959903e-02,5.3429862112014753e-02,8.5331303305786060e-02,7.2591947713877780e-02,1.1544835346040452e-01
1.3573968459385044e-01,7.2993839878126646e-02,3.3125939800602228e-01,6.7477146795070678e-02,4.5819485892583257e-02,9.0490262693671830e-02,1.6273867159749322e-01,5.8875319908207553e-02
1.9392901466238313e-01,7.1564672755211833e-02,4.0296936985950216e-01,6.9853559172102078e-02,5.5266443811916879e-02,9.5188710589039952e-02,3.8456905230091695e-02,3.3480909167504756e-02
1.4298598834166901e-01,7.4765868262313115e-02,3.3162987879688838e-01,6.3994577064933819e-02,5.7836004611450643e-02,1.0038812367613262e-01,1.3970414722489144e-01,5.0354787708191996e-02
1.2931938839862689e-01,1.1729686943942970e-01,2.8134897212875198e-01,5.3251197622042550e-02,4.6267770669275454e-02,7.3454414789214412e-02,1.6948672398253009e-01,1.1206509532595660e-01
1.8257145418176046e-01,1.1130915266320923e-01,3.6877879968896038e-01,5.5197770958589840e-02,4.5793869779832179e-02,7.4228678654154820e-02,6.0814558482827422e-02,7.8841502413246861e-02
2.2176374123578488e-01,6.1932238049951148e-02,4.2124173362508238e-01,6.9334582267077435e-02,4.6114407586232704e-02,8.2297816179245212e-02,3.7826861584757378e-02,2.3454751403288208e-02
1.6825071265168354e-01,1.2084695059677346e-01,3.2864801698061336e-01,6.2102191013769521e-02,5.8811538859410456e-02,8.4403284217446833e-02,5.8674480067931127e-02,9.4664193474476882e-02
1.5377720169466502e-01,1.0583587755930911e-01,3.2202305633556000e-01,4.8173042778179319e-02,3.8928595612788046e-02,6.4910098533933688e-02,1.6796500311220647e-01,7.9886241525758184e-02
1.8735537295859378e-01,7.2519490989405064e-02,4.0031176323116741e-01,7.1391223011531280e-02,5.2252756385652493e-02,9.3486961343868288e-02,4.3868359876034262e-02,4.0658683958258550e-02
1.1754451190609480e-01,8.2499861578713418e-02,2.9717132970487620e-01,6.7519605973701546e-02,5.7927988639605285e-02,1.0688235666673841e-01,1.5371389156389717e-01,7.9853770243015168e-02
1.5917107788314253e-01,1.1676203421424897e-01,3.5173750388923070e-01,5.8725439983223271e-02,4.2891869839272997e-02,7.6707974562306935e-02,7.3152184832329020e-02,9.9385658543170843e-02
1.2332159971670083e-01,7.9961403987684532e-02,3.0766447891206483e-01,6.7226572745477248e-02,5.4890535709368235e-02,1.0223653441881655e-01,1.5503265631068577e-01,7.3254978818729249e-02
1.6742522816702032e-01,6.4962482723763162e-02,3.5939252528023996e-01,6.1923473732548230e-02,4.8962774990402823e-02,8.7053322236554820e-02,1.4471682611237283e-01,2.9320877808015601e-02
1.8974532115553552e-01,9.1551361014892613e-02,3.5751881751344133e-01,4.1208731273708221e-02,3.4588926321545553e-02,5.9743763716185831e-02,1.6279094893323884e-01,4.3039799181215935e-02
1.9286879266485962e-01,1.1041015055687642e-01,3.7175037169161279e-01,5.4841214931543814e-02,5.0122388771731717e-02,7.4234655112814824e-02,5.2823498048174912e-02,6.9560631254877922e-02
1.5225301822266737e-01,6.3046837080057455e-02,3.4180903746374702e-01,7.4493787547780438e-02,3.2083739780798079e-02,7.5970743326546381e-02,1.8314778968172227e-01,4.4563052743812462e-02
9.8656879779007250e-02,8.8204711327579927e-02,2.6688939206617324e-01,6.7217032046107794e-02,7.7504912792513980e-02,1.3455949461941616e-01,1.3396473432090647e-01,9.2269162967792084e-02
1.7175475440260662e-01,1.0282193100456491e-01,3.3798402996984656e-01,4.6116310009173933e-02,4.3096571216629291e-02,6.2599075264658133e-02,1.5263854237113239e-01,6.3412903149246455e-02
1.2339701146378167e-01,7.9918715667258208e-02,3.0782876716172303e-01,6.7228228535098286e-02,5.4821484733660983e-02,1.0214645175085457e-01,1.5509466109263489e-01,7.3167639162051379e-02
1.4650540817727151e-01,7.4037910871925225e-02,3.3723332670846085e-01,6.3252234938687368e-02,6.0122454104868120e-02,1.0167554999121710e-01,1.3336444520196777e-01,4.4427451144032896e-02
1.4211559781585464e-01,7.3498472221352654e-02,3.3241922781159200e-01,6.5024069649682978e-02,5.2081562155495864e-02,9.5083307045393139e-02,1.5006910394032388e-01,5.3242944226566814e-02
1.1579864015741326e-01,8.3852533260753107e-02,2.9154289860833998e-01,6.7067219285568844e-02,6.2466816877282519e-02,1.1228279894076627e-01,1.4788698581896720e-01,8.1106197346200809e-02
1.7251897639910657e-01,6.3624996379210472e-02,3.6418478672168425e-01,6.1064710526964480e-02,4.9370340902982486e-02,8.6386860245616467e-02,1.4190535270963858e-01,2.4447139048181597e-02
1.5744088886889540e-01,1.0757476805564548e-01,3.2047493634971708e-01,4.8569008663872371e-02,4.3856265165280968e-02,6.5821551019793006e-02,1.5828523248372031e-01,7.9043573083970489e-02
9.7814442916147951e-02,1.3015083132426342e-01,2.1721581202071036e-01,6.1374370169805681e-02,7.0311968149963613e-02,9.9588184778979877e-02,1.5380434635029647e-01,1.5374263390181944e-01
1.4125070991490479e-01,1.1446097857511621e-01,2.9544168597310122e-01,5.1954730847159389e-02,4.8182213227808371e-02,7.1486944095825886e-02,1.5992261837306027e-01,9.8943192405774330e-02
1.0890481048997382e-01,1.2434894412495784e-01,2.5480751909298649e-01,6.1477089477315588e-02,7.1346813314595303e-02,9.5009486319820632e-02,1.3863972048210885e-01,1.2792836984882827e-01
1.1642179858542527e-01,8.3786903389189579e-02,2.9210943455419508e-01,6.6809168464820948e-02,6.3758429572326206e-02,1.1353103500463717e-01,1.4542771860389747e-01,7.9743950634009159e-02
1.3052276026056758e-01,1.1587480612248696e-01,2.8653308525473820e-01,5.2711163821099513e-02,4.4078592700951894e-02,7.1945762199837573e-02,1.7179122134245609e-01,1.0903869815498325e-01
1.1888943366879279e-01,1.2373790723060620e-01,2.5473167921855683e-01,5.6542749215654838e-02,5.6499403909783648e-02,8.2669469816060659e-02,1.6102876004780839e-01,1.2856475669657128e-01
1.5923508517947790e-01,6.7924388022150506e-02,3.5142408259931956e-01,6.2800988010551853e-02,5.0522344050426944e-02,8.9988190161933879e-02,1.4508928568970106e-01,3.6454938723539290e-02
1.4434002473980240e-01,1.0612651575149604e-01,3.1884068439325380e-01,4.9320508210613720e-02,3.5000702279322740e-02,6.5193314312699868e-02,1.7770656112005875e-01,8.5328745520405799e-02
1.6012654601033399e-01,1.2374544133429324e-01,3.1457757167975681e-01,6.3924152212457980e-02,6.0759979980270530e-02,8.7828192251744236e-02,6.1828402122525952e-02,1.0382887905286463e-01
1.7011033897411559e-01,9.5700127143139968e-02,3.4479262144749784e-01,4.4686725422121050e-02,3.1845325066593724e-02,6.1601689809552523e-02,1.7391504005284361e-01,5.8021799917235828e-02
1.2497852133187529e-01,8.0201529025467316e-02,3.0740910669679283e-01,6.6516568675153903e-02,5.7742812117103491e-02,1.0481150487078456e-01,1.4984260406934963e-01,7.1224949336993651e-02
9.7672208879302419e-02,1.3738944906589773e-01,2.0504781114835954e-01,8.0814545877017419e-02,9.0586639264687588e-02,1.3161710262961557e-01,7.4475973411431654e-02,1.6155022635038965e-01
1.1878645745302921e-01,1.2397624224848142e-01,2.5561734840958494e-01,5.7679135758223872e-02,6.1245162692194939e-02,8.5666944346818458e-02,1.5274595428965071e-01,1.2657202022677078e-01
1.1634587111582613e-01,8.2863459122517469e-02,2.9553918775239613e-01,6.7686143583549505e-02,5.7926030594408484e-02,1.0718321273593084e-01,1.5438846818424445e-01,8.1252322675800320e-02
1.4658618277615415e-01,1.0745818845561059e-01,3.1582596437027477e-01,4.9248152848247996e-02,3.8012533352612184e-02,6.5870405528837772e-02,1.7246397644496386e-01,8.6353855166631965e-02
1.0343151532955235e-01,8.7572067248596577e-02,2.7198280211882608e-01,6.7163876349756749e-02,7.3515810072835239e-02,1.2839267987762379e-01,1.3777366680827852e-01,9.0087024326538881e-02
1.0449209807839537e-01,1.4072671919584284e-01,2.0297517722251288e-01,7.6416683296183466e-02,8.1642477511374392e-02,1.2239980634503574e-01,8.1558304182598920e-02,1.6888848193176631e-01
1.4984113013265052e-01,7.3113027963670349e-02,3.4572989124752190e-01,6.2556970971251291e-02,6.3301869660975313e-02,1.0374869417183398e-01,1.2457489552327584e-01,3.6217169196968407e-02
9.4690354958576972e-02,8.8661852216824516e-02,2.6248910408721426e-01,6.7309037876505801e-02,8.0242135867952299e-02,1.3909209364881389e-01,1.3186621331981818e-01,9.4599949877755135e-02
1.6216939207443956e-01,8.3025478294980928e-02,3.5727840602402272e-01,7.4681197306093489e-02,7.4152191790249053e-02,1.2221544584163158e-01,3.4559474155923031e-02,4.5923537537106596e-02
1.3289047880173477e-01,1.1462762881432602e-01,2.9127976346680262e-01,5.2192607236123054e-02,4.3066750301639173e-02,7.0870190827052898e-02,1.7191920895402654e-01,1.0554862853527083e-01
1.0728304085028408e-01,8.6884499064869822e-02,2.7647849623933235e-01,6.7562143106578085e-02,6.6791875966216899e-02,1.1950850868369894e-01,1.4659515480752683e-01,9.0383245867998036e-02
1.4707256244587438e-01,1.1269497245607515e-01,3.0362316228206487e-01,5.1165262787558251e-02,4.8230664096952314e-02,7.0013819126066426e-02,1.5647857242040564e-01,9.1989168473263286e-02
1.2304327609711505e-01,7.9916874559084763e-02,3.1742660382011606e-01,6.5056644219189649e-02,7.3952982507433665e-02,1.2242849716146073e-01,1.1978263492211842e-01,5.5693691717701242e-02
8.1408254081650228e-02,1.3155625670913690e-01,1.9414821034956603e-01,6.4923182722698994e-02,8.2164541683840589e-02,1.1489106397386384e-01,1.4637383065864135e-01,1.7083903382824395e-01
1.6741724037823846e-01,1.1060231735906767e-01,3.7724876318049105e-01,5.6399312651375336e-02,3.6750726452931155e-02,7.2174792507958788e-02,7.1694159579817868e-02,8.5854560753501938e-02
8.9393183705752069e-02,8.7965144781540411e-02,2.6219163905560644e-01,6.7273589484861535e-02,8.5343611582190865e-02,1.4688304273916031e-01,1.2540925904666630e-01,9.3682507554076047e-02
1.5530753263243785e-01,1.2324027064330034e-01,3.1880413654704592e-01,6.2102292933188676e-02,5.3724875893859284e-02,8.4453168343370300e-02,6.9920495234824534e-02,1.1040440944526561e-01
1.2497811021728418e-01,1.2188333125234524e-01,2.6617769150039267e-01,5.6389989637128081e-02,5.8452336449069581e-02,8.1878949010747951e-02,1.5314676964034649e-01,1.1905216602710041e-01
9.3007214211308017e-02,1.2967914827763399e-01,2.1609443615524693e-01,6.3032161077940810e-02,7.5639086040137582e-02,1.0504401675903430e-01,1.4701050839270141e-01,1.5496235681813675e-01
1.1382814430736592e-01,8.4687035519930731e-02,2.8824227473742609e-01,6.6590038139432275e-02,6.8116971472725871e-02,1.1909173516906946e-01,1.3975412347427554e-01,8.0190596889369539e-02
1.4246686150497090e-01,1.1336403941969810e-01,2.9879063110861442e-01,5.1394637231645258e-02,4.6438308462507225e-02,7.0339731380741857e-02,1.6198627768371793e-01,9.6919496569294467e-02
9.4362170153832206e-02,1.2958434666310323e-01,2.1767267128655915e-01,6.2724567451339433e-02,7.4696528110500010e-02,1.0384605794521300e-01,1.4767587963345377e-01,1.5373792456256621e-01
9.7522577078014913e-02,1.1744699003839525e-01,2.8827685282851401e-01,6.7987797998341010e-02,8.3544047434444352e-02,1.0312578319063438e-01,1.1187953055177857e-01,1.1442594437182300e-01
1.3258218879997807e-01,9.1902811982586180e-02,3.1941236306087611e-01,7.8512306267743581e-02,6.5065462549845771e-02,1.1961273492420833e-01,6.1112359375939902e-02,9.1312690295142829e-02
2.1480942816387127e-01,9.4933066874673053e-02,4.1008193675258231e-01,4.9042128428992741e-02,3.3392049835181938e-02,6.8495078926233494e-02,5.5980101962816504e-02,4.8790752946207161e-02
1.4414937282484547e-01,1.0949379611325563e-01,3.0973360182564674e-01,4.9945161758322518e-02,4.0070390238401123e-02,6.7119646869245528e-02,1.7059029985178498e-01,9.0803495156981384e-02
1.2822457639154158e-01,9.3798530635435320e-02,3.0743026834868176e-01,7.8949714631922283e-02,6.8553911566257800e-02,1.2494910370792277e-01,6.1220453544951696e-02,9.5621013291560628e-02
2.5574919209172714e-01,4.5295087046970869e-02,3.9126108774323570e-01,9.5676477625751738e-02,3.6480937278224018e-02,4.9027847891580413e-02,3.5634984264726006e-02,5.4620384020906729e-02
2.1165617599800637e-01,4.2951180465406330e-02,3.7921518065246429e-01,7.1825365252553175e-02,3.9883003703635088e-02,5.8221655807192046e-02,1.5366562750077381e-01,1.0847849545089277e-02
1.5519714782667507e-01,1.0124955094341169e-01,3.3684538391266505e-01,4.9491702867940579e-02,2.5762741546861669e-02,5.4308050932226355e-02,1.8319757116734323e-01,7.6049187602437660e-02
1.6414877416888651e-01,8.6115804184599118e-02,3.8240930151148345e-01,7.7076612542196304e-02,5.2447213635649470e-02,9.1545857293707053e-02,4.9219093151802500e-02,5.9778114101657065e-02
1.5371211348736974e-01,8.5123759881360339e-02,3.7486521141648349e-01,7.8866478980789495e-02,4.6269997851812746e-02,8.8808447852145381e-02,5.8683166463091491e-02,7.8301735754621821e-02
1.7350236607960881e-01,7.1803775671118411e-02,3.8033313414629988e-01,6.4654147671819054e-02,4.8339425734468658e-02,7.5903956631494879e-02,1.3958747725984219e-01,1.0227605440857561e-02
1.2540884540944455e-01,8.3621223677229461e-02,3.2134950421389602e-01,6.9485771101681845e-02,4.6842072168011187e-02,8.7894882176639905e-02,1.5511731633274140e-01,7.7053564865030899e-02
1.3910598493118412e-01,8.4992138226964803e-02,3.5219228819421400e-01,6.7760791901975537e-02,5.6196808356670201e-02,9.0332316833053192e-02,1.3137550710364854e-01,4.0990016536329166e-02
1.1510253878846603e-01,1.3151263357569404e-01,2.6887181525546883e-01,6.0081887338302518e-02,4.9398551012354075e-02,6.9298450541139228e-02,1.5660867546517976e-01,1.3600532877141677e-01
1.6108055466305074e-01,1.0910108352371120e-01,3.4100895671553455e-01,4.9485038775098182e-02,3.4813274609352067e-02,5.3087725883638116e-02,1.6430016267407771e-01,6.9913143613218168e-02
1.3011034893504200e-01,1.4004381134137517e-01,2.7886718539472721e-01,7.1761315840101481e-02,5.7061689741485330e-02,8.5100466857201545e-02,7.3694588008459044e-02,1.4555402106830395e-01
2.1184412418593127e-01,6.8679544599404396e-02,4.0870351683073936e-01,7.7748008468192006e-02,4.3546617564025406e-02,7.4292742482960264e-02,4.5333915062095491e-02,3.3544321517689761e-02
1.7315932625657660e-01,7.9554911345214904e-02,3.9753275942788358e-01,7.7004794430232670e-02,4.5623669183366987e-02,8.3203879538872594e-02,5.1930454561204126e-02,5.6242724531904383e-02
1.6342020381526143e-01,1.0359324273708603e-01,3.4355904492254513e-01,4.8281058999100686e-02,3.0456211953373200e-02,5.3308251799096276e-02,1.7273029601450657e-01,6.6889218979397091e-02
1.4001871829273768e-01,8.5973934982135417e-02,3.6322181229558609e-01,6.7866801875383700e-02,5.9508513993141506e-02,9.2014089435360574e-02,1.2300520213535615e-01,2.9861114737175894e-02
1.3135816113510188e-01,8.2681110719116421e-02,3.3041943492900167e-01,6.8836153783161699e-02,4.7820923914598933e-02,8.6788347237966773e-02,1.5123464472405990e-01,6.7021910254669997e-02
1.2925696354219421e-01,1.2223614649173789e-01,2.9172843321026543e-01,5.5455779607893149e-02,3.9036729922006651e-02,6.0624222313646434e-02,1.6767241706575908e-01,1.1979672083218033e-01
2.0406161933363945e-01,7.5664280586641333e-02,4.2383740230304190e-01,7.2292373329699344e-02,5.2575521536803761e-02,8.1914474830884057e-02,3.5247163727967386e-02,1.6527936417957530e-02
1.5793421293814974e-01,1.0657567603106785e-01,3.3787296627492253e-01,4.9309539913440809e-02,3.1365475737107740e-02,5.3550476983017868e-02,1.7171676226217289e-01,7.4546813433449516e-02
1.2800887224735000e-01,1.2403884252121125e-01,2.8906560598536379e-01,5.6188801967848853e-02,4.1156065580551224e-02,6.1732087345026207e-02,1.6468715474462867e-01,1.2099080477918826e-01
1.4996492011373394e-01,1.1654367282004932e-01,3.2634928648558020e-01,5.2573553853944743e-02,3.9176490681830503e-02,5.5311520669430729e-02,1.5906446478646077e-01,8.4700785274220994e-02
8.4853164373730847e-02,9.8253877717520699e-02,2.8110836272337808e-01,7.1133478353174420e-02,7.2587621423034848e-02,1.2734493603914757e-01,1.2703469041918730e-01,1.0143048596286582e-01
1.6719777211013512e-01,9.0285981983943872e-02,3.8718060421498207e-01,7.7134987591733900e-02,6.1880559266010597e-02,9.8409191650918354e-02,3.7554580497404066e-02,3.9656872802846049e-02
1.5190456291988100e-01,1.1084755099094366e-01,3.2973409793362979e-01,5.0725007278804461e-02,3.3533713679460168e-02,5.4309907142345279e-02,1.6898265256715003e-01,8.3534726163653053e-02
1.6094152546776364e-01,1.2326578038500370e-01,3.4852267309618473e-01,6.1610617827389892e-02,4.1955838432967789e-02,6.7977690448733030e-02,6.9154681604271212e-02,1.0726722502158280e-01
1.4125225665583990e-01,7.9893350028790167e-02,3.4420961973408870e-01,6.7969691058212017e-02,4.7401357562724046e-02,8.3446712323860375e-02,1.4875061884427118e-01,5.2808315748953942e-02
1.3594437201956117e-01,8.5858405756287046e-02,3.4762225637918809e-01,6.8034981252322907e-02,5.6555585693273291e-02,9.1725517630406664e-02,1.3195872996963487e-01,4.5353477453174876e-02
1.5868015378466421e-01,1.0432732428756007e-01,3.3914972179816455e-01,4.8967026610845024e-02,2.9566049601463341e-02,5.3643492265219174e-02,1.7514071105866785e-01,7.3095809547280038e-02
9.2117918889325967e-02,1.3853149102762000e-01,2.3524998774162206e-01,6.4945569733066658e-02,5.9665408655572995e-02,8.3727863886937454e-02,1.5121960569188281e-01,1.6424080560446636e-01
9.2080868522684642e-02,1.3851401029546251e-01,2.3701403285377134e-01,6.5121267094644358e-02,6.0028076713433499e-02,8.3789659135888164e-02,1.5024995155104340e-01,1.6285705567644171e-01
1.7421842934629936e-01,8.5174531483642735e-02,3.9459816846209744e-01,7.5804755097905976e-02,5.5258073414927340e-02,9.1038764218806675e-02,4.2255211916891910e-02,4.3203593919501321e-02
1.6006415119134715e-01,1.2592298688982478e-01,3.4262474468814147e-01,6.2868004550061987e-02,4.5113787818028626e-02,6.9513617333916033e-02,6.7235127644086540e-02,1.0722104836778941e-01
7.8756640501140993e-02,1.5026184441089013e-01,2.0188217270157907e-01,8.7031152216618723e-02,8.2470307529677891e-02,1.2206162792222644e-01,7.7921315597428542e-02,1.8726433406584972e-01
9.5051031813270598e-02,9.6678046930419620e-02,2.8346942535662162e-01,7.0614429652669897e-02,6.6064302119930016e-02,1.1690967651616675e-01,1.3504129655281824e-01,1.0054480910798622e-01
1.2518235332539757e-01,8.8919035940774480e-02,3.3211901104935587e-01,6.8905893004491986e-02,5.8423998331860336e-02,9.7200098053418726e-02,1.3301920345234408e-01,5.9533302829870891e-02
1.4462218539723662e-01,1.1012260633512840e-01,3.2243341868872244e-01,5.1327202359957129e-02,3.0387729124728410e-02,5.5013368262811363e-02,1.7640470002135170e-01,9.3732805359641541e-02
1.0464628654101180e-01,1.3539767407561651e-01,2.5691683539836518e-01,6.2861018023701767e-02,5.5120669167760428e-02,7.5750498923526560e-02,1.5144978484325969e-01,1.4570962820594152e-01
1.0610977879862098e-01,9.4150328049666179e-02,3.0535798828039251e-01,7.0172935370804046e-02,6.3865238493526919e-02,1.0965937006651125e-01,1.3209701875782054e-01,8.2096261108326393e-02
2.0731222190736370e-01,3.7763809681993200e-02,4.5585496026582406e-01,8.4009119281838782e-02,2.6306239141363819e-02,6.9165267275905912e-02,3.5476680068108397e-02,4.4764414298870667e-02
3.1007768610686898e-01,3.2237937674603347e-02,3.9594639536515008e-01,6.2603169244191459e-02,2.1705741848816951e-02,6.0138563470496009e-02,2.9739508506738503e-02,4.8481295088423623e-02
1.9544806837059051e-01,5.6355780183156193e-02,3.9477138113577070e-01,1.0493854455168918e-01,2.0821378864470656e-02,6.8836567226262191e-02,5.0826064794935899e-02,5.6775900757233454e-02
2.1832792413879823e-01,3.3381306343773690e-02,4.5616392792728117e-01,8.3963455422505190e-02,2.5456188312300242e-02,6.5790400330220017e-02,3.3732996475945742e-02,4.4441758543966405e-02
2.1403193644674148e-01,5.0517274552658732e-02,3.8770558509359160e-01,4.7004920979894907e-02,1.6400971816429522e-02,5.4867197592097135e-02,1.6729527879744352e-01,4.0229645631596672e-02
2.2331100223538797e-01,3.2328182129046014e-02,4.5463346115166964e-01,7.9695123714727811e-02,2.9964268167628403e-02,7.1026896127617534e-02,3.2906887518315421e-02,3.9877916933700741e-02
1.7177696666014616e-01,3.6704833298589999e-02,3.8610463953701407e-01,7.6319788438024602e-02,2.6133923866374552e-02,7.3505042816642011e-02,1.5690857164822117e-01,3.6193521709409295e-02
1.5514290255524871e-01,1.0951436929788795e-01,3.9289773017679586e-01,6.1284845344029455e-02,2.5849703947018375e-02,8.0961812124778612e-02,6.2799344158733145e-02,8.0000070936871989e-02
1.8425554846766060e-01,5.8192468475669237e-02,4.2691459526600450e-01,7.8699149847914512e-02,3.1288520779324418e-02,8.8386430103453192e-02,4.6591375941640055e-02,4.4833036953961562e-02
1.4377735232497998e-01,6.5034530977690450e-02,3.5411408204904166e-01,7.0235304559358891e-02,3.6826114475166427e-02,9.6947429472568347e-02,1.4940162261395010e-01,4.4909452302435912e-02
1.7872231389091875e-01,6.7784356745922453e-02,3.8156879473695055e-01,5.3266366696361936e-02,1.6285085896430691e-02,5.7141208592777611e-02,1.6836390027780096e-01,5.2236287509735982e-02
1.9010831182344151e-01,9.2098712543147720e-02,3.9068278081495783e-01,6.7007435644022145e-02,3.5803867580581399e-02,7.2918662702204706e-02,5.1141702179815736e-02,7.5604739137794599e-02
1.4731383019629896e-01,9.3573372368917343e-02,3.3715465602416766e-01,6.1642282939738793e-02,2.6927349151053423e-02,6.6941496612970469e-02,1.6274054637735108e-01,7.8778095572762885e-02
1.4349854312088936e-01,9.6114551502674089e-02,3.4980352970743178e-01,5.2336331182367364e-02,1.8989922520275992e-02,7.1018231085920910e-02,1.7495329957401964e-01,6.6337716616093570e-02
1.6554691813630285e-01,5.1450402129951681e-02,3.7208007435624946e-01,6.8018272184424008e-02,3.1547384500910665e-02,8.7455003947373322e-02,1.5496763572421890e-01,3.3108842909940858e-02
1.0007831520598399e-01,9.3238220851471931e-02,2.8582416620525702e-01,7.4980516330481625e-02,5.3060888530895203e-02,1.2696828718290998e-01,1.4078917929462662e-01,8.0153874538367725e-02
1.5573215077943572e-01,5.6750957654679787e-02,3.6622139919956304e-01,6.9181498248402487e-02,3.2572059122486001e-02,9.0347726982238044e-02,1.5425693552579967e-01,3.7746597532566623e-02
1.3415787223831896e-01,1.0616554852747263e-01,3.0447906829997023e-01,6.6550614706694655e-02,3.4686178734420141e-02,7.4907913355701419e-02,1.5938633259923440e-01,9.4536133813082152e-02
1.4090972525012216e-01,8.0636287041134250e-02,3.9248004349055871e-01,8.2991492025392993e-02,3.6959610053349995e-02,1.0420755086351162e-01,5.2182156918776645e-02,6.3565205603372393e-02
1.2406478405305485e-01,1.1412215902813107e-01,3.1323357079750375e-01,5.6939754631370187e-02,2.7500916366953239e-02,7.8612756563464309e-02,1.6818384681622878e-01,9.0698294755494055e-02
1.1735336373285490e-01,7.9506680475695743e-02,3.2612057848254300e-01,7.3597927142823080e-02,3.9739994744324748e-02,1.0677887994964969e-01,1.5156069392464844e-01,6.2557515697972327e-02
1.7752429403594594e-01,5.8810944671847054e-02,4.0571580522672046e-01,8.5478031299091456e-02,4.3663185720365760e-02,9.6299321558563411e-02,3.9429415222821666e-02,5.1953044267875254e-02
1.1952206799766342e-01,9.8919903410417606e-02,3.2218752031803277e-01,8.5430734446545545e-02,5.4739096842472190e-02,1.3189943521952990e-01,5.2518261573726389e-02,8.6020145903338993e-02
9.7636689618052483e-02,1.3932739674377476e-01,2.3301696399874025e-01,6.6538562579959437e-02,5.0606362987785002e-02,1.0283960676191216e-01,1.5204126778445343e-01,1.3391933107942094e-01
9.7374482430891127e-02,9.5010382786805292e-02,2.7981947824753162e-01,7.5223267576387698e-02,5.5244817642857144e-02,1.3042567579015715e-01,1.3910876104121400e-01,8.2622732458889320e-02
1.2469062095375352e-01,1.1717093594397414e-01,3.0298100167108277e-01,5.7971456893870794e-02,3.1651645007990462e-02,8.0746713257029104e-02,1.6350208048867534e-01,9.5944341670066963e-02
1.3158976037071959e-01,9.3000846868547024e-02,3.3041658319355521e-01,8.4502531583139515e-02,5.8057741912293952e-02,1.3229748407064046e-01,4.7469709552624043e-02,7.6033082007444019e-02
1.2350788537629924e-01,1.2002406636332477e-01,2.9410119297063009e-01,5.9181581226298123e-02,3.4996815589718004e-02,8.2987260361932130e-02,1.6005486291222110e-01,1.0059879435288116e-01
1.1755418435814557e-01,9.9772480754946352e-02,3.0069274910629917e-01,8.7353335808903684e-02,6.7268073925764588e-02,1.4806943979485526e-01,4.7286582766202331e-02,8.3931261189308298e-02
1.1327668193357768e-01,1.2809238532198144e-01,2.7080604963442295e-01,6.1961858753609322e-02,4.0334625779719954e-02,8.9710659108249366e-02,1.5749697039553504e-01,1.1362218759659992e-01
9.5818284582526489e-02,9.5971268420329367e-02,2.7648589746446572e-01,7.5363153375010206e-02,5.6478859521628746e-02,1.3240898569231765e-01,1.3817387465075320e-01,8.3986883531049217e-02
9.9009118220699854e-02,9.4048233760785582e-02,2.8259404424857293e-01,7.5079727231941826e-02,5.5158055691212418e-02,1.2975404448691272e-01,1.3847880538551502e-01,8.0979302994387894e-02
1.1427220911298500e-01,1.0281766217506773e-01,3.0077631554606732e-01,8.6554158392618250e-02,6.1456222108671778e-02,1.4204075212380091e-01,5.1716918278777280e-02,9.1105158948852363e-02
9.0764355545279216e-02,9.8893042285043295e-02,2.6623540752755726e-01,7.5799006385943127e-02,5.9864136413988023e-02,1.3821323363998078e-01,1.3602156911976437e-01,8.8410806373541997e-02
9.8538543811337281e-02,9.4311909711995559e-02,2.8194424236975008e-01,7.5119377345555821e-02,5.4928650028762682e-02,1.2965388889842486e-01,1.3900332804225624e-01,8.1498285820742380e-02
1.0260153055822752e-01,1.3616114819872621e-01,2.4390036693946179e-01,6.5574812016042691e-02,4.8402120285571656e-02,9.9157286111760598e-02,1.5230371332523238e-01,1.2800384173031812e-01
1.4025476726194760e-01,1.1164801537891425e-01,3.1397127831427707e-01,5.7661123521215357e-02,3.5287826315473038e-02,7.7558074582702932e-02,1.5403569440693249e-01,8.8037292015009538e-02
1.1640257292920302e-01,1.2442957075007878e-01,2.8279309745302045e-01,6.0340531165338246e-02,3.6325983166823415e-02,8.6097599038863853e-02,1.6088983100769993e-01,1.0734800653718540e-01
1.2833134905145835e-01,1.1821066714111615e-01,2.9783489713685424e-01,5.9123412815944028e-02,3.6125543688414558e-02,8.1991409842260568e-02,1.5706353654070146e-01,9.7963169587941032e-02
1.5276714544419531e-01,5.8325037461065043e-02,3.6419308001016271e-01,6.9557058126298421e-02,3.2831969589230417e-02,9.1219402936882327e-02,1.5422695441289308e-01,3.9260800901724423e-02
1.0242052588701565e-01,1.5281050810870977e-01,2.1816608931617359e-01,8.1761832003068940e-02,6.4408132760834222e-02,1.2757765001472679e-01,7.1514109114950666e-02,1.5281069742065068e-01
8.2404971797301635e-02,1.0268527504362328e-01,2.5122889290877209e-01,7.6511760184780370e-02,6.6571470300838237e-02,1.4938211372237770e-01,1.3078469254754085e-01,9.4190891305173677e-02
9.1393643391867799e-02,1.3954148342147640e-01,2.3197859484886946e-01,7.1479737544557748e-02,5.9806395260368218e-02,1.1052895685015965e-01,1.3985786656349958e-01,1.3510211917864356e-01
6.9416272198501827e-02,1.5883459063511574e-01,1.5849424990653113e-01,9.6005624431468692e-02,8.8674441084633945e-02,1.6163051628477615e-01,7.1315985112871003e-02,1.7351074800234870e-01
2.8914127895331820e-01,1.3161035414677832e-02,4.0512680690304048e-01,9.0849007344421293e-02,2.7610648648439082e-02,5.3691203983078299e-02,2.6103332231855791e-02,5.6368421058860405e-02
1.6732461645116020e-01,6.9303938767072817e-02,3.8383348350007446e-01,5.5576545715368644e-02,1.2318946404692790e-02,5.7089468335341780e-02,1.7345751906867474e-01,5.2967711842149566e-02
2.0819066395997782e-01,4.8580763104496771e-02,4.3025538258519802e-01,7.5351180922823544e-02,3.2411477626265527e-02,8.5347829704900069e-02,4.3158531067172198e-02,3.8983518250558603e-02
1.9661787358585334e-01,4.8024404383396890e-02,4.2845115725220795e-01,8.1979865002713301e-02,3.9564254902399371e-02,8.7381730312195871e-02,3.6248658948069022e-02,4.3397914958153441e-02
2.1005333454700598e-01,7.9866816228547230e-02,4.2748486200902047e-01,5.2312612719507927e-02,2.1308499455443119e-02,7.3228707686329872e-02,5.3272702853146371e-02,5.1877325190594376e-02
1.4535649851156146e-01,1.2145857719773764e-01,3.5135911320396801e-01,6.5462542597736387e-02,3.4898682055217130e-02,8.9115536111395374e-02,6.4430612669449272e-02,9.7898055778936247e-02
1.5012135989574135e-01,8.2922553891622841e-02,3.6576465031068733e-01,5.8640942726536457e-02,1.7297848363735983e-02,6.1339788500949330e-02,1.7035375063291380e-01,6.6097427871131501e-02
1.4532667252907319e-01,6.0274094506698822e-02,3.6160631108671343e-01,7.1283819456723269e-02,3.0483085546081024e-02,9.0685616090517077e-02,1.5906086774810957e-01,4.2320982467788565e-02
1.4003193458420940e-01,9.2970398181365238e-02,3.5632698913512895e-01,5.3177332122748215e-02,1.4738085744773068e-02,7.0564609396495934e-02,1.8135122669849374e-01,6.1113317969185760e-02
1.3751733223177490e-01,1.0980936477768469e-01,3.1915251450123011e-01,5.5913976628087080e-02,3.0281064336473547e-02,7.6399991546993548e-02,1.6162496066713830e-01,8.5618661258721265e-02
1.1063164869308419e-01,8.4936157146583854e-02,3.1175916532132836e-01,7.4120766904323052e-02,4.3995076860495169e-02,1.1334239768235276e-01,1.4823687751527556e-01,6.9277855669006280e-02
1.1746479173940094e-01,8.2003933042986241e-02,3.1761282273285518e-01,7.3223626696168498e-02,4.5400537023168507e-02,1.1286159436329023e-01,1.4431260596309572e-01,6.4576679161918574e-02
1.2377023803423462e-01,1.1757767134692083e-01,3.0218834760704077e-01,5.8065220508925854e-02,3.1585789954136717e-02,8.0977037165703467e-02,1.6383200383253163e-01,9.6493399507918964e-02
5.0720029244378316e-02,1.1186219691383055e-01,2.0171155424431161e-01,7.8254546440427647e-02,9.0025034753249022e-02,1.9197850675057876e-01,1.1438255841285008e-01,1.1475073522608402e-01
1.0626304809486105e-01,8.9262286634851584e-02,2.9783247220149961e-01,7.4390338127340500e-02,5.0048965954588361e-02,1.2148609516872159e-01,1.4219725212809964e-01,7.4419135197622971e-02
1.2413457831909960e-01,1.1891124956752425e-01,2.9751260025945053e-01,5.8693169517809611e-02,3.3742250527681768e-02,8.2084207202882606e-02,1.6130546868501836e-01,9.8797978370327985e-02
1.0801071951222267e-01,8.8734213746143653e-02,2.9817867785697377e-01,7.4258522592751772e-02,5.3576027242864727e-02,1.2482298215210209e-01,1.3660085276220391e-01,7.2301844937654278e-02
1.5489907345811499e-01,7.6577322491821989e-02,3.8957157826408056e-01,8.0346207432991965e-02,4.1763766334445257e-02,1.0669376440635071e-01,4.7940435219724901e-02,5.8567838843234278e-02
1.2822228572366054e-01,7.3550466555836636e-02,3.3826625227974150e-01,7.2234613688643756e-02,3.8575324201388594e-02,1.0265568220300644e-01,1.5038466163455369e-01,5.4995891275005933e-02
1.4579557542464000e-01,1.0823205903399928e-01,3.2200900106848657e-01,5.6589215685454962e-02,3.4162548957536551e-02,7.5316191327160900e-02,1.5380542865947280e-01,8.3102753068375015e-02
6.4448247335515740e-02,1.5276783059491583e-01,1.7149368655652369e-01,7.6290544091317872e-02,7.5414660595271452e-02,1.3676722706128050e-01,1.3585626507353027e-01,1.6816197085235426e-01
1.7744374893171933e-01,8.8499094347639432e-02,4.1339426357351128e-01,6.4561006691504885e-02,2.5743267855676676e-02,7.5278667797890178e-02,5.8446534720122845e-02,5.9284770527473329e-02
2.2886454525577010e-01,3.1637603777156693e-02,4.5448725668077766e-01,7.7176123838770191e-02,3.1696695690604515e-02,6.6020139304987374e-02,3.7128971097797232e-02,3.9043928092625045e-02
3.0673341212806893e-01,2.8996575602170411e-02,3.7202579515192485e-01,8.1532022655028832e-02,2.4643584192895338e-02,6.4082332263323841e-02,3.5490401520771576e-02,4.2448818826259872e-02
2.9213717945155054e-01,1.5328354258615735e-02,3.7704410871614835e-01,1.0378362157787617e-01,3.0333456507170665e-02,5.0978662025847422e-02,2.9481203515497906e-02,6.1210355832047841e-02
1.3760561575068350e-01,1.2741442363560879e-01,3.2593808994503909e-01,6.1166368983710293e-02,4.9800354374916922e-02,9.1822863498488616e-02,7.1153292454198935e-02,1.1077807605082667e-01
2.8079746845597420e-01,1.7844181558073300e-02,4.0869947156388337e-01,9.0061765292773668e-02,2.9944582288858594e-02,5.4212554985305542e-02,2.9307282414917299e-02,5.3176096945658606e-02
2.2571476074793684e-01,5.9535119673115797e-02,4.3437855750265725e-01,6.9924728607034942e-02,2.2238336090672654e-02,5.7291365315381322e-02,3.7590452794632509e-02,5.5157834823716494e-02
2.2997524255154522e-01,3.0388167801669769e-02,4.0132112453186747e-01,1.1950458569894513e-01,2.6575780883000652e-02,4.8074522547417363e-02,3.3517363914759485e-02,6.3497337806106016e-02
2.8194504281088772e-01,1.7213046067874761e-02,4.1454688769186648e-01,8.6719168388840168e-02,2.9916401156875751e-02,5.4947582798796329e-02,2.9340799821192122e-02,5.0552355460043302e-02
2.4519176196798714e-01,2.6014709176827501e-02,4.4799516631899833e-01,7.9808027822880948e-02,2.9949513446738400e-02,6.1092791606552142e-02,3.4210593996761643e-02,4.1740853310592144e-02
2.0290790816235826e-01,7.8343149606137405e-02,4.3338469322387474e-01,5.5457767770522644e-02,2.9863266343803051e-02,6.1188440256668530e-02,5.3058656009647875e-02,6.2491061878834346e-02
1.7435221520193353e-01,8.8529148825760934e-02,4.1913396214032517e-01,6.0817360426699524e-02,3.2883834387625842e-02,6.6649738202266481e-02,5.6934524260714763e-02,7.4651839821150714e-02
2.0909233820152279e-01,2.1064872474029047e-02,3.8816729546713952e-01,7.0844399745359221e-02,2.5124657766035292e-02,6.1404678059101464e-02,1.6509276550532634e-01,2.8422218708679715e-02
1.5883229193613693e-01,7.1063026592896941e-02,4.0782792258012140e-01,7.4848478050568351e-02,4.2645690689568125e-02,9.6559026307474344e-02,5.3727055590604027e-02,5.4676449382949216e-02
2.0731553019417853e-01,5.0291009517470203e-02,4.2912727307264126e-01,7.4138756965891561e-02,3.3290896975278580e-02,8.0473342501896861e-02,4.9071516789652263e-02,3.9787674958904916e-02
2.1041355410752230e-01,4.9900275637458490e-02,4.3295705490332803e-01,7.1063643562771631e-02,3.3773476474928045e-02,8.1194941970908804e-02,4.8506041039340926e-02,3.6700816211471504e-02
2.5911925200238611e-01,2.2465309218799152e-02,4.3422029104499360e-01,8.3973701295380163e-02,2.9461857297014324e-02,5.7604210239202459e-02,3.1845589601240287e-02,4.6511875489733845e-02
2.4265702301197511e-01,5.9896228357951165e-02,4.5427239222163629e-01,4.8941209390296267e-02,2.4209981846220079e-02,5.5206014979438132e-02,4.5011180379832226e-02,4.7246717246056648e-02
2.3364545349651844e-01,2.9444016869342150e-02,4.5075036288502829e-01,8.0254113660921944e-02,3.0442356529295445e-02,6.2933330972842108e-02,3.5691579662777147e-02,4.2196962722950766e-02
1.7910018999659377e-01,4.6479983100200184e-02,4.4798242036093255e-01,8.7457384538599497e-02,3.3436494825273777e-02,7.1064932246809223e-02,4.2138751354739039e-02,5.2917986703168766e-02
1.7200348933947773e-01,4.9462647533041817e-02,4.4510120063219444e-01,8.7187879907271448e-02,3.4834032855563107e-02,7.3831621813902529e-02,4.3471052829090966e-02,5.4369169301211759e-02
1.6048838230898527e-01,5.5641851611113513e-02,4.3446676787352767e-01,8.6168228705583008e-02,3.8606865755127735e-02,8.0472413308720653e-02,4.6074295600812221e-02,5.7850952665455854e-02
1.9056379817676242e-01,6.9721171513582772e-02,3.8191203429594806e-01,4.6785928558118757e-02,2.3714219283101891e-02,5.1418282651793511e-02,1.6660656231291374e-01,5.1277719254647025e-02
2.2475196999858968e-01,3.5156398695799368e-02,4.5418496968222360e-01,7.3852822452324648e-02,3.4190443571620648e-02,7.0581165245731090e-02,3.8692280059647137e-02,3.5242092571938631e-02
1.4990787414112383e-01,6.9983289821881983e-02,4.1546447282082893e-01,8.0712754818192983e-02,3.8780947441840616e-02,9.1756595383769360e-02,5.5176423828338116e-02,5.6727833823257648e-02
1.3828371900102288e-01,7.6072275416017590e-02,4.0397630325736955e-01,8.0200268583021858e-02,4.2490312830847657e-02,9.7688522406350467e-02,5.6525322791948739e-02,6.2556242841684373e-02
2.2007855762979489e-01,6.6810607671712666e-02,4.5055427895701833e-01,5.3437995044695583e-02,2.5199637387837693e-02,5.7752880259226071e-02,4.7424503479296956e-02,5.3798051376689394e-02
9.9709917196640740e-02,8.5529560514451750e-02,3.1363703767150869e-01,6.7497477493246860e-02,5.1804999599084384e-02,1.1074272366342774e-01,1.5634745542089754e-01,7.4415642873250268e-02
1.6227172567420542e-01,7.1483996022125379e-02,4.0481196224733734e-01,7.3158500439437849e-02,4.4085762238608828e-02,9.8233642715769884e-02,5.2965149481719348e-02,5.3610045425192369e-02
1.3778300225006412e-01,1.1815459871185863e-01,3.2736009556840090e-01,7.0553396694065990e-02,5.1922645663479997e-02,8.7260131712441208e-02,6.8672110394445013e-02,1.1236420147430726e-01
1.3995284511235168e-01,8.4689373826905501e-02,3.6812273451479754e-01,7.4488488703340072e-02,5.3986548964071061e-02,1.1347352390946545e-01,5.5054057891983511e-02,6.8450180808713984e-02
1.2356635191704478e-01,6.3765030239293141e-02,3.5716663743795990e-01,7.2694753108978133e-02,3.3830633145774135e-02,8.7639723177859161e-02,1.7302749923387550e-01,4.9761592442409831e-02
1.7740890330159395e-01,4.3260723515659939e-02,3.6715191519654311e-01,6.8137645667622385e-02,2.7289143196906670e-02,7.6683356901467603e-02,1.7479487823941681e-01,3.1250497648755329e-02
1.3695024983398987e-01,8.3195308827939574e-02,3.7706890816474592e-01,7.6097418246599893e-02,5.0831023598897386e-02,1.0923500025212904e-01,5.6084996498848808e-02,6.8535725042128876e-02
1.3452250995837428e-01,9.5066698233254268e-02,3.5070184853841974e-01,4.9630425542508710e-02,2.5441806829201156e-02,6.9804295354282550e-02,1.8258848709089306e-01,6.7301462226868239e-02
1.6986564981459662e-01,5.4581029600805249e-02,4.3111195187006379e-01,8.2814117004205101e-02,4.0099999102661675e-02,8.2276161794337555e-02,4.5698657007756840e-02,5.4584298052512990e-02
2.1223375456826921e-01,4.2172352400885849e-02,4.4488343243911715e-01,7.3988629826500091e-02,3.7929139245355049e-02,7.6770960542962771e-02,4.0865071567516072e-02,3.6777693880451379e-02
1.3064600414116551e-01,8.3597741580993215e-02,3.8051380128016810e-01,7.8107565188975631e-02,4.9316389330234890e-02,1.0758364249698039e-01,5.7234643576741066e-02,7.0346196602174060e-02
1.5654664636425372e-01,5.7408200118224902e-02,3.7225036494882396e-01,6.2385226274823090e-02,3.4787847232818525e-02,8.5115160420712169e-02,1.6019837973609591e-01,3.6772003885910440e-02
2.2662116052826617e-01,7.5420835311542811e-02,4.2312393907043711e-01,4.8348935049908011e-02,2.5208710688386041e-02,7.0175977630808420e-02,5.5439046670482862e-02,4.8295362132630394e-02
1.2896423824040762e-01,6.1576912357358744e-02,3.5948268104573738e-01,7.2173603863710092e-02,3.2977597723384038e-02,8.6263197534886732e-02,1.7310665483711685e-01,4.7395494057000921e-02
1.3333981372397774e-01,5.0707450614768543e-02,3.7123147891698327e-01,7.8327002711092039e-02,3.4759556387788729e-02,7.8197219854310634e-02,1.6484810483548265e-01,5.1121275476964073e-02
1.1661651934792874e-01,7.5507964094491786e-02,3.3846770125628622e-01,6.6821475658180488e-02,4.4266691905267608e-02,9.9802746349429747e-02,1.5953973907080923e-01,6.0381036105054804e-02
1.8388091560306394e-01,7.7242991050246804e-02,4.4582030131278666e-01,6.1067406988991185e-02,2.6362882615503361e-02,6.1644448598134401e-02,5.0754346433400807e-02,6.3926134180870869e-02
1.5764881439272266e-01,7.3722693069188910e-02,3.7526865876802534e-01,5.3734815512410258e-02,2.2854541436411080e-02,5.7527984297267597e-02,1.7556797758108536e-01,5.9718477339376637e-02
1.2191091354051102e-01,7.2893725085961467e-02,3.4411644933513752e-01,6.6330938479972373e-02,4.2688019296848595e-02,9.7414918613763252e-02,1.5980696208531184e-01,5.6781105396706492e-02
1.0257055248063243e-01,1.2907876159356438e-01,2.7171959250589278e-01,5.3630135680573253e-02,4.9268043791739519e-02,8.7708564737239494e-02,1.6507325664115599e-01,1.2009451785795137e-01
1.0139529348552084e-01,8.6036432623810180e-02,3.1199181862331127e-01,6.6574154063839430e-02,5.3175776067835898e-02,1.1233919873755624e-01,1.5394283379904977e-01,7.4398077990583025e-02
1.8087952521187114e-01,6.6459280441627647e-02,4.1289095203062348e-01,6.9086261328563520e-02,4.3429854064292374e-02,9.5933306874766630e-02,4.9863887087222329e-02,4.4009495875239876e-02
1.1059583910587538e-01,7.8080285809410441e-02,3.0472603131602510e-01,7.5010695062091140e-02,5.9717121610843936e-02,1.1199029272341235e-01,1.4681842441559087e-01,7.2599690643885439e-02
1.9362678132024111e-01,5.2568280565553197e-02,4.2412546136518137e-01,7.6024757573075946e-02,4.3933195274059984e-02,8.6353062535969707e-02,4.3808452960259814e-02,4.3050814620322182e-02
1.1612555156247201e-01,1.1684756636247765e-01,3.0693284761445910e-01,5.1148937686091224e-02,3.9172623197591648e-02,7.7909987285797608e-02,1.7082409133888782e-01,9.9150542135085895e-02
1.1949961728428940e-01,1.1132140145813009e-01,3.2086342502068094e-01,5.0606396655989712e-02,3.4981571699297422e-02,7.5087240644376649e-02,1.7440492880711775e-01,9.0469103485684502e-02
9.2971327269791154e-02,9.1765111418821155e-02,2.9488395793811434e-01,6.6308164819083998e-02,5.9023501147445381e-02,1.2097455809842160e-01,1.5038547417992509e-01,8.2740342609416651e-02
1.0947338043742479e-01,1.2240267949149178e-01,2.9176690334554317e-01,5.2300904557719810e-02,4.3304690859219737e-02,8.1908559919109836e-02,1.6878440824861868e-01,1.0841360687911002e-01
1.3262471925293665e-01,1.0360632048309347e-01,3.3717620750056138e-01,4.8536422938073726e-02,3.0836116688973476e-02,7.0760103878231562e-02,1.7527191656485808e-01,7.8901515241722342e-02
1.0107434522247549e-01,1.4818026418946553e-01,2.4244015164970104e-01,6.9161050106123029e-02,6.9006965939840542e-02,1.1778599725924131e-01,7.8702261748660837e-02,1.4952616283954373e-01
1.0808916866504772e-01,7.7701349874417291e-02,3.3376784351276562e-01,6.8778565178555462e-02,4.4503496490087828e-02,1.0098014923279598e-01,1.6226215804210131e-01,6.4435114662909451e-02
1.5861468434145939e-01,5.0875202826695352e-02,3.7101204479343264e-01,6.9641160628719306e-02,4.0170290764271040e-02,8.2217481253454336e-02,1.5152397068401890e-01,4.1114538159976614e-02
1.0562596497748031e-01,1.3051405611373243e-01,2.6898467889925098e-01,5.3902562038108795e-02,5.2969821648127580e-02,8.9641147585090605e-02,1.5813142602868230e-01,1.2163369020592811e-01
1.5024977087302704e-01,1.1723703486498054e-01,3.6065348192879970e-01,5.7807980204238975e-02,4.2100861151043403e-02,8.3700820178119889e-02,6.8534014751956140e-02,9.4931852681313073e-02
1.2322542530474220e-01,6.7370071842442328e-02,3.3425823117800135e-01,7.4515422497052508e-02,4.9413460511995931e-02,9.7000110886307792e-02,1.5282054304959367e-01,6.2691619063277901e-02
1.4141663925672329e-01,8.4522629974319780e-02,3.6774135702890670e-01,7.4103503515498534e-02,5.4322303981754437e-02,1.1386171189084880e-01,5.4697444002377547e-02,6.7679187286946108e-02
1.1828218800905278e-01,1.1294893253320855e-01,3.1692960156784827e-01,5.0778947024435979e-02,3.6135299565986642e-02,7.5879049983325661e-02,1.7349294653026825e-01,9.2997142800186422e-02
1.4522197075093185e-01,8.2182342426092223e-02,3.6387427707571551e-01,5.5208002516522060e-02,2.6580226114578262e-02,6.0291021076296213e-02,1.7426771230120994e-01,6.8739458271784681e-02
1.1531931919288506e-01,9.6984995193518997e-02,3.2857026120435268e-01,7.7159736908086696e-02,6.3391622214724719e-02,1.2889521600576551e-01,5.8414159550661773e-02,8.6878385622896834e-02
1.2448625730257337e-01,9.3261209105932982e-02,3.3930118737157106e-01,7.5833883596637605e-02,6.1351892158346355e-02,1.2532000479031208e-01,5.6815060992916867e-02,8.0157554784932084e-02
1.7667735135316617e-01,1.0493892288740103e-01,3.9048590160283203e-01,5.2914520547138355e-02,3.5943295057984610e-02,7.5173662704194691e-02,6.4335252746954147e-02,7.6626889761436334e-02
9.9746801938891891e-02,9.0100240619866809e-02,3.0074505679716368e-01,6.4307692045000156e-02,6.0282573453659657e-02,1.2227046590440030e-01,1.4482434390504006e-01,7.7523879998243644e-02
1.0501879598969571e-01,8.6156607343199659e-02,3.1183964611777593e-01,6.5061201914115449e-02,5.5000371643220643e-02,1.1441038107942474e-01,1.4980113094673631e-01,7.2934519346464818e-02
1.1611331423648079e-01,1.2181320776121146e-01,2.9367558612728795e-01,5.1535173885487867e-02,4.4078989785564349e-02,8.0762745915631137e-02,1.6497544508212514e-01,1.0681417004904178e-01
1.4819182471487716e-01,7.1113673301700750e-02,3.8302667488299563e-01,8.3360559899411810e-02,5.2811255154472901e-02,1.0191140261192816e-01,5.0654398510746920e-02,6.7517353679797443e-02
1.1362534022103493e-01,1.4092662368613454e-01,2.7651167949604938e-01,6.6036792739775238e-02,6.0543217726347826e-02,1.0634431393102159e-01,7.5947688126194582e-02,1.3509805326904520e-01
1.5354982421252261e-01,6.0488427110395884e-02,3.6959325311566743e-01,6.1562575771914867e-02,3.7058138514184595e-02,8.7667487014774628e-02,1.5668725718588411e-01,3.8590669870539038e-02
8.9211026758894280e-02,1.3864986202756449e-01,2.3967536650223978e-01,5.6108962321041331e-02,6.0062321601403054e-02,9.9951997395301362e-02,1.5861078996089270e-01,1.3863157489907776e-01
8.9125838472841612e-02,9.5040715122233430e-02,2.8422052768745032e-01,6.5248968647648273e-02,6.4300658533888028e-02,1.2891052396847144e-01,1.4525290942700497e-01,8.6735263638134844e-02
1.6102068540412198e-01,9.6614967273952246e-02,3.5346318389869602e-01,4.3763114705296265e-02,2.8935489140915940e-02,6.3229633858055689e-02,1.6749774020575040e-01,6.7150607095821255e-02
1.4901815565215229e-01,9.7483263265919523e-02,3.4893907148298814e-01,4.5733691465510116e-02,2.8437561865023938e-02,6.6558009061500598e-02,1.7323205225813920e-01,6.9922920575227213e-02
1.0136845621594229e-01,1.3010015598506353e-01,2.6849390982227106e-01,5.3859220638888351e-02,5.0257240964564139e-02,8.8748961660156570e-02,1.6449154327203958e-01,1.2195544566457668e-01
1.2545489679351240e-01,9.0549235557289026e-02,3.5285165792507495e-01,7.6642915925629107e-02,5.7082613465041440e-02,1.1888439329135225e-01,5.7310961507234394e-02,7.7956906355312688e-02
1.4835167602096525e-01,8.3331594291775668e-02,3.6812380172037928e-01,7.2466916617415361e-02,5.5561405383911182e-02,1.1527974830893541e-01,5.2851100367129943e-02,6.2965823827379100e-02
1.3059805534375743e-01,8.3640443254655722e-02,3.8037100025889992e-01,7.8101913756605898e-02,4.9355264912692688e-02,1.0764053332497690e-01,5.7239026691519306e-02,7.0395178553300727e-02
1.3228640488253599e-01,1.0404305373102270e-01,3.3632332601451215e-01,4.8573956631523516e-02,3.1108177664771603e-02,7.0903196688768155e-02,1.7501670511784612e-01,7.9520346276877180e-02
1.3222913578513443e-01,1.1766030925405785e-01,3.1074392105204940e-01,5.0052747040730615e-02,4.3326670832837193e-02,7.5518106820939124e-02,1.5659309742370450e-01,9.6679694758237483e-02
8.7770426478900529e-02,1.1107188384996911e-01,2.6307781554271231e-01,7.8479660657863035e-02,8.1741095966295252e-02,1.6031707780215493e-01,6.1531643820987102e-02,1.0922648169866371e-01
1.0870092650301399e-01,1.2402509694713128e-01,2.8703365878284970e-01,5.2509899602101909e-02,4.4851510278607343e-02,8.3102740791700894e-02,1.6737666642969423e-01,1.1112679564217301e-01
9.7014563783168958e-02,1.3408665048571189e-01,2.5565395880101932e-01,5.4810712222848085e-02,5.4843802080535450e-02,9.3471316974046897e-02,1.6102773918630789e-01,1.2932631152209217e-01
1.0397351824771188e-01,1.3015070911514862e-01,2.6876736996957956e-01,5.3729437162612442e-02,5.1310246503394732e-02,8.8881489079994158e-02,1.6175534084801951e-01,1.2164762042426193e-01
1.6671931315687472e-01,6.7589053609762542e-02,3.8471004604975345e-01,8.0052457704820917e-02,5.4044428747640309e-02,1.0263378259731452e-01,4.8132448070308816e-02,5.6182218659292127e-02
1.0413925659950113e-01,8.2804818496506449e-02,3.2092505209947580e-01,6.7374123650734932e-02,4.9595511865730399e-02,1.0751982482688119e-01,1.5731300276220389e-01,7.0461876202242646e-02
1.1622011321302306e-01,9.5544402019650587e-02,3.3596383426387955e-01,7.7487277494877355e-02,6.1171000397034082e-02,1.2547226785823481e-01,5.8539207558352853e-02,8.5348010123322091e-02
1.0534004032456432e-01,1.2829116715819447e-01,2.7430598798862443e-01,5.3310539319916826e-02,4.9083051785232604e-02,8.6883452502937566e-02,1.6392915763141480e-01,1.1845745944172476e-01
1.1399761685121004e-01,1.4040311880203102e-01,2.6906693531599385e-01,6.9939446158162430e-02,6.7195023231537199e-02,1.1312092280770533e-01,7.4817498799833126e-02,1.3099180400806301e-01
1.1934943504762464e-01,1.3915290003593114e-01,2.7539222970664023e-01,6.8165676037485717e-02,6.4322533866511336e-02,1.0901495471747150e-01,7.4258121386403531e-02,1.2902729651224418e-01
1.6266693817852257e-01,8.5937285198276092e-02,3.6268745095689159e-01,4.4335630659837331e-02,2.3019167490683640e-02,6.4568274164969297e-02,1.7895156699162082e-01,5.5952371489564279e-02
1.5390994168479874e-01,5.6710278413846960e-02,3.7079607600728898e-01,6.4102432114567273e-02,3.3681237833084840e-02,8.4408322421663559e-02,1.6364379068085769e-01,3.7834677422569657e-02
1.1537182660337494e-01,7.8960028068431554e-02,3.3070448618010734e-01,6.5356281511298089e-02,4.8154210780880106e-02,1.0457000012945031e-01,1.5462640882972703e-01,6.3522959276944777e-02
1.1679628673491267e-01,1.2234977679758162e-01,2.9247222417628138e-01,5.1563575653899511e-02,4.4851438215213334e-02,8.1054845651310686e-02,1.6361618102021500e-01,1.0747956525410444e-01
9.9508754241049491e-02,1.3362882872274967e-01,2.5830192377843969e-01,5.4805184972706748e-02,5.5803801531833265e-02,9.3554055128810404e-02,1.5783134605475360e-01,1.2791677117289224e-01
1.2330908508492504e-01,1.1847942103072620e-01,3.0333819092724401e-01,5.0451273047169697e-02,4.2029233783598283e-02,7.7673413894943838e-02,1.6424538803203939e-01,1.0079763423178272e-01
1.1737527280844991e-01,8.0461744709980645e-02,3.2804683690197262e-01,6.3719546561984461e-02,5.1093425933989266e-02,1.0805820421611090e-01,1.4930968963096214e-01,6.3379420966577824e-02
1.2659661835385222e-01,9.9467757492961856e-02,3.4472794745754981e-01,5.0576944577224968e-02,2.7294786713157021e-02,7.1351664153683686e-02,1.8188775613096023e-01,7.3050408427481950e-02
9.9198592329924187e-02,8.8794887920393223e-02,3.0397705952954740e-01,6.5716496048281087e-02,5.6794881955862006e-02,1.1736756739759492e-01,1.5023614357721465e-01,7.7567435259878234e-02
1.0802241243472017e-01,1.2469513633823494e-01,2.8506514123560545e-01,5.2642240682079115e-02,4.5435294236875090e-02,8.3657418415818252e-02,1.6700538296812473e-01,1.1228078620276295e-01
1.0201752942247565e-01,8.8520528518229696e-02,3.0522743813469716e-01,6.4630715996797386e-02,5.8010575279883243e-02,1.1882519872162056e-01,1.4700657916850438e-01,7.5725519218605181e-02
1.3242844477412630e-01,1.2453051474563151e-01,3.0097525066573327e-01,7.3316789266851881e-02,5.7700496684331498e-02,9.3728645452176768e-02,7.1233116091461254e-02,1.2063377150794270e-01
1.4251548986587145e-01,1.2041008302996616e-01,3.1323612327279821e-01,7.1895804392277593e-02,5.5417118938906690e-02,8.9723056093591658e-02,6.9414008338784958e-02,1.1293704942543337e-01
1.1782086109223580e-01,9.6848853048201664e-02,3.2590093919900032e-01,7.6389340025432351e-02,6.4806313670947774e-02,1.3101239228602859e-01,5.7616978255662227e-02,8.5432365829862869e-02
9.8447271823306273e-02,1.3311117389925067e-01,2.5888937651008148e-01,5.4548002072794775e-02,5.3773343765109324e-02,9.2235153200560083e-02,1.6162873552474316e-01,1.2744663822699931e-01
2.1759703639446995e-01,7.7716524882564808e-02,4.1947948365565574e-01,5.1676588810102619e-02,2.5465222217339607e-02,7.1675753624581576e-02,5.5922755784328530e-02,5.0852766945342708e-02
9.2411520872571651e-02,1.3695137052538456e-01,2.4586006787280845e-01,5.5629234563078292e-02,5.8201214875914863e-02,9.7485922076960996e-02,1.5917527093981640e-01,1.3504046719007087e-01
1.1843934271671454e-01,1.2150545728320439e-01,2.9495577135984180e-01,5.1307286766117226e-02,4.4273612147450049e-02,8.0263609856354667e-02,1.6357050104957438e-01,1.0595744146648665e-01
1.2659257186868911e-01,9.3700302844500302e-02,3.3365063004041262e-01,7.4891813884729402e-02,6.4218921397381210e-02,1.2983004854260718e-01,5.5594993433173208e-02,7.8190592778959137e-02
1.0467173598198580e-01,8.7787896999576245e-02,3.0811897135556693e-01,6.3886290534591231e-02,5.8385605536257115e-02,1.1916332664068773e-01,1.4482135427404808e-01,7.3418943619054072e-02
8.6412024520380756e-02,1.3864536096004573e-01,2.4342149271410482e-01,5.7573132686233111e-02,6.5484952291015947e-02,1.0522262852446203e-01,1.4914320647799315e-01,1.3845847296148089e-01
1.2926213502743036e-01,1.1718031359136499e-01,3.0840450475276443e-01,4.9836431462303474e-02,4.1897950568187341e-02,7.5898896955418460e-02,1.6127963296196907e-01,9.7656541631388816e-02
8.3507523544073911e-02,1.1164051566493352e-01,2.5419576809509398e-01,7.8272700971123627e-02,8.6240360271304606e-02,1.6899222247503368e-01,6.1211606317662967e-02,1.0920778204274184e-01
6.1659990483057939e-02,1.0309238102116425e-01,2.5213576700530710e-01,6.2865200698812934e-02,8.5741015491693898e-02,1.6589016959425096e-01,1.2748616098341448e-01,1.0001749131809068e-01
1.1180492625703149e-01,1.2584691125964409e-01,2.8239826158157888e-01,5.2506473953441476e-02,4.7851195318361565e-02,8.4325887101789593e-02,1.6212424251982011e-01,1.1353903497050520e-01
9.9390833222426422e-02,1.3342056117922421e-01,2.5850662338029656e-01,5.4671047236442658e-02,5.5058141029904605e-02,9.3004732261246156e-02,1.5915349365166778e-01,1.2770614229521154e-01
1.2069415960354442e-01,6.6832624848817579e-02,3.5395754150471470e-01,7.1118042356632438e-02,3.6138690711550701e-02,9.0361199163367253e-02,1.6998487135029108e-01,5.2382274141862105e-02
8.1797775798427397e-02,1.1317068025958046e-01,2.5042239918536757e-01,7.8670253179743785e-02,8.5823220802564992e-02,1.6781322121807155e-01,6.2139747973931181e-02,1.1308386250960432e-01
1.2649143846231095e-01,1.1118022574482270e-01,3.2089104643219868e-01,4.9457215420306413e-02,3.5849832464516812e-02,7.3870587259162401e-02,1.7093500486902727e-01,8.9983293357653218e-02
1.1191338913419091e-01,1.2307615519239119e-01,2.8981738750667563e-01,5.2080485891844899e-02,4.4528106745799885e-02,8.2108808996738725e-02,1.6635180106646749e-01,1.0930055621358194e-01
1.8673544720483712e-01,1.0252524302039345e-01,3.9457316765157507e-01,5.1505852910846278e-02,3.5365544533037557e-02,7.2678253497085468e-02,6.2918947821709009e-02,7.2252265128266449e-02
1.5475242671565798e-01,1.0163237902301338e-01,3.4476231614225167e-01,4.5056931927061686e-02,3.1814686067678198e-02,6.5144535189498129e-02,1.6505478528717818e-01,7.3679170425331883e-02
1.0162813842803012e-01,1.3078901054102784e-01,2.6641129492459337e-01,5.3951874874394359e-02,5.1345818567633247e-02,8.9516429207391043e-02,1.6301691789837766e-01,1.2308245124193715e-01
1.1176717327098958e-01,1.2587542268738458e-01,2.8231551965943907e-01,5.2514151340129600e-02,4.7878008964838063e-02,8.4354097685461052e-02,1.6210749417893000e-01,1.1358845860907264e-01
1.0565376615555062e-01,8.7213006853165270e-02,3.0973290296079481e-01,6.3920355632226769e-02,5.7690980703464657e-02,1.1809123398986307e-01,1.4535727697515274e-01,7.2675427785181254e-02
1.4673806421584162e-01,1.0781700539033692e-01,3.3261754937016219e-01,4.6814686390525814e-02,3.5787665674363256e-02,6.8278772336442056e-02,1.6196061750397694e-01,8.2161793389396720e-02
8.8964450597876679e-02,1.3889003988888640e-01,2.3910646644899000e-01,5.6284902729215651e-02,6.1034546583569528e-02,1.0086863467378722e-01,1.5717884826766537e-01,1.3908237325188041e-01
7.9843287827978365e-02,9.9128446721876026e-02,2.7015664050150834e-01,6.4019498392514876e-02,7.2923547137277056e-02,1.4317342269573002e-01,1.3735721449792859e-01,9.2019628021375380e-02
1.1991163003880338e-01,1.2386565268625339e-01,2.9229011424759993e-01,5.2068750936085165e-02,4.8201129104127570e-02,8.2071293285835692e-02,1.5606107049169674e-01,1.0800480233381818e-01
1.2992819552501209e-01,1.1619960443415912e-01,3.1048350785392370e-01,4.9584439360381136e-02,4.0979474715560758e-02,7.5275394897491910e-02,1.6238572915656865e-01,9.6320448575745052e-02
1.0729786452048876e-01,1.2717071613798012e-01,2.7779751944088571e-01,5.3001825915685821e-02,4.8204987978681189e-02,8.5756005681300138e-02,1.6403931479760805e-01,1.1637860967530951e-01
1.2909043000646070e-01,1.3481786220334555e-01,2.9526308542148977e-01,6.4552083148808365e-02,5.7643153181121280e-02,1.0041879672154071e-01,7.2891931249044514e-02,1.2238829485037470e-01
1.1588028829131838e-01,1.2596221548721634e-01,2.8620215222877854e-01,5.2798623895222815e-02,5.0169211009716837e-02,8.4533060602428753e-02,1.5525123195858842e-01,1.1178988522212129e-01
1.3819784228590545e-01,1.1550067459589403e-01,3.2064185602592227e-01,4.9649605454137810e-02,4.2439084122153241e-02,7.2865157614976417e-02,1.5338805246915393e-01,9.1227807144453943e-02
8.9859044724672932e-02,1.4684686910387490e-01,2.3383139242435039e-01,7.5259264921570562e-02,7.9053474739805243e-02,1.3137459182579386e-01,7.8251473483992473e-02,1.4708771922837205e-01
7.2219308181062328e-02,9.9235823137660592e-02,2.7078409814580057e-01,6.2759552826027548e-02,7.9762486973731409e-02,1.5560617740076685e-01,1.2849732572592285e-01,9.0342377767045554e-02
1.0194898340905140e-01,1.3257245091312567e-01,2.6258525952062567e-01,5.4598044965822934e-02,5.5322951523863434e-02,9.2461449253717271e-02,1.5674285692180132e-01,1.2553019656071748e-01
1.2216664851690245e-01,1.1733722588411893e-01,2.7922500127514388e-01,6.3926293087711375e-02,5.3063459697520861e-02,8.0610620007646447e-02,1.5661497315598208e-01,1.0805425595662244e-01
1.3946457411913896e-01,1.1383710769521806e-01,3.2096184262784877e-01,4.8756636485317605e-02,4.0477629589772912e-02,7.1958496203752539e-02,1.5728615549562969e-01,9.0211429761011735e-02
1.4497087301080211e-01,8.6026856223445664e-02,3.5777354990739046e-01,7.2317517782035740e-02,6.0283096371118665e-02,1.2302355045724091e-01,5.1769576419848841e-02,6.2285989454927790e-02
8.2624497702572339e-02,1.4046244929660884e-01,2.3533790428436191e-01,5.7934424396795858e-02,6.7291949616153646e-02,1.0804210565144300e-01,1.4960041752313261e-01,1.4294449162489339e-01
1.4315084099946546e-01,1.1099549568684286e-01,3.2650792510399684e-01,4.7776595193517297e-02,3.8172301733671615e-02,7.0040782573705662e-02,1.5954912946011529e-01,8.6378503722536540e-02
2.6199115112807597e-01,3.9203228496400233e-02,3.9677440496842914e-01,9.2447536632803681e-02,2.0886691052826669e-02,6.0542548791100187e-02,3.7877147529875622e-02,4.1016346260189906e-02
2.7631465773880393e-01,1.9209885304933828e-02,4.0542037381905144e-01,9.3493127182087618e-02,2.9806093024222904e-02,5.3601528575512911e-02,2.9590116594111218e-02,5.5321545723052201e-02
1.7053429172618939e-01,6.1304938992548262e-02,4.2282153295198871e-01,8.2098274864501067e-02,3.4659689906448438e-02,8.4304278718036404e-02,5.2900194117053760e-02,5.0714126324372832e-02
2.3088949170324216e-01,5.9568923395547001e-02,4.4740500221769769e-01,5.8091242274040132e-02,2.2956686266375322e-02,5.7107048161521373e-02,4.1110132464375775e-02,5.2493996223342589e-02
1.7779993763503610e-01,4.6448647043363801e-02,4.4849035818530381e-01,8.8809092903931408e-02,3.2884826553657431e-02,7.0072418648463614e-02,4.1910886073145685e-02,5.3714118049892304e-02
2.1036612683209660e-01,3.4346258075351022e-02,2.9135345808736407e-01,8.6308384782431233e-02,2.7836964772230310e-02,7.5303780612600651e-02,1.9272458613325447e-01,4.3722669449731896e-02
1.6002470951812234e-01,8.1122589061381201e-02,3.6404565701747793e-01,5.2320139076628865e-02,2.7596117218689056e-02,5.8021184476386489e-02,1.6990826175722967e-01,6.6023969863541851e-02
2.1982182615852280e-01,7.4213972670260114e-02,4.3707934682898569e-01,5.2417674739461670e-02,2.9228244981278882e-02,5.8324653029866259e-02,5.1614938387193290e-02,5.6335145993356171e-02
1.7516285150363600e-01,4.0524305609900384e-02,3.8694348068032608e-01,6.8415946718176940e-02,3.4029127061354782e-02,7.3708034868465763e-02,1.5504119451280191e-01,3.3269050148359673e-02
1.3304059594502146e-01,9.5289944776076566e-02,3.3669168298479535e-01,5.7287249004090171e-02,3.4207036609399291e-02,6.5816071795774464e-02,1.7069074478161930e-01,8.4340758817027905e-02
1.5284382683423639e-01,1.1215529123105218e-01,3.7808478047163235e-01,5.6835873598982171e-02,3.8189972018865051e-02,8.0856831918086722e-02,6.7590820963153886e-02,8.7638340328183670e-02
1.8866864299778632e-01,3.9886757149167562e-02,3.7047368415640280e-01,6.5587402299922368e-02,2.6759112583520685e-02,7.5263662149446894e-02,1.7317034137345980e-01,2.7466606592325644e-02
1.0965513820844752e-01,7.8983344422958984e-02,3.3050438445752417e-01,6.7456327642061428e-02,4.6445392724460612e-02,1.0311089158225573e-01,1.5921337570959337e-01,6.5325960856502371e-02
1.3199865416580012e-01,1.0004827895938388e-01,3.4364115910075388e-01,4.9084724365597125e-02,2.8315221451512659e-02,7.0412046375998849e-02,1.7893415564620482e-01,7.3980331948292372e-02
1.2445178499857311e-01,1.0591633038329692e-01,3.3280590329823490e-01,4.9992819040014132e-02,3.1497054458655999e-02,7.2710628924797058e-02,1.7698591625405066e-01,8.2321060015460273e-02
1.5405517675391758e-01,9.6685816058917559e-02,3.3294059398572179e-01,5.5641878930319286e-02,3.7836014875042574e-02,6.3050922142604340e-02,1.6073669916265890e-01,8.0528781737694594e-02
9.7648273019970436e-02,1.3302889264162673e-01,2.5899475957692947e-01,5.4555288609314787e-02,5.3236916195301562e-02,9.2007604412726762e-02,1.6278492704612235e-01,1.2742598843558020e-01
1.1676242242753486e-01,9.7842024245981013e-02,3.2053476540989789e-01,7.6228107047367613e-02,6.6644932168845344e-02,1.3402785663064318e-01,5.7460404087451261e-02,8.6208963525233509e-02
1.4810978063187857e-01,1.0245828357831717e-01,3.4114074944533729e-01,4.5945753528594965e-02,3.1741231899431961e-02,6.7094761811547124e-02,1.6822138972171188e-01,7.5970335202850445e-02
9.1589522350103578e-02,9.3361455311735689e-02,2.8973511941140817e-01,6.5651848821745809e-02,6.1683786375144496e-02,1.2486984551965312e-01,1.4756063799881189e-01,8.4528374424007471e-02
3.0657888202415101e-01,2.7147991705318043e-03,4.2226642438041428e-01,9.6067297876420113e-02,9.6358225798307221e-03,7.6938905650547479e-02,6.8872839999705657e-02,-2.0844128825496883e-02
2.1282491542157217e-01,4.2557029960603732e-02,3.1811436066781712e-01,7.4705022380431141e-02,2.7320014765513805e-02,7.2439047181185601e-02,1.8680803603068630e-01,3.4602633358959550e-02
1.9805400402949958e-01,7.3075240079371689e-02,4.5265797445619887e-01,5.9741136114136902e-02,1.9717396280533088e-02,5.9488585138411591e-02,5.0440018208940486e-02,6.0043189308024589e-02
2.4075911943703471e-01,6.4148551980139940e-02,4.4872985940280075e-01,5.2202278884432372e-02,2.1607806496595206e-02,5.5906611973785672e-02,4.2621762500740609e-02,5.0150270273900906e-02
2.3685800006920305e-01,3.6773787131296490e-02,4.3924894168128481e-01,8.5077668047759666e-02,2.7800989831372434e-02,5.7215371157751709e-02,3.5899233229607683e-02,4.9503921392515790e-02
2.5918598751081312e-01,6.0369418344376716e-02,4.4628569688131930e-01,4.8881563896572014e-02,2.2567161179953089e-02,5.4566310020760074e-02,3.9350421728651226e-02,4.6214924382543633e-02
1.9611665747112270e-01,4.4246684223249420e-02,4.5092194759470733e-01,8.3415931579858660e-02,2.9715784331462637e-02,6.7462495796420816e-02,4.3799912094703249e-02,5.0952533939593918e-02
2.1151831040520916e-01,5.4736697541995998e-02,4.3277311279833419e-01,6.8431386934618615e-02,3.6052677918441856e-02,8.1207243145133112e-02,4.7709556812285649e-02,3.4621743074648402e-02
2.1362475888181265e-01,4.3684863232556610e-02,4.4351880030894975e-01,7.3824074410556328e-02,3.8755126614566433e-02,7.5344093848854904e-02,4.0743895459494292e-02,3.7845086974309571e-02
1.7328362642001366e-01,5.2753932842740457e-02,3.7533504749802976e-01,6.0181552751281051e-02,3.5593190289934969e-02,8.1855000278491893e-02,1.5800090937523811e-01,3.0573506267399811e-02
2.1326356058372686e-01,4.2464409749530349e-02,4.4788409478756741e-01,7.4703884872559259e-02,3.6306611983301026e-02,7.2763100036149914e-02,4.0964890072642146e-02,3.9469857333553564e-02
1.7770884538474896e-01,6.6176986299183213e-02,4.0650482502528723e-01,7.0741942714222739e-02,4.4348992249535597e-02,9.6329030450831438e-02,5.2202423478170876e-02,4.9049663983993928e-02
1.3719363369626861e-01,9.1278855009938556e-02,3.5054189652339568e-01,4.8379448900854834e-02,2.2249926381333281e-02,7.1350694322775202e-02,1.8962305277632377e-01,6.7270465095859461e-02
2.2426447789493228e-01,6.7519043548241772e-02,4.4871606856994173e-01,5.6629379977992431e-02,2.0296102083165502e-02,5.7256366776545310e-02,4.5006423840364823e-02,5.4307636985468324e-02
1.8890468899483373e-01,6.9896875534524436e-02,3.7802301311281455e-01,4.6710609593029216e-02,2.4227700015029972e-02,5.2685073972064594e-02,1.6961581790858848e-01,5.2871740290525049e-02
1.6744488920107964e-01,5.2078177479280084e-02,4.3982069196871459e-01,8.4213318531682305e-02,3.3937427317595317e-02,7.8215889687357709e-02,5.0290513107175000e-02,5.8470582350071264e-02
1.4649626684555964e-01,1.0057450161681024e-01,2.9219243002441803e-01,6.2639600275959328e-02,5.0328524984826921e-02,7.4139650137894475e-02,1.5636719512574915e-01,9.7704467241066656e-02
1.8916476781455105e-01,7.6324791449285362e-02,3.6135192239689601e-01,4.1156675534268682e-02,1.9570106053416022e-02,6.4339103826082114e-02,1.8574318202007634e-01,4.2216097247925376e-02
1.2278171844632997e-01,6.2042019382767336e-02,3.2145754082253619e-01,7.5441430441568896e-02,5.0059703774508114e-02,1.0150692465973873e-01,1.5821766414115360e-01,7.0521237515945315e-02
1.4694662289304722e-01,8.3124278083252442e-02,3.5006261732736010e-01,5.4175780829765138e-02,2.8324314457854341e-02,6.3566018257800547e-02,1.7668192666107208e-01,7.7251688750044512e-02
2.1893004458957510e-01,4.0729554757484618e-02,4.5082662963850678e-01,7.4104902698475139e-02,3.5450399290693664e-02,7.0767063065406324e-02,3.9798050447400091e-02,3.7794063696923973e-02
1.2616352078273493e-01,1.0272702604715936e-01,3.2044828611031995e-01,4.9724440946830858e-02,3.2279056780158424e-02,7.6353190024224582e-02,1.8055687135792139e-01,9.0922232937947697e-02
1.5430738546889861e-01,7.1880393901328818e-02,3.9400933517720227e-01,7.4635236746306205e-02,4.4819690631447091e-02,1.0197814712630421e-01,5.8090361855688576e-02,6.1806291796479652e-02
1.5477682238943929e-01,6.1508634665884160e-02,3.9896056902158089e-01,8.2879313489204576e-02,4.6166742740573787e-02,9.5876694483361030e-02,5.4169883526781142e-02,6.7419940954593846e-02
2.0303983767110273e-01,5.6504752012582905e-02,4.2984523059494906e-01,7.1187656061119847e-02,3.4977539194609837e-02,8.1699539837611371e-02,5.0012999229403110e-02,3.9172066050215046e-02
1.4920526084210312e-01,1.0811414704550575e-01,3.7529828432652701e-01,5.7022341105517592e-02,3.6132385261073104e-02,8.3897240041385185e-02,7.3544331561060300e-02,9.2335923140991122e-02
1.7893425327474846e-01,4.9482242295582839e-02,3.7762938585196049e-01,6.0873358502206806e-02,3.2315084406417310e-02,7.8404739969258036e-02,1.6318453083916654e-01,2.7857788512385157e-02
1.8604747917453990e-01,4.0361432379258350e-02,3.8422930657805027e-01,6.6405155970657201e-02,3.8000333520988430e-02,7.4055557643247699e-02,1.4984406698227903e-01,2.9294507893648083e-02
1.5378352851146593e-01,9.3460478360200119e-02,3.4542367631811188e-01,4.5174627202274782e-02,2.8296073580967199e-02,6.7541654201292267e-02,1.7635379552837388e-01,7.0797977038046786e-02
1.1606756682120503e-01,6.8130924379188551e-02,3.3773675084931210e-01,6.8912974862789869e-02,3.9585069219494465e-02,9.8760006343983284e-02,1.7071770287530091e-01,6.3401032980973104e-02
1.2569150771882570e-01,6.5245437425933611e-02,3.4521015488363016e-01,6.7644655538341217e-02,3.8381129565961382e-02,9.5356596393956439e-02,1.6919477658325383e-01,5.7377983781522902e-02
1.3131512869432038e-01,8.1313762386154273e-02,3.5519287517597531e-01,7.6985230870840179e-02,5.3634248171561101e-02,1.1761576108778901e-01,6.2393404468161516e-02,8.0094055640919773e-02
1.2972487439105052e-01,6.4537988126796078e-02,3.4674076863101094e-01,6.6779881954261655e-02,3.8760203584097479e-02,9.4805447303113022e-02,1.6740458838471714e-01,5.5540933713622870e-02
1.6145868932971927e-01,9.1395395484825934e-02,3.5051521202517405e-01,4.3953942049578018e-02,2.7798363220535818e-02,6.5357411382277922e-02,1.7456858011675674e-01,6.6323952181595508e-02
2.0857533806720277e-01,5.5286560190393665e-02,4.3154907744163712e-01,6.9682740746696434e-02,3.5401945829909590e-02,8.1132286089830100e-02,4.8677260996049833e-02,3.6562763156662348e-02
1.2864507474424960e-01,9.9742439641953395e-02,2.9360284833236860e-01,6.0557155567165150e-02,4.3133546415216106e-02,7.6563415852134845e-02,1.7111639693230477e-01,1.0597528817652155e-01
1.1775097993853390e-01,8.9743203106543157e-02,2.9463346131136559e-01,7.8114810759638803e-02,7.1545401540729470e-02,1.4402912598200121e-01,6.2105345237613505e-02,9.6682193426590984e-02
1.3363261303036775e-01,1.0326018534942892e-01,3.1724521469097977e-01,4.9076777063952776e-02,3.4860923715730768e-02,7.5246341487776411e-02,1.7519269277502444e-01,9.1504600152589780e-02
1.1294531471745206e-01,7.3137575833834928e-02,3.1822919243548947e-01,6.7158350418472249e-02,4.7763586080220681e-02,1.0821216177423804e-01,1.6232868939781936e-01,7.2041567259398864e-02
1.1750844995606650e-01,7.0861907185147330e-02,3.2661965028145001e-01,6.6970786694522125e-02,4.5282943340152357e-02,1.0438926859790455e-01,1.6347804371894570e-01,6.7365871253524390e-02
1.4667167232757491e-01,6.3179277375102927e-02,3.5037733254718684e-01,6.2576464138541343e-02,4.3465106116136284e-02,9.5129912917963452e-02,1.5460258524072532e-01,4.8286687871608600e-02
1.7656031584512799e-01,6.5057691331100828e-02,4.1278638796945505e-01,7.1717703861549326e-02,4.1388591496865225e-02,9.3451961462084301e-02,5.3501139121175566e-02,4.9160762000059775e-02
1.3922940890474372e-01,1.1736724154884987e-01,3.2980488381021128e-01,6.0868150053457137e-02,4.6176335919017659e-02,9.3008408024940148e-02,7.6431397528203451e-02,1.1271046497925007e-01
1.3403945317971577e-01,6.6613539643717565e-02,3.3957288079143955e-01,6.4426857906498797e-02,4.4465049591038031e-02,9.9378952747957702e-02,1.5822593317703859e-01,5.6749259320976658e-02
1.2587756132885683e-01,7.2236934219483961e-02,3.1976757519220222e-01,6.3296276726341277e-02,6.4335972567505575e-02,1.2296931971028253e-01,1.3091793892177578e-01,5.9674477341267886e-02
1.7655434474245735e-01,6.6372234672633076e-02,4.0630641700951398e-01,7.0968804779203684e-02,4.4189093836322191e-02,9.6417723329850186e-02,5.2562448041696602e-02,4.9659798928039636e-02
1.8570007438577565e-01,4.6560822352367796e-02,3.7652741598011763e-01,6.1796946291757422e-02,2.9912624547522332e-02,7.5699925554801678e-02,1.6755663391054890e-01,2.5809478314394903e-02
1.3040568060859969e-01,1.0258307757892929e-01,2.8182509799019823e-01,6.2048650376734960e-02,4.7681606740849959e-02,7.8844024982696229e-02,1.6676758332771671e-01,1.0931720335576615e-01
1.1046780351543357e-01,1.1865530740017689e-01,2.5377732547834941e-01,5.5385720904533704e-02,5.2851195710214405e-02,9.3629130290449336e-02,1.6592256718578111e-01,1.2917037263225145e-01
1.7256614550675653e-01,6.4587105194930106e-02,4.1788802584643603e-01,7.3952301388684999e-02,3.8140792459124974e-02,9.0739691282965593e-02,5.5377900116430408e-02,5.0593989601500182e-02
1.6288095065856642e-01,4.8506834189589690e-02,3.6363874378293864e-01,6.9775213996761995e-02,4.2483643670332132e-02,8.3676768705828075e-02,1.5184337346343235e-01,4.2955265452645643e-02
1.3546730838788656e-01,1.0905817366002757e-01,2.9589155781724569e-01,5.1304871424927172e-02,4.4347749821808231e-02,7.8943792870725740e-02,1.6318661876316201e-01,1.0270008061139577e-01
1.1853246830845614e-01,8.8990384264356001e-02,3.0538244983958712e-01,7.8035720477933668e-02,6.7354826920124622e-02,1.3823861827268635e-01,6.3188963351193783e-02,9.5683219016597001e-02
1.0694945989843070e-01,7.7095005187259050e-02,3.0115976236955344e-01,6.6967326164369761e-02,5.3694295518929409e-02,1.1643948533748262e-01,1.5809664827640260e-01,8.0136653264015506e-02
1.5629898015992733e-01,7.6913456790165841e-02,3.5797623709835108e-01,7.3289684066838320e-02,5.8854093720737265e-02,1.1771601406431600e-01,5.2956056657540558e-02,6.4418433230449101e-02
1.1674317132975763e-01,8.9773130689682540e-02,2.9965824472130126e-01,7.8230696886900167e-02,6.8962800357478996e-02,1.4083397811131945e-01,6.3352151065413351e-02,9.7499996855482426e-02
1.2407069934496741e-01,1.0545342373130592e-01,3.1082418720481858e-01,5.0377677394201022e-02,3.5123979358351480e-02,7.8239427224188224e-02,1.7833493835192027e-01,9.6891493548000446e-02
1.7133262702713128e-01,4.7357632797003703e-02,3.6767882554109715e-01,6.8492614863813028e-02,4.3614220408105440e-02,8.2570532018925655e-02,1.4735153446731597e-01,3.7418863531535021e-02
1.2453774627886152e-01,1.1160378660965628e-01,2.8561274484118854e-01,5.2202757163736686e-02,4.4432611594000915e-02,8.3058819775372203e-02,1.6838071157470189e-01,1.1028401394260770e-01
1.1674912590085788e-01,8.9410371172778155e-02,3.0483469041026945e-01,7.8264481293405533e-02,6.6996826854536715e-02,1.3822082420064602e-01,6.3910836558042861e-02,9.7026958089072607e-02
1.0460869273943045e-01,7.8176376038645579e-02,2.9638140857460593e-01,6.7086785238952423e-02,5.5073166100881428e-02,1.1866442881750744e-01,1.5758078943524642e-01,8.2643291492521101e-02
1.2545307319401172e-01,1.0512942505851054e-01,3.1176183828138243e-01,5.0186000553484794e-02,3.5078016212412154e-02,7.7807867773314762e-02,1.7789541997225880e-01,9.6105353662598675e-02
1.1282579379792063e-01,7.1436340443342294e-02,3.2574227048436255e-01,6.8009057047233035e-02,4.4292187113488521e-02,1.0447603603558953e-01,1.6631356367035394e-01,6.9293591205553173e-02
2.1983275251666456e-01,5.3623678862623744e-02,4.2118657296647566e-01,7.4712037992623118e-02,3.2588943741377996e-02,7.6270593167037090e-02,4.8531036456766388e-02,4.0348416458739010e-02
1.3930448751174168e-01,1.2315758618525752e-01,2.8719401080277784e-01,6.5701031953734307e-02,5.8681483341585551e-02,1.0207604053996742e-01,7.5042650941987102e-02,1.2505746947675447e-01
1.5389066015239167e-01,5.6132855900324879e-02,3.4176956557791760e-01,7.1297726694978136e-02,5.2455825016127652e-02,9.5752411492762507e-02,1.4310249430457297e-01,4.8150979475638747e-02
1.3723764851307363e-01,1.0468306575161539e-01,3.1189251875399127e-01,4.9269535373158223e-02,3.7766153058644690e-02,7.5322550943203961e-02,1.7049081280256315e-01,9.3868148693975431e-02
1.0267368868467253e-01,8.0489318677170324e-02,2.8264005848412510e-01,6.6313559657472584e-02,6.1994815924784140e-02,1.2745313111923262e-01,1.5041936450796187e-01,8.7060417528938172e-02
1.0712045812544160e-01,7.6383441901916482e-02,3.0485622680422675e-01,6.7247142095471363e-02,5.1977503095392376e-02,1.1442479685763535e-01,1.5993841621654031e-01,7.8883028384878331e-02
1.2490949158767704e-01,1.0907571658285438e-01,2.9624506841803483e-01,5.1224059085253945e-02,4.0382147123613606e-02,8.0679808611507323e-02,1.7260872887601364e-01,1.0469997069517070e-01
1.4759042442042147e-01,5.9455352944381770e-02,3.3099755463425512e-01,7.2486287506046604e-02,5.7018559985011062e-02,1.0221487864827596e-01,1.3999516188328412e-01,5.1298801263814420e-02
1.1511464635028022e-01,7.4650166606560542e-02,3.1031174832985731e-01,6.5919689664591066e-02,5.2562725156492796e-02,1.1296773180824933e-01,1.5582876789821398e-01,7.3716377793726778e-02
1.4262252851043791e-01,7.4622325890717905e-02,3.8868531688946312e-01,7.6655200847142321e-02,4.4833355164083995e-02,1.0449073026002995e-01,6.1005015635655468e-02,6.7858487175324209e-02
1.9802582999218890e-01,5.9473941641830425e-02,4.2448957346847865e-01,6.8314869698097358e-02,4.0184485665120465e-02,8.7728914034785804e-02,4.8728773644691699e-02,3.8371564492157652e-02
1.7915914198435093e-01,4.8481722709198073e-02,3.7563535653839542e-01,6.2208292859009598e-02,3.0664153315275250e-02,7.7394472046981952e-02,1.6715035437262452e-01,2.8284994644795943e-02
1.2774764025768021e-01,1.0818635715069354e-01,2.9944070694198538e-01,5.0820852659804676e-02,3.9952228144926133e-02,7.9512385117403106e-02,1.7190722616719989e-01,1.0243279907167006e-01
1.4631228225256124e-01,1.0425784819417519e-01,3.1399557182808024e-01,4.9037659518001646e-02,4.0033619224063281e-02,7.3024557583003830e-02,1.6363472192823464e-01,9.1059029234763528e-02
1.2263268628350152e-01,1.1033008787917650e-01,2.9137559615339342e-01,5.1721679341908237e-02,4.1566445023704442e-02,8.2091237807202955e-02,1.7230619997432242e-01,1.0772600292062037e-01
1.4523257782588492e-01,7.4421430859023127e-02,3.2334175375717283e-01,8.6094366494330526e-02,6.9232063641190930e-02,1.2637680490193373e-01,5.4608187915461390e-02,7.6295070285195235e-02
1.7653947247273929e-01,1.0877608641255047e-01,3.5442737121265772e-01,5.7239637478971608e-02,4.5582914404653750e-02,8.0815071273407937e-02,6.5524383407790529e-02,8.9255325343714331e-02
1.1830719647915165e-01,7.3025861281558496e-02,3.1697609880936845e-01,6.5795513580712811e-02,5.0399453164520019e-02,1.0971485346894141e-01,1.5706161274812977e-01,7.0318193116736649e-02
1.3536326883981714e-01,1.0131706480063185e-01,3.2372514510025940e-01,4.8506983678745626e-02,3.2890424197495674e-02,7.3953979303855652e-02,1.7678726306863832e-01,8.7414611718853522e-02
1.4391056299067637e-01,7.4403990464561656e-02,3.8872715774605715e-01,7.6385133983162268e-02,4.5008869710339280e-02,1.0442476099001226e-01,6.0655097345501244e-02,6.7312489485510774e-02
1.6493945150684422e-01,9.9107567719080580e-02,3.3440847767692916e-01,4.6949349063436507e-02,3.8219371297809876e-02,6.5254120234983629e-02,1.5702293611996518e-01,7.6660164935224345e-02
1.1372941290885680e-01,1.1667332935293494e-01,2.6360383964879358e-01,5.4389864611138171e-02,4.9714854705047551e-02,9.0272771000258351e-02,1.6773075331183768e-01,1.2366667843182880e-01
1.3711630892850754e-01,6.9529918725464601e-02,3.3070328821035211e-01,6.2471392067387180e-02,5.5697343975082678e-02,1.1003328750681940e-01,1.3992071216649252e-01,5.5637105916443955e-02
1.1039946936820598e-01,7.3691411163199841e-02,3.1664983128309387e-01,6.7593109321146441e-02,4.7672313197954889e-02,1.0875273301659752e-01,1.6340510512807768e-01,7.3539831479791373e-02
1.4995275394544205e-01,9.9302286306586537e-02,3.2954606266866704e-01,4.6882369467993720e-02,3.4104492891077733e-02,6.9839014014912409e-02,1.6994199254405068e-01,8.1615869759318366e-02
1.5781284776084764e-01,5.8659506647522328e-02,3.6269502770961998e-01,6.1569396806372245e-02,3.9723458254362819e-02,8.8907858698072828e-02,1.5614496146665865e-01,4.0199756064629041e-02
1.3221365957806447e-01,6.8921415042386025e-02,3.3156933274029754e-01,6.3954670478319917e-02,4.8604192622112706e-02,1.0406888945902579e-01,1.5335083141488293e-01,5.9850693595555712e-02
1.1496417372252711e-01,1.1469922841959564e-01,2.7318692921757837e-01,5.3473430704900432e-02,4.6165930763983426e-02,8.7506113508153072e-02,1.7089088543659503e-01,1.1867012641230988e-01
1.4755891561403472e-01,5.4696236106567264e-02,3.6084190699446128e-01,7.1173294540579510e-02,2.8127272585252539e-02,8.1592931207990577e-02,1.8042674212524723e-01,4.2188846108122978e-02
1.2362769042487068e-01,1.1503798710864643e-01,2.7037948656793004e-01,5.5872100617077682e-02,5.5429965928199758e-02,8.9376339414767553e-02,1.5379640779945386e-01,1.1778952459516619e-01
1.0742941672011692e-01,7.8402541785068600e-02,2.9330470355571608e-01,6.6178230212467715e-02,5.8265175061693847e-02,1.2164219564883159e-01,1.5254589624697903e-01,8.2028801787473946e-02
1.1632469147051419e-01,6.9022109768140355e-02,3.3432583663922477e-01,6.8281756758255971e-02,4.1291761536098009e-02,1.0047055176152378e-01,1.6859658882310599e-01,6.4756497451357267e-02
1.2646092791451966e-01,7.0681456784034466e-02,3.2529820420329164e-01,6.4691782654351659e-02,4.9500483049299000e-02,1.0656475514448793e-01,1.5467746975618901e-01,6.4240145801087251e-02
1.6812497061980772e-01,9.2868182981623429e-02,3.9163553155191660e-01,6.2061428162571347e-02,3.6628914519805385e-02,7.3165171589074263e-02,6.5037926335592910e-02,8.7452164804526458e-02
6.4326335860469597e-02,8.4441341977761264e-02,2.1708365800656160e-01,6.5803192933459057e-02,9.7136977122353807e-02,1.8578539374608108e-01,1.2597499678539983e-01,1.1546735125210264e-01
8.1461834016387555e-02,8.4097224900867296e-02,2.4503833620070786e-01,6.6009071955228912e-02,8.3305317478534383e-02,1.6134972227212888e-01,1.3338443439722777e-01,1.0163409108572002e-01
1.1148398634680419e-01,7.2710423327015217e-02,3.2069201018612220e-01,6.7757808613219339e-02,4.6180882489245387e-02,1.0684706006238652e-01,1.6466586091790722e-01,7.1668955683982419e-02
1.0628441588324117e-01,1.2092928600212814e-01,2.3874878809510577e-01,5.8045611463375155e-02,6.1416537249335657e-02,1.0112180596392267e-01,1.5719882038061403e-01,1.3705960671733089e-01
1.1305506985542312e-01,1.1616833890510785e-01,2.6640934289685914e-01,5.4094333796345505e-02,4.8217184437510795e-02,8.9527708817219109e-02,1.6965737598658090e-01,1.2246410676250609e-01
1.3043235373190995e-01,8.4131959029830741e-02,3.3331162293481070e-01,7.6647990259288479e-02,6.0612136064669885e-02,1.2651657564223356e-01,6.1059400928472771e-02,8.4427017140242658e-02
9.6515431418618292e-02,1.3588576315948778e-01,1.9016623461918536e-01,7.6308857819111675e-02,8.2337676963184087e-02,1.3906461247354643e-01,8.5694616804716281e-02,1.7017444532121437e-01
9.8910498085218304e-02,1.2363062756770700e-01,2.2570862095737534e-01,5.8173004337889835e-02,6.1652118088321273e-02,1.0467808043841116e-01,1.6220593553024179e-01,1.4518338469616401e-01
1.1700154582757730e-01,7.4356251280760399e-02,3.1110869762317395e-01,6.5558499421291286e-02,5.3057534753797354e-02,1.1301034197618735e-01,1.5437343911170032e-01,7.2590605263794725e-02
1.1379649305580347e-01,1.1703053834468510e-01,2.6169220947800526e-01,5.4616620961390902e-02,5.0653412536530822e-02,9.0867047247932042e-02,1.6665386573983337e-01,1.2456858758778921e-01
1.1821838056730057e-01,1.1339439763743288e-01,2.7860948672495495e-01,5.2938278020364014e-02,4.5107872754174792e-02,8.5698507788671260e-02,1.7052166335747668e-01,1.1521873992579240e-01
1.4689484664716912e-01,1.1235640296202763e-01,3.5367194367567217e-01,5.8503335170389963e-02,4.1189250999867144e-02,8.7498123455283086e-02,7.4362438186929281e-02,1.0138170584200042e-01
1.2597776136317038e-01,1.0803724559563679e-01,3.0029883123971352e-01,5.0853523981587725e-02,3.9178862431462548e-02,7.9691219649300413e-02,1.7344579890855838e-01,1.0232621892271503e-01
1.1380012377297630e-01,1.3218335461123651e-01,2.3617892217512315e-01,7.0411861117241736e-02,6.8380120567517938e-02,1.1958644374832787e-01,8.2590551642875154e-02,1.5210618873058235e-01
1.3451662959886695e-01,1.2343017163694252e-01,2.9194560020328081e-01,6.4568136795482192e-02,5.5647032454777590e-02,1.0154866343651375e-01,7.7272884761457675e-02,1.2678557042280011e-01
1.4519765063672754e-01,1.0393312409540473e-01,3.1482034819520083e-01,4.8841469362284715e-02,3.9134202934722841e-02,7.3108437212461505e-02,1.6536577365922464e-01,9.0810395208467454e-02
1.4279940636309388e-01,1.1803045606012338e-01,3.2248447466712094e-01,6.1292555812190792e-02,4.8585052171335380e-02,9.3639416127457006e-02,7.5346490204103209e-02,1.1378366523007293e-01
1.8143824067412853e-01,8.9142299722154747e-02,3.5932152842431303e-01,4.1748575103976511e-02,2.9654731316127798e-02,5.9018152114702481e-02,1.6422093674840196e-01,5.8631002801488460e-02
1.3670390915542480e-01,9.1852035312330146e-02,3.4958761913382613e-01,4.8310789816126069e-02,2.2736582508073803e-02,7.1432602722160857e-02,1.8900856569129390e-01,6.8408704785156579e-02
8.6736251706469467e-02,1.2570718560066299e-01,2.0153857922916441e-01,6.1751020409195660e-02,7.3839003058629046e-02,1.1931780530798947e-01,1.5355770344814618e-01,1.5937778328765284e-01
9.7034123943191150e-02,8.2048899457986407e-02,2.6843531165275053e-01,6.5756294301549292e-02,7.1852596736684010e-02,1.4141465109382853e-01,1.4013449500383507e-01,9.0853798551963447e-02
8.9486130360614466e-02,1.2569143006637445e-01,2.0582186545394743e-01,6.0891462763356018e-02,7.0936504419989083e-02,1.1586053830566893e-01,1.5592832499047948e-01,1.5666121789032458e-01
8.4431459579083573e-02,1.3147991614496440e-01,1.6651333911931207e-01,8.3651886326681704e-02,9.7356088295958154e-02,1.5681917028055517e-01,8.3031313130294243e-02,1.7657431604983975e-01
1.8261968941742268e-01,8.8252328687842163e-02,3.6105177032560887e-01,4.1349704672410295e-02,2.8966324029632094e-02,5.8748372460614574e-02,1.6500484600857965e-01,5.7205019289624792e-02
1.0623605485928714e-01,1.2106028869970918e-01,2.3884745884856773e-01,5.7652812844716197e-02,6.0265694933576350e-02,1.0041806145019030e-01,1.5900422309373641e-01,1.3708812510406479e-01
1.3267256958361051e-01,1.0846109414688929e-01,2.9799105272080872e-01,5.0852846337702678e-02,4.2076468390159931e-02,7.8890213244395699e-02,1.6737470363162602e-01,1.0220132243186923e-01
9.3291009017271817e-02,8.3875216125135987e-02,2.6272266940995948e-01,6.6558909865971377e-02,6.9150717055895261e-02,1.3910182295979928e-01,1.4668109069832014e-01,9.6390474133428980e-02
1.6085014026161507e-01,1.1565761828527678e-01,3.2297923321448951e-01,6.1931251772277034e-02,5.2544871872963049e-02,8.9962748686488431e-02,6.8849040042237838e-02,1.0455680703712943e-01
1.0456593033494055e-01,1.2125852253772737e-01,2.3582569171651382e-01,5.8691375379828610e-02,6.3255727228362688e-02,1.0308671538364779e-01,1.5554932217968359e-01,1.3880265190858690e-01
9.4940819737162979e-02,8.3320028842996122e-02,2.6733871042360013e-01,6.6694763919143626e-02,6.6662671767534210e-02,1.3545941463877056e-01,1.4890594201571275e-01,9.4817899687797941e-02
1.3868113628907411e-01,6.8794517886115639e-02,3.3599991965933884e-01,6.2144795838267486e-02,5.8986736481131972e-02,1.1290242223463957e-01,1.3227405909747900e-01,5.0546584947530886e-02
1.0641762566699221e-01,7.9301444990043601e-02,2.8786198212518638e-01,6.5892716437418841e-02,6.1352967912121387e-02,1.2560489388775053e-01,1.4920440260512810e-01,8.3623176424417245e-02
9.2634412509706929e-02,8.3768328234519254e-02,2.6035734435957325e-01,6.6237578750556511e-02,7.2116535287034891e-02,1.4310800796303694e-01,1.4295430681162022e-01,9.6224630061446381e-02
7.9670357249026907e-02,1.2664243927213908e-01,1.8756105554068667e-01,6.3112144825466843e-02,7.9328642035945390e-02,1.2714095240713685e-01,1.5130080840970281e-01,1.6793864391204105e-01
1.2656824272127670e-01,8.5247708502844521e-02,3.0149851081485735e-01,7.7764337786498564e-02,7.7339642932956879e-02,1.4934895688270808e-01,5.4671882192541980e-02,8.1114234099228202e-02
1.0709614490127482e-01,7.6678325061371705e-02,2.9381987851705266e-01,6.4650720966424782e-02,7.2731448655863409e-02,1.3915180616569786e-01,1.2939864496446341e-01,7.4051428680055667e-02
1.3227569581992168e-01,8.3010955403546652e-02,3.1254165882213863e-01,7.7346605112920921e-02,7.6277200928571015e-02,1.4621538832453068e-01,5.2226100203421784e-02,7.3860521214835481e-02
8.4836942691475112e-02,1.2545231721166553e-01,1.9920109755247414e-01,6.2425778743703614e-02,7.6057581633250826e-02,1.2185184013868802e-01,1.5147740032187287e-01,1.6103050764916987e-01
7.7564629868692433e-02,1.2602893506086962e-01,1.8470790978983892e-01,6.3936272912359954e-02,8.2276419513614155e-02,1.3043010617057152e-01,1.4843910410061190e-01,1.7012921598988445e-01
7.2063761509969862e-02,7.3095355787739652e-02,2.3558014586445852e-01,6.5351877376600628e-02,1.1172178115996280e-01,1.9930733155394603e-01,9.6729722248928840e-02,1.0493403080355987e-01
1.2476029899443798e-01,1.1361443319753994e-01,2.7673553944440721e-01,5.3445108140997059e-02,4.8936101100440332e-02,8.5528494648183753e-02,1.6287749404117288e-01,1.1463095797637031e-01
8.4766682023352011e-02,7.9725400561633020e-02,2.6312289514970122e-01,6.5573102577528200e-02,8.5295078764425117e-02,1.6268459780669084e-01,1.2483212575091709e-01,9.0388560231802056e-02
9.4818809825728892e-02,1.2251646639824793e-01,2.2137699404472472e-01,6.1350626231701136e-02,7.1062183408403784e-02,1.1286631961005844e-01,1.5014134175921229e-01,1.4798303203155644e-01
8.3946674386449496e-02,1.2033680425829454e-01,2.1089843882827386e-01,6.5462210226329740e-02,8.3162378887769686e-02,1.2623604692379023e-01,1.3806576566637621e-01,1.5728027112373019e-01
1.4793731888244965e-01,1.1594756106839331e-01,1.6523651710168713e-01,7.7326881908109102e-02,1.1590406915466385e-01,1.1543682376490039e-01,7.0502487610935680e-02,1.9173697237936371e-01
2.5730941166929810e-01,6.1051692175468346e-02,4.3796215316035131e-01,5.3183142442392972e-02,2.1794734306454015e-02,5.5646431000981676e-02,3.8670476153272015e-02,4.9164373305190801e-02
2.5899803693385798e-01,4.6324536114899985e-02,3.2670954104090139e-01,4.8463095986135865e-02,1.9014863181877784e-02,5.7085611921259813e-02,1.8233336447094456e-01,3.8231373001451699e-02
1.4476557441497115e-01,5.6119436311815714e-02,3.4055059280887306e-01,7.2317308789669341e-02,4.8358859368011521e-02,9.4085074463978013e-02,1.5177752963473262e-01,5.5413414674073264e-02
1.3486265411388926e-01,5.3655627050026876e-02,3.5082460045032049e-01,7.4460691475292523e-02,4.0823528608715673e-02,8.8641620320853223e-02,1.6264652638279317e-01,5.8704458911839452e-02
8.0092186933097734e-02,1.2577724539339977e-01,1.9026057494349927e-01,6.3454958766288955e-02,8.0109548683721596e-02,1.2737701691801279e-01,1.4934352282042673e-01,1.6668509781360133e-01
1.1919883315586158e-01,8.8199552317025920e-02,3.1333519350720429e-01,7.8016415807965783e-02,6.4662476293926421e-02,1.3453211861123746e-01,6.3684991651788314e-02,9.4300393501310517e-02
1.3664642301866742e-01,9.6829914702249900e-02,3.3758324346190050e-01,4.7804232061218213e-02,2.8039191942223759e-02,7.2106537786838856e-02,1.8202745614323729e-01,7.8368329820276555e-02
1.0947177347875571e-01,7.7606335091899681e-02,2.9692212159108000e-01,6.6027010398979791e-02,5.7297445707023824e-02,1.1993595405389834e-01,1.5271777907758366e-01,8.0051728150317275e-02
1.1065377320724828e-01,7.6951946089221457e-02,3.0008665223472830e-01,6.6035825129459338e-02,5.6074220556684561e-02,1.1818579581422103e-01,1.5363625170100173e-01,7.8657139786474969e-02
1.3546638637236769e-01,1.0119792230007219e-01,3.2411117070258028e-01,4.8474100810890861e-02,3.2772061615664823e-02,7.3880255785759047e-02,1.7688577900016178e-01,8.7166510736036540e-02
9.7864096431141204e-02,8.2374728493342708e-02,2.7135133517915794e-01,6.6321089970839339e-02,6.6616185514216664e-02,1.3454959281710735e-01,1.4723198438004997e-01,9.1919211985023008e-02
1.0990249065340862e-01,7.7372067427315380e-02,2.9806530131954040e-01,6.6029534757159461e-02,5.6854399792815223e-02,1.1929943513469110e-01,1.5304886432804324e-01,7.9548667524087291e-02
1.1773031627318521e-01,7.0666631123319834e-02,3.2736150096680183e-01,6.7002630070514074e-02,4.4998553561159380e-02,1.0403195887938994e-01,1.6373171633581382e-01,6.7014523175627505e-02
8.3584708577066999e-02,8.5614266417607207e-02,2.3968015301424050e-01,8.2943925202204241e-02,1.0415604785287101e-01,1.9967324136675013e-01,5.6161710306004559e-02,9.8966838562824261e-02
8.5871738155300179e-02,8.5400427931303716e-02,2.4805180585268277e-01,6.6422017881814871e-02,7.6598940649682756e-02,1.5103803602127866e-01,1.4118239813339495e-01,1.0222554788150791e-01
1.0016928378142093e-01,8.0834790036485540e-02,2.8267853310348323e-01,6.6926280605253324e-02,6.0169861306969871e-02,1.2594210690934785e-01,1.5389660475478423e-01,8.8624148350728932e-02
9.4235769064344138e-02,1.2508478454193844e-01,2.1502584487188581e-01,5.9359489562691603e-02,6.5705586646081296e-02,1.0977227613889923e-01,1.6003532799930892e-01,1.5126610226900888e-01
9.3055663530985488e-02,8.0856653026255998e-02,2.6769470493214226e-01,6.5488618848054306e-02,7.8159942056210005e-02,1.5073324152404319e-01,1.3185637109614068e-01,8.8988066022964982e-02
1.1717800576077769e-01,1.1728825046606199e-01,2.5894151484066358e-01,5.6146504368325946e-02,5.6168821313956438e-02,9.2869268172528344e-02,1.5738214346628965e-01,1.2487746970205103e-01
7.8993466903151566e-02,1.2407983813764265e-01,1.9171378122709254e-01,6.4608501145599948e-02,8.3457048728021191e-02,1.3018107623499930e-01,1.4442250434804765e-01,1.6688961465217339e-01
1.4374680115663918e-01,9.1162727809182262e-02,3.5058160369787789e-01,4.6845988998244284e-02,2.3665299360227040e-02,6.9878284378166067e-02,1.8587993016479334e-01,6.7190191293037216e-02
8.8483904959295409e-02,1.2636883339009503e-01,1.6846083525171615e-01,8.8001408448278501e-02,1.0375790396605550e-01,1.5850979763099979e-01,7.5760213188515363e-02,1.7366297714544499e-01
1.1810838877420989e-01,7.9775578739039218e-02,3.2581493636089726e-01,6.7559504571881410e-02,3.9752862842941591e-02,9.6684788321278525e-02,1.5704847688812110e-01,7.6389882882689969e-02
1.4525762745083368e-01,6.5134071583991537e-02,3.6419016146352029e-01,6.6997930322765895e-02,2.8183624154027156e-02,7.6196648149098462e-02,1.7200625803024783e-01,4.5682005829635677e-02
2.7276968690277942e-01,4.1899659395240693e-02,4.0682452315823076e-01,8.3284517472793057e-02,3.5885992670073003e-02,4.8987704312266692e-02,3.1677142607513253e-02,4.2347904237998786e-02
2.6380286390177371e-01,3.4413176381607707e-02,4.0026148892611130e-01,8.9038070300868785e-02,2.0340727407230696e-02,6.4660762846570352e-02,5.5447304283610034e-02,1.7785266441529661e-02
1.3811553165437199e-01,9.9111645353145789e-02,3.4417516639026202e-01,4.6689625596630216e-02,1.9445921207436986e-02,6.1717173788779153e-02,1.8408781619543726e-01,8.2718177134740112e-02
2.0366969045035530e-01,4.5844633480515470e-02,4.3556510348212146e-01,8.7228785860915897e-02,2.6636603912678108e-02,5.4219203127286501e-02,4.1052268668232035e-02,6.4182537401910378e-02
2.6848278984648061e-01,4.2520654697365892e-02,4.2086749453373246e-01,7.9544965539847953e-02,3.5454438857842586e-02,5.0006176956777816e-02,3.2088672565256868e-02,3.6297284747564856e-02
1.3813029497003348e-01,1.0060182940210934e-01,3.4208202850020131e-01,4.6978492024085827e-02,2.0285651043537436e-02,6.1580268280514085e-02,1.8253994984038971e-01,8.4430508584967048e-02
2.0832381761484461e-01,7.3526834156119394e-02,4.4462954788047954e-01,5.3970991886425151e-02,2.0127134486626227e-02,5.2774439806839879e-02,4.8148361727607468e-02,6.5683636718320032e-02
2.2915618000969890e-01,7.4057839843125028e-02,4.4736851918215298e-01,4.9791536187290382e-02,2.3287080966743055e-02,5.0422173814887894e-02,4.6235690383583800e-02,5.1581247919279059e-02
1.7394891533713330e-01,6.8313952270938977e-02,3.7326657383059547e-01,4.8987342121001670e-02,1.4542333064470628e-02,5.0117225804280276e-02,1.8411133962300555e-01,5.9139899343631140e-02
2.2981141767024871e-01,8.5045047455924824e-02,4.4777563797536418e-01,5.1341469471240124e-02,2.7493077524745741e-02,4.6723325685297301e-02,5.0218392589324520e-02,4.0784899561569790e-02
1.3891429786571213e-01,6.1188556806542463e-02,3.5255677703288746e-01,7.4259676213337261e-02,3.5465171603363203e-02,7.9040337891948018e-02,1.5874665233546192e-01,6.2603326677476923e-02
1.4327976207994936e-01,7.9267040588300738e-02,3.8897577780652415e-01,7.5834758190188173e-02,3.7962927003248763e-02,9.4792198865406199e-02,6.0448029751986931e-02,7.7538229430653860e-02
1.5459866747228135e-01,9.0182778301088187e-02,3.5420523677869192e-01,4.4975957486051529e-02,1.6974405531874345e-02,6.1075559101977359e-02,1.9058384245979665e-01,6.0946064090936336e-02
2.1714611168609568e-01,7.8645538513683416e-02,4.4790517227208537e-01,5.0733586384554649e-02,2.3518125513551570e-02,5.0697604878331394e-02,5.0328466961800024e-02,5.5110263742568784e-02
1.4332137391255170e-01,1.0176673176970862e-01,3.2100987284081273e-01,5.9748346503659136e-02,3.0437461882191926e-02,5.7508894011194758e-02,1.6792782163996831e-01,9.7961194810364735e-02
1.7882421062288609e-01,6.8604927969077550e-02,3.7495159284790702e-01,4.8089954072277834e-02,1.5237676091119238e-02,4.9226636425750050e-02,1.8277582048011029e-01,5.5813255890223998e-02
1.4719943827233550e-01,1.0790447943816929e-01,3.3920916423607500e-01,4.8962622101239417e-02,2.5055220830129829e-02,5.8055916306537711e-02,1.7214971630558343e-01,8.1658197442268279e-02
1.3108002310457473e-01,1.2980376318242748e-01,2.9784085679362121e-01,6.6517972662168592e-02,4.3132869453763871e-02,8.9354277435635884e-02,7.7869232639982647e-02,1.3981070533999274e-01
1.2649702181944697e-01,1.0852656761034381e-01,2.8828997167152837e-01,6.3530889486430459e-02,3.5345690836324148e-02,6.6835226599090872e-02,1.6846676194285415e-01,1.2130536092706357e-01
1.8336141579906617e-01,7.7658375134341720e-02,4.1992280975813079e-01,7.2721314378515409e-02,3.9588294311506018e-02,8.3044529143253845e-02,5.1148549026867496e-02,3.5466084285166115e-02
1.8835115792385884e-01,8.9672197173068180e-02,4.2309686186960560e-01,5.6610127368760289e-02,2.6174131192450829e-02,5.6168077947069732e-02,5.8859760528307825e-02,7.6015362168010456e-02
2.0799810186262185e-01,6.8004590263517087e-02,4.3291844667253254e-01,7.1138810941011807e-02,3.5184035033958033e-02,7.2476350430208045e-02,4.9876289973991489e-02,2.6824582163843237e-02
2.1033206238983043e-01,7.2954029017844646e-02,4.4359219732559874e-01,5.4226894749125377e-02,2.0182349330631497e-02,5.2709892416338153e-02,4.7427095536013208e-02,6.5219310864922331e-02
1.7836191437919000e-01,1.0458948791085021e-01,4.0877820294713807e-01,5.1425536511888505e-02,2.6245777342124646e-02,6.5436015863178834e-02,6.6539623897319156e-02,7.2745614818349624e-02
1.5594129072013510e-01,5.1468333714671730e-02,3.7661632544520052e-01,7.2437106235167276e-02,2.9019480223928834e-02,6.7387989691861952e-02,1.6391535698017873e-01,4.7932721505434144e-02
1.6720493425929214e-01,5.6466279473746397e-02,3.8138220899025038e-01,7.1771746757803831e-02,3.3446844517725179e-02,6.7447237784492201e-02,1.5520523446081269e-01,3.3252934421631769e-02
1.2360118800742015e-01,1.1480089816202846e-01,3.0166835118729263e-01,5.2466788896469434e-02,2.9525998079413064e-02,6.8739644412146569e-02,1.7266480750723104e-01,1.1546363459636162e-01
1.1783402315338605e-01,7.6891788711405853e-02,3.3022303756686205e-01,6.7446614756933074e-02,3.6653850490506047e-02,9.3566111549533287e-02,1.6187604267047831e-01,7.6560830476498976e-02
1.3202124069040633e-01,8.6583140850071960e-02,3.5613386503520761e-01,7.7203742965627445e-02,4.5034977298848110e-02,1.0739315224465962e-01,6.1547426691945066e-02,9.0990620914646034e-02
1.1019365663059931e-01,8.1345364697193764e-02,3.1318048769056989e-01,6.7917464102723826e-02,4.1306045566805484e-02,1.0163691310730216e-01,1.5755943265317271e-01,8.7097169020117535e-02
1.4085843072316911e-01,6.1550074179951945e-02,3.5740519305655888e-01,7.0343480117265128e-02,2.5125245195426364e-02,7.4885422120171991e-02,1.8112036842015994e-01,5.0673575074925335e-02
1.4185797769807529e-01,9.8988530558244289e-02,3.4660076206784518e-01,4.6369989631813123e-02,1.9641237608923345e-02,6.0664031622980147e-02,1.8318356803170538e-01,7.9244842003184865e-02
1.4033058697129189e-01,6.0923018561843775e-02,3.5419817194781478e-01,7.4139214971916820e-02,3.5320407521267964e-02,7.8393973356535709e-02,1.5858240026656031e-01,6.1058286902911423e-02
1.5704055122049337e-01,6.3677270334071889e-02,3.7034269121759461e-01,6.6171368230100919e-02,2.8254183030376273e-02,7.2906913442984098e-02,1.7112431369781250e-01,3.5403390737899519e-02
1.4785017638971337e-01,8.9013252922301347e-02,3.6711186878381430e-01,7.7664164130953367e-02,4.8402283141577886e-02,1.0488949419786331e-01,5.5878180637830045e-02,6.7930513718020516e-02
1.3053952314665854e-01,1.0973099883293928e-01,3.1953032675487070e-01,5.0182612023682661e-02,2.5809038635411168e-02,6.4708292706319434e-02,1.7562924098700780e-01,1.0229907050028426e-01
1.6378774571228771e-01,1.1247674630806925e-01,3.8229002888470853e-01,5.5627461803822879e-02,2.9925850435264859e-02,6.9799934097444311e-02,6.9923853712234904e-02,9.1114292633419344e-02
1.2838918104589245e-01,1.1305669504065838e-01,3.1077756446702931e-01,5.1632202308606205e-02,2.8213197465054494e-02,6.6210897183542339e-02,1.7287164907420624e-01,1.0793162519709022e-01
1.5334459495195685e-01,6.9257355789129310e-02,3.7082399981861336e-01,6.5270724403239180e-02,3.1831574687732178e-02,7.6336446288773160e-02,1.6193188458530683e-01,3.6291028566592345e-02
2.2120365564995403e-01,6.7452522645876006e-02,3.8468012283883446e-01,4.2249926712365028e-02,1.9815115688860907e-02,4.2721880786168155e-02,1.7470220813024170e-01,2.6758313283047348e-02
1.2079135945421307e-01,7.3262645107149318e-02,3.3952856417403349e-01,6.7469600079771999e-02,3.3182800648959850e-02,8.8846795369742021e-02,1.6643852445662041e-01,7.1790733423154479e-02
1.5295806049793351e-01,9.9622604170777881e-02,3.3503267125374520e-01,5.8480992798076128e-02,2.9165244101456402e-02,5.3185668973369467e-02,1.6647418205260064e-01,8.5617775956254041e-02
1.6139488528448398e-01,1.1832681699969026e-01,3.3532870548260979e-01,7.5377635004785226e-02,4.3971520723534406e-02,7.1808188740117226e-02,6.8628721699451958e-02,1.0245112544983719e-01
1.4233945831120448e-01,1.0422348081015054e-01,3.1608303536798799e-01,6.1163790829225857e-02,3.2113403407658662e-02,5.8365237937390159e-02,1.6640551933243647e-01,9.9324393185629550e-02
1.2873941173316833e-01,1.1368617851020553e-01,3.1002548701245597e-01,5.1923667194979220e-02,2.8698035710222780e-02,6.6187173748779637e-02,1.7206537993878288e-01,1.0798817112140907e-01
1.2491096020925049e-01,1.1350503347458465e-01,3.0586641920904473e-01,5.1866000313271265e-02,2.8510104415679222e-02,6.7815141166397724e-02,1.7359701825779331e-01,1.1266317459332416e-01
1.0588628021078972e-01,8.6051521907501469e-02,3.0067500800058894e-01,6.8708045549756028e-02,4.7323509456772751e-02,1.1008413224654838e-01,1.5027502795850606e-01,9.0945005882936678e-02
1.3117180865994255e-01,7.5885019158177566e-02,3.2985291808820594e-01,7.9122333216057467e-02,4.8530060309643082e-02,9.4087042317254357e-02,1.4404515236004120e-01,5.8710615949042491e-02
1.3133757492022541e-01,6.6629351180389276e-02,3.5550986116946159e-01,6.8051690395711059e-02,2.8071234875322083e-02,8.0261113110074750e-02,1.7367030943402303e-01,5.8552677886854511e-02
1.3044129170431676e-01,1.0595205891273377e-01,3.2698691707515926e-01,4.8863409181284345e-02,2.3189133672763953e-02,6.4205891164459905e-02,1.7943212542997883e-01,9.8241553196967285e-02
1.1259435148598945e-01,1.2292240178022355e-01,2.7108426361466542e-01,5.6772214799690114e-02,3.6938183560170701e-02,7.7135363401817397e-02,1.6700133402363310e-01,1.3567713062585945e-01
1.5631727890617564e-01,8.8597818699650568e-02,3.5480048896654792e-01,5.3166048584177304e-02,2.2613900772636367e-02,5.1112051114424968e-02,1.7313026674093820e-01,7.9037025811932088e-02
1.2037845943055626e-01,1.2316802465363241e-01,2.8529363103190464e-01,5.7508194906913009e-02,3.6886940688041714e-02,7.2590460687390945e-02,1.6307556132896625e-01,1.2249583354269035e-01
8.4696756342556231e-02,9.1078678837328703e-02,3.2251917409363767e-01,7.5502247545600476e-02,6.5207568669858829e-02,1.3704132300422828e-01,1.1873874215765293e-01,6.6779603457475953e-02
1.3592047907068369e-01,9.3598409116764161e-02,3.4339589643858770e-01,7.9903035489137700e-02,5.3625107271429447e-02,1.1558675521762060e-01,5.7071204886872916e-02,7.8300566913150044e-02
9.5437679823714761e-02,1.3190226159511617e-01,2.4175513145374886e-01,6.5203920276554875e-02,4.9793975647400922e-02,9.1881061159755362e-02,1.5468137448100963e-01,1.5330204565011721e-01
1.3298711653673825e-01,8.2473626689418073e-02,3.4747796096907441e-01,6.8072922059964888e-02,4.2904792281932613e-02,9.2963288800771773e-02,1.4510861626375535e-01,5.0971284089001520e-02
1.2412299178230900e-01,1.1523949101100305e-01,3.0144742012499753e-01,5.2677116694487956e-02,2.9884333809732554e-02,6.8625397340669914e-02,1.7199625446232455e-01,1.1514041693998775e-01
9.8058138072186302e-02,8.9355069584251504e-02,2.8629782184446428e-01,6.9572400719242575e-02,5.2618496791493719e-02,1.1962554783193377e-01,1.4557434506105116e-01,9.8330147060088427e-02
1.1337104523445225e-01,8.6205164622860084e-02,3.1497210075389015e-01,6.8998392446478665e-02,4.7565685674227941e-02,1.0665712928794398e-01,1.4592444019175291e-01,7.7179841649998346e-02
1.3833405278956798e-01,1.0932561322742326e-01,3.2814969633929680e-01,4.9812100621017853e-02,2.5740462899299172e-02,6.1583802501662281e-02,1.7350999832380729e-01,9.2927868254179910e-02
1.4477633999824216e-01,1.1264039526153324e-01,3.3126102796061441e-01,5.1363311658081327e-02,2.8048958501181300e-02,5.8860340030762022e-02,1.6755790568731213e-01,8.6710421838454441e-02
1.2338076954433290e-01,1.1164604713064820e-01,2.7860458395378163e-01,6.5428044941428398e-02,3.7883717923268327e-02,6.9420056069299796e-02,1.6706902775056939e-01,1.2562443577181825e-01
1.6812863590440658e-01,1.2259802618472404e-01,3.6391117076964297e-01,6.2072269589882392e-02,3.6894952143655006e-02,6.9227864716198323e-02,6.7891924390429736e-02,8.7635110583357434e-02
9.5011102564231287e-02,1.3115192923128391e-01,2.3337971826729634e-01,6.3081915813618661e-02,4.8254671025610499e-02,9.2444092943870057e-02,1.5908262412691171e-01,1.6013596192424839e-01
1.0159474987668456e-01,1.2952431968469394e-01,2.4729354127312417e-01,6.1867694658540334e-02,4.5233163297390952e-02,8.6788716030074722e-02,1.5983577644171446e-01,1.5005225762505994e-01
1.5236254221756115e-01,6.7854745225098587e-02,3.6115312130678356e-01,7.5593735532437048e-02,4.1422255916274492e-02,7.8967001157652914e-02,1.4677352831833090e-01,3.9946053467427162e-02
1.2188765871237897e-01,9.7559495604641833e-02,3.1605009546356738e-01,8.2045296863865858e-02,5.9347524052000382e-02,1.2843418628684625e-01,5.9042655463605688e-02,9.1652161900224863e-02
1.0579621420207315e-01,1.3026762675270578e-01,2.6557618837037772e-01,6.4409198071120638e-02,4.6042613079247320e-02,8.2961377471839348e-02,1.5372098817151464e-01,1.3523599616543669e-01
2.1381818666184518e-01,7.2038996616115777e-02,4.4127317919621906e-01,5.4786059543919068e-02,2.0344775349796985e-02,5.2652323992417892e-02,4.6223679020362701e-02,6.4542010786424672e-02
1.4504003079263819e-01,4.7780897012867675e-02,3.7387415461132767e-01,7.4451081344882916e-02,2.5121616819390773e-02,6.6740244677496272e-02,1.7087909556743497e-01,5.9056145658834304e-02
1.7165410598343947e-01,5.1225926569265300e-02,3.8631704491470531e-01,7.0933456279172358e-02,3.0187383456769908e-02,6.3638787537068309e-02,1.5986237521939950e-01,3.2820382803003194e-02
1.4206113040949314e-01,9.7301346573298031e-02,3.4856984501718280e-01,4.6084914845768453e-02,1.8775105182602031e-02,6.0908795511332339e-02,1.8494399912231554e-01,7.7233530187980959e-02
1.5798593830125721e-01,8.8100552176017866e-02,3.5672882664733035e-01,5.2879464861071090e-02,2.2426854082586253e-02,5.0578607523376812e-02,1.7301834879365172e-01,7.7164914868885937e-02
1.8070005513020662e-01,6.6909412376898306e-02,4.1473582717863294e-01,8.0765003416145661e-02,4.1739245577573608e-02,8.0271027332662906e-02,4.7944583412195985e-02,4.8961605195481456e-02
1.7278905865721803e-01,5.5691271690346350e-02,3.8625494915057229e-01,7.1268234093017191e-02,3.3249999013568489e-02,6.5442094190815148e-02,1.5441091668051182e-01,2.7738601292862219e-02
1.0025710799421073e-01,8.7078909720817541e-02,2.9497643434412218e-01,8.6317162408514947e-02,6.3209943595058368e-02,1.2191216248656075e-01,1.3424893185101550e-01,7.0623212031745514e-02
1.4792469631469490e-01,7.4297642043942028e-02,3.6539842681916446e-01,6.5809919345811652e-02,3.5499449217188082e-02,8.0889272482297103e-02,1.5502181189103204e-01,3.9734386003210997e-02
1.6466169030309818e-01,6.1594340011809808e-02,3.7707373968864921e-01,7.3101750274721114e-02,3.6966462777974322e-02,7.0864567800959025e-02,1.5013233133791448e-01,3.1351002329019849e-02
1.1414065874650781e-01,7.7410451496049318e-02,3.2538089737798170e-01,6.7634178516461030e-02,3.7023824835283631e-02,9.5386343059759710e-02,1.6242166199066502e-01,8.1226222520116520e-02
1.6879129111339528e-01,5.8285015492589222e-02,3.8210318219240713e-01,7.2035381270444884e-02,3.4801192562915480e-02,6.7865252723938257e-02,1.5265395111866628e-01,2.9795642059359927e-02
1.6827793479710590e-01,5.9967578504727101e-02,3.8117814784856097e-01,7.2483312576477416e-02,3.5951420569348705e-02,6.8831477525126625e-02,1.5086633681517367e-01,2.8665764879427742e-02
2.5580053602440017e-01,1.7379183802143580e-02,4.4004402427511374e-01,9.2072497430794889e-02,2.9550981587687035e-02,5.2988604687133518e-02,2.7928534407881588e-02,4.7392195424785975e-02
2.1292078185010560e-01,5.9940506755737658e-02,4.6347617804591812e-01,6.6434593399997230e-02,1.5357548462748534e-02,5.4646071142988369e-02,4.1552249912816627e-02,5.2184174172739801e-02
2.2878766063861750e-01,2.6148049586458933e-02,4.6146580467530196e-01,8.3854693725536486e-02,3.2413833060964098e-02,6.1633201915417518e-02,3.1386746305230237e-02,3.9837746501879288e-02
1.9679442703250880e-01,6.8147962759628533e-02,4.5956328569771421e-01,6.6240396518046890e-02,1.6949576266652281e-02,5.7004977701555257e-02,4.6112315069627312e-02,5.7955647077636549e-02
1.4019112798868066e-01,7.6767188901325806e-02,3.9405050850193946e-01,8.6431855553069897e-02,3.8436911359956145e-02,1.0121918433125091e-01,5.1971028894687195e-02,6.6922966917028523e-02
1.5657444452807776e-01,6.3111505290196851e-02,4.2755625688873777e-01,8.9271171665152207e-02,2.8454468424402125e-02,8.6001118878877514e-02,5.1513394891348381e-02,5.3774076230831649e-02
1.8302991297271434e-01,8.3898766182175705e-02,4.3190731289798096e-01,6.3492231546957031e-02,1.8951616689283607e-02,7.0615084133238734e-02,5.7189195531382159e-02,5.7051877803051529e-02
1.7681355922765679e-01,6.9054100400605348e-02,3.8181439384973387e-01,5.6998254850723032e-02,2.2458118804510738e-02,5.1083763032858401e-02,1.6362736858663393e-01,5.7473748528807884e-02
1.2883397317892270e-01,5.6509715244845903e-02,3.6579434404931249e-01,8.2749289162182313e-02,2.2639334052368721e-02,8.2107514452574137e-02,1.7349637628902737e-01,4.6776492517085419e-02
1.5579585618151071e-01,1.0446200505487502e-01,3.9745141591565331e-01,6.5190632404013266e-02,2.6445196745043413e-02,7.6484893985645466e-02,6.2670759890860003e-02,8.2180721776891938e-02
1.9199254698355608e-01,7.3648519844021640e-02,4.4875197812332229e-01,6.5646376377437074e-02,2.0885172475813521e-02,5.8892699951621968e-02,4.8467674128071160e-02,6.3046228693700704e-02
2.0567263736948299e-01,3.8874706967682984e-02,4.5039230773720162e-01,8.2799447241029847e-02,3.8904689051980329e-02,7.2609386119706534e-02,3.4487942181733573e-02,4.1234254180641083e-02
1.4139091815992941e-01,1.2005093249598227e-01,3.4835807855727774e-01,6.9546554248803433e-02,3.6482288863474960e-02,8.5484450824690777e-02,6.5238370593587974e-02,1.0579410147555492e-01
1.6957069783240269e-01,1.0301115492277260e-01,3.9373557171561568e-01,6.2597264712585310e-02,3.2477552718336127e-02,7.3627744318300659e-02,5.9079103072950778e-02,8.0692013295878620e-02
1.2162421824202999e-01,9.2853533877207559e-02,3.3702173237972533e-01,8.7304020343694666e-02,5.2770746555059332e-02,1.2300564148685764e-01,5.2335229689400790e-02,8.7206887765047356e-02
1.3612889697620062e-01,5.8241649964417060e-02,3.6625577072260385e-01,7.6929372923154438e-02,2.8997652161228835e-02,8.4284655296487293e-02,1.6378273123725870e-01,4.6828476698905976e-02
1.4592851929008066e-01,7.3399927160155282e-02,4.0234392226667037e-01,8.5781310435451050e-02,3.7309104554343296e-02,9.7909448684615638e-02,5.1132467593965121e-02,6.2938783946867055e-02
1.3279369206953953e-01,8.4052085046737612e-02,3.6937483326895432e-01,8.6306681053961359e-02,4.5040097698327917e-02,1.1049604333761541e-01,5.1817808160377433e-02,7.5509138571801387e-02
1.2485225763868120e-01,8.9944202927022765e-02,3.4884504708236724e-01,8.7115414035020808e-02,4.9423674608535383e-02,1.1830277943346762e-01,5.2505689080420824e-02,8.3412506661399377e-02
1.0377735893912242e-01,8.7671095429228491e-02,3.0631522967492320e-01,7.4654174296888046e-02,5.7687536088787870e-02,1.1988439245690384e-01,1.3195803515820320e-01,7.7636509531713069e-02
1.1171756812028064e-01,7.9425819990810373e-02,3.2460932021072225e-01,7.6164584969826712e-02,4.2475397203319859e-02,1.0460164754508185e-01,1.4918438002537188e-01,7.0836409707276671e-02
1.0520162114270358e-01,1.0352570041652401e-01,2.9190216614402364e-01,8.9095318606317725e-02,6.4120546914995288e-02,1.4237746246721839e-01,5.3271692052264993e-02,1.0298947829792979e-01
1.3026205115209294e-01,7.2453109908702323e-02,3.4642150389220711e-01,7.2062617804905624e-02,4.6823478067854515e-02,9.8263633454769544e-02,1.3956804796049499e-01,5.6730849777496144e-02
1.2138711675139380e-01,1.1175252707529909e-01,3.1498414991586493e-01,6.0513498748197218e-02,2.8208224321610721e-02,7.4160228240532991e-02,1.6733408637787345e-01,9.7390654720911907e-02
1.1668505193549310e-01,7.6256835788378649e-02,3.3277828586731739e-01,7.5626036604742222e-02,4.1098372300421911e-02,1.0110723098953082e-01,1.4985279592369308e-01,6.6326207714098348e-02
1.1861474777146953e-01,7.4947197293869866e-02,3.3598518413914469e-01,7.5449641374498833e-02,4.0448962882268395e-02,9.9697060739898910e-02,1.5029351802153007e-01,6.4560482216497905e-02
1.1285624420284882e-01,1.2284934098782285e-01,2.8448845992895794e-01,6.3152470051396514e-02,3.7305584776366980e-02,8.1168726940722649e-02,1.5986471042276357e-01,1.1569065032647070e-01
1.0040881066285264e-01,8.7069455163586579e-02,3.0289250459247841e-01,7.7151317328525648e-02,4.6883149534490007e-02,1.1409860434245969e-01,1.4677534774628478e-01,8.2206113525393226e-02
1.3144895890877836e-01,8.8107935572110357e-02,3.5124176281824954e-01,8.5555608680246809e-02,5.2647580910743688e-02,1.1784301907182750e-01,4.9697145544228286e-02,7.9238466424715812e-02
1.2416034126870958e-01,1.0797611324087276e-01,3.2439194907075064e-01,5.9778491856997948e-02,2.5684626959513235e-02,7.2320928754270139e-02,1.6951995794646127e-01,9.1441599850552585e-02
1.0332241116404345e-01,1.4764173296301580e-01,2.3548549376502989e-01,8.2504373282758170e-02,6.3581032437233509e-02,1.1757807331689861e-01,7.0578672607166396e-02,1.5487557492907419e-01
1.2078018866774658e-01,7.3960254801593170e-02,3.3848158568858611e-01,7.5048395739214777e-02,4.0546289930847572e-02,9.8758159563837239e-02,1.4979523755862695e-01,6.2995269890255265e-02
1.0227030362910307e-01,8.8440356354144808e-02,3.0156085106340835e-01,7.5247235508583324e-02,5.5468719432575531e-02,1.1954372898232439e-01,1.3570960645053926e-01,8.0660360786125401e-02
9.4491840233572516e-02,1.3693791694545279e-01,2.3945320469566406e-01,6.7907283551778719e-02,5.0302603975428746e-02,9.6398394193705855e-02,1.5168913134145459e-01,1.4192511448429304e-01
1.2713869136289363e-01,1.1511042720179111e-01,3.0796696268413781e-01,6.0397498802280493e-02,3.6363958517323505e-02,7.3455901966273954e-02,1.5711590298508588e-01,1.0181836035132583e-01
1.2383733440489585e-01,7.6062479422132040e-02,3.3712542890588076e-01,7.2921442454063262e-02,4.8195565344681057e-02,1.0242017705335291e-01,1.3915490189099253e-01,6.1936903810640820e-02
1.1610285268905582e-01,9.7461572661340298e-02,3.1653414545910036e-01,8.7639693073973388e-02,5.9681481832614416e-02,1.3208433528592248e-01,5.1475185905178321e-02,9.2871070550423457e-02
1.1143134134801086e-01,9.6006570023477358e-02,3.1949175476287017e-01,8.7955208111023239e-02,7.5590172600739927e-02,1.4399343914240872e-01,4.2503799447452577e-02,7.9405871239077414e-02
1.1351993692042019e-01,1.4244072395715657e-01,2.6087334453620858e-01,7.8819990645658755e-02,5.5139706416346725e-02,1.0826867936539838e-01,6.9968957145631824e-02,1.4479618700520483e-01
8.1547605767268161e-02,9.9003409528293007e-02,2.6513907126547737e-01,7.6604021486753757e-02,6.5782171487795429e-02,1.4049142697135736e-01,1.2996833106874572e-01,9.8604133903644933e-02
1.3273462033152936e-01,1.1423879287867525e-01,3.1451417232030032e-01,6.0111754170292964e-02,4.0079297717398689e-02,7.0639716994427559e-02,1.5079741204640076e-01,9.8616544650292723e-02
1.1336740796337011e-01,1.2360887208972800e-01,2.8273355075164719e-01,6.3316309797303794e-02,3.9140381954938651e-02,8.1426921892122223e-02,1.5773217341002627e-01,1.1677338999851537e-01
1.3749434644090539e-01,6.6664772684090490e-02,3.5700686396947579e-01,7.1815504114523532e-02,4.1837505115654108e-02,9.1934675858355991e-02,1.4530236336748684e-01,5.1199759077181863e-02
1.0676584128525926e-01,1.2949178243031045e-01,2.6598557102877673e-01,6.5416132362754245e-02,4.5632690370936015e-02,8.6910207695659103e-02,1.5238006685377037e-01,1.2686400617021379e-01
1.1557148161517876e-01,1.2418709737617260e-01,2.8365326587839063e-01,6.3621697855812398e-02,4.3210616118208971e-02,8.0901024439982899e-02,1.5218966519391458e-01,1.1671347739833289e-01
1.4490482320310338e-01,1.1977059205356783e-01,3.5582529093447041e-01,6.1724081021400756e-02,4.5759757251710192e-02,8.2374438273017797e-02,6.6814592286917912e-02,1.0095639974043985e-01
2.9002752850371921e-01,3.8652882635544693e-02,4.0293178034442895e-01,7.2149828775771627e-02,2.4281531667042309e-02,5.8328685981899477e-02,2.9779642270167977e-02,4.9309995967489917e-02
2.4365104340561905e-01,5.2626908357288102e-02,4.3047493773510886e-01,7.5788661934530432e-02,2.1952426368289694e-02,5.4080595002687526e-02,3.2587375791502254e-02,5.3980187194905237e-02
2.9160024723422778e-01,1.1802400982074465e-02,4.0166553565424362e-01,9.7711712469322809e-02,2.9987596167308443e-02,5.3179461742909287e-02,2.6762346598566671e-02,5.2915310232023109e-02
2.3876685672575268e-01,5.5484404005271708e-02,4.5895258612345330e-01,5.6961470453517335e-02,2.3132981020830251e-02,5.4542715235921267e-02,4.0179444752631625e-02,4.7827547668947396e-02
1.4432088139192820e-01,1.1486557121028290e-01,3.7770137700350470e-01,6.1179863877863408e-02,4.0480476802554413e-02,7.8431844342930032e-02,6.5960468053779392e-02,9.4139906086575645e-02
2.2507578315691196e-01,2.9607544278803879e-02,4.6220094270103118e-01,8.0812519672981559e-02,3.2128703827895115e-02,6.5746562148738252e-02,3.5660354272748794e-02,3.6462318393288014e-02
2.6922000911723709e-01,2.7467569123870765e-02,3.1739351116051701e-01,5.8388862516252728e-02,1.9633850203961051e-02,6.0855273732561520e-02,1.8155300993504744e-01,3.8006666948217478e-02
1.7171402691970331e-01,9.4105503015782258e-02,4.2482321189187178e-01,5.8166578694202199e-02,2.9163630945018091e-02,7.0447174894869152e-02,6.0252678991658405e-02,6.6389205288559100e-02
1.4426719374188296e-01,6.8682257512751504e-02,4.0070091918168232e-01,8.7431590944740678e-02,5.0577833997635262e-02,9.3442352765640169e-02,4.7711225363616390e-02,6.9073805091766916e-02
1.5783672747145253e-01,6.9960116988159585e-02,4.1347742336621246e-01,7.7269023796262493e-02,4.4067252185693996e-02,9.4756586682181745e-02,5.1104295422588382e-02,5.4173335098533858e-02
1.5187269668060491e-01,6.6343696014979872e-02,4.2820995849285554e-01,8.7406777589164930e-02,3.6232972976946623e-02,8.3205068082638084e-02,5.1901503698840945e-02,5.6729608259355073e-02
1.1005521442090906e-01,1.1749895737687438e-01,2.8196239234481812e-01,6.5746717537893642e-02,5.1948084869785235e-02,7.6475572226256686e-02,1.6106707955745272e-01,1.1667510266366743e-01
1.3674622640565132e-01,9.0322531007340862e-02,3.6256424240313989e-01,5.3651671557653928e-02,2.3714360794962357e-02,6.4985763140555083e-02,1.8207958835715268e-01,6.3679528855841078e-02
1.5298014528891479e-01,6.9358041167445289e-02,4.1954060759024459e-01,8.0657570992007127e-02,4.1204166193509008e-02,9.0696707754060968e-02,5.1902351976948577e-02,5.6231954625875817e-02
1.8585066148408841e-01,5.5740844089742350e-02,4.3532939958148020e-01,7.6540999769061480e-02,3.6692755658786110e-02,8.4530848285111287e-02,4.8718781664735519e-02,4.1093490644064277e-02
8.9560632152190706e-02,1.3606741813919793e-01,2.5660420293627745e-01,5.8227871518742119e-02,6.2708318184280062e-02,9.5605399553810297e-02,1.5052754723741468e-01,1.3547279859957850e-01
1.7413736772841210e-01,1.0117932102887853e-01,4.0378389205900261e-01,5.5930905983264320e-02,3.5142172273010808e-02,7.2274931496062081e-02,6.2060324084661507e-02,7.3786563916910741e-02
1.9275209711517913e-01,4.9918700048999329e-02,4.3003003306536763e-01,7.8711044239905076e-02,4.5460504765226666e-02,8.6766512665612527e-02,4.2014140803176135e-02,3.8441227770077781e-02
1.6608378574232219e-01,7.0083811316864281e-02,4.0632724179866120e-01,7.3335289614428645e-02,4.8153143753114643e-02,1.0069711938501584e-01,4.9119907356277658e-02,4.8361882441599502e-02
1.4713368712118993e-01,1.1048458156451110e-01,3.5783565858474942e-01,7.0745188337163131e-02,4.8030854202366281e-02,7.6692913802666948e-02,6.3202417201294575e-02,1.0357912097597996e-01
1.4038003110156533e-01,8.8130550645216577e-02,3.5864404110819398e-01,5.8798832483955024e-02,3.1123472206502526e-02,5.7822793608290970e-02,1.6851677964189560e-01,7.7510697796899189e-02
1.9156985186429321e-01,2.5793202944491788e-02,4.0174421774562724e-01,7.2736401047175062e-02,2.8204890871223673e-02,6.4690766486421067e-02,1.5913366972020543e-01,2.6098428223417864e-02
2.0406407014155697e-01,7.1916323824910297e-02,4.5102250969777258e-01,5.8999420535580084e-02,2.7541768690015928e-02,5.7186105892919427e-02,4.8495107447868391e-02,5.8649639103813732e-02
1.1218576406086574e-01,9.7013804592944994e-02,3.3487836023790030e-01,7.9852632080026145e-02,6.4704736392717871e-02,1.2461208306696878e-01,5.5758020950014232e-02,8.9537737551552310e-02
1.5595430704951047e-01,1.1254307926925616e-01,3.7640156231219524e-01,5.9458632751068406e-02,4.1232645409711298e-02,7.7804700421566522e-02,6.4929704901476967e-02,8.9862900778549401e-02
1.0974735485043001e-01,9.8777217560032646e-02,3.2644062046126898e-01,7.9700258568607865e-02,6.7212851869085530e-02,1.2861919596934648e-01,5.5907096051279116e-02,9.1741950393023589e-02
1.2836969230092637e-01,8.5151754852812414e-02,3.7932215964152388e-01,8.0148662179151245e-02,5.2622468432536686e-02,1.0664075551558572e-01,5.4270350667211059e-02,7.4024177214641773e-02
6.3140628173911695e-02,9.8394231320599157e-02,2.4114758634177824e-01,7.9932433384330440e-02,8.8681195245508687e-02,1.5373038447782281e-01,1.3340062387865947e-01,9.9464445091591247e-02
1.7133684165438937e-01,6.0790509136975618e-02,4.3093385654540173e-01,7.9884520784616275e-02,3.7340447702319375e-02,8.5292352910259023e-02,5.0162526274691019e-02,4.7835703654442847e-02
1.0481003364523123e-01,8.0115808170098016e-02,3.3468417142868589e-01,7.0455028558522967e-02,4.8327621843448881e-02,9.9942229134368288e-02,1.5586947130580109e-01,6.9419254888726703e-02
1.0751539501043589e-01,8.2161537591379605e-02,3.2828479801113780e-01,6.7663511410108498e-02,5.3055759208313361e-02,1.0606913748040445e-01,1.4882563660036691e-01,6.9571355019271308e-02
1.8135097610169321e-01,6.2493933082943667e-02,4.2243716283843308e-01,7.1561780827909954e-02,4.3939180835431364e-02,9.4767109357257434e-02,4.7685238742249454e-02,3.9151191416028928e-02
1.0644689962244895e-01,7.7579259381823890e-02,3.4107480162063109e-01,7.1446373230341420e-02,4.5585123402363516e-02,9.6544673040510259e-02,1.5864228827761909e-01,6.6603830383026905e-02
1.0469694576513920e-01,8.2171720061907857e-02,3.2881000774932895e-01,6.9072122286234189e-02,5.1377268972721275e-02,1.0384325527328341e-01,1.5217784001255999e-01,7.1151964054554775e-02
7.7703499115896579e-02,1.1275333546366570e-01,2.5597034839544835e-01,8.0389500073414930e-02,8.8989455423783254e-02,1.6603417624734323e-01,5.9131948087984471e-02,1.1457088886518303e-01
8.3962926742018135e-02,9.5826129401145113e-02,2.8776193456746579e-01,6.6536403301239402e-02,6.9227175305571820e-02,1.3015357109369971e-01,1.3834605140604828e-01,8.9348116185135260e-02
1.2950533827503621e-01,1.0775207123685750e-01,3.3443201922290217e-01,5.1547845048092282e-02,3.5355983988521758e-02,6.8180927738485664e-02,1.6792972953648136e-01,8.6957343559029496e-02
1.5299956977637602e-01,1.0692145943842429e-01,4.0023308163734372e-01,5.9824587040632898e-02,3.5370363068168820e-02,7.4428802435838229e-02,6.3952820124821605e-02,8.2690908250584644e-02
9.0385960268688906e-02,9.1871273858826513e-02,3.0153513451146341e-01,6.8541440013328458e-02,6.0779987592002316e-02,1.1691051295692620e-01,1.4667957549206914e-01,8.5331345787338128e-02
1.9294993188609433e-01,9.2441357283169087e-02,4.1887182140551216e-01,5.2537241760260790e-02,3.1917663192805465e-02,6.8912027254445507e-02,5.9677676918951796e-02,6.1687223960920710e-02
1.2534931072103761e-01,9.0957598268196119e-02,3.4996254197501231e-01,7.7878246087908776e-02,6.2010014841002582e-02,1.2095389583973820e-01,5.3684822213206779e-02,7.8245231768771170e-02
1.0571070008494235e-01,9.9959292002717040e-02,3.0867271971235677e-01,7.8331938308498425e-02,7.6021635932132348e-02,1.4499761578747869e-01,5.4701743810501177e-02,8.8224589678736628e-02
1.0851612040779161e-01,8.0465946281742445e-02,3.3278549777358390e-01,6.8478306054556015e-02,5.0643865009893776e-02,1.0283469141406791e-01,1.5160135781248851e-01,6.8141621589358894e-02
5.5184315695190014e-02,1.0355982909217387e-01,2.5492863322824627e-01,6.4258421320624773e-02,8.9622237894168358e-02,1.6473602083986022e-01,1.2404333608650413e-01,1.0443628600791648e-01
1.0227979507536503e-01,1.2993313955472940e-01,2.7608897963727647e-01,5.6193145397776943e-02,5.4366038891782480e-02,8.5620831146268492e-02,1.5570312174867940e-01,1.2330418955472848e-01
1.1394065574935622e-01,1.2193501636453724e-01,2.9923600147627510e-01,5.4185512260419913e-02,4.6371617052512741e-02,7.7237501485036025e-02,1.6050218066553062e-01,1.0925867388974134e-01
1.0282236896080905e-01,8.4629732766775337e-02,3.2193804333015497e-01,6.8103140544115343e-02,5.4663903226672188e-02,1.0828588717450686e-01,1.4876904305271246e-01,7.3668337596802955e-02
1.7777985751183539e-01,1.0517995762776174e-01,3.8835775070884504e-01,5.6517726440197140e-02,3.9611909470573546e-02,7.4013030523812390e-02,6.2169030397853542e-02,7.5985559329037194e-02
1.0686019686341156e-01,7.9551720576892374e-02,3.3566888958565277e-01,6.9901516377368758e-02,4.8435818127764957e-02,1.0003576751318358e-01,1.5501915268646813e-01,6.8200569921947493e-02
1.0354349063059584e-01,1.0166966704246486e-01,3.0460979906361446e-01,7.8784839881056265e-02,7.5888946138231703e-02,1.4408539264534800e-01,5.5486338504226594e-02,9.2670935802089530e-02
1.1051658700167673e-01,7.5875000200143788e-02,3.4434724556937418e-01,7.0759193837515680e-02,4.4971124381866991e-02,9.5705929924541383e-02,1.5809391997735373e-01,6.3854961836995822e-02
8.2023287711020562e-02,9.3072542983257317e-02,2.9908076432558045e-01,6.4315965010049991e-02,7.4374807632032927e-02,1.4031181018001271e-01,1.2793672422464356e-01,7.9630094442763116e-02
1.1491036626138565e-01,1.1601698696621816e-01,3.1593389460777144e-01,5.3840306653946630e-02,3.9730459971518611e-02,7.2647883243375760e-02,1.6785705398211179e-01,1.0043939081336999e-01
1.0141855948036238e-01,9.5158677963153263e-02,3.1957374521395726e-01,7.8007894510449038e-02,8.0407332534817855e-02,1.5653070615934664e-01,5.2159598682785226e-02,7.2356002475419512e-02
1.7882336966226836e-01,6.1837304914929787e-02,4.2535876376124232e-01,7.3339351195398653e-02,4.1890559109459533e-02,9.1847771737434900e-02,4.8630475808933676e-02,4.2027317924201460e-02
1.2510797415224134e-01,1.1373679494663201e-01,3.2047626250914618e-01,5.2306859968132662e-02,4.0125601690677824e-02,7.1315280128298617e-02,1.6356924332941658e-01,9.5686504169225417e-02
1.4665659211369031e-01,1.1146381969874014e-01,3.5366628019371499e-01,7.1085972093555508e-02,4.8953096175321786e-02,7.7625169866184077e-02,6.3615974982813558e-02,1.0467011894070233e-01
1.1459349546324994e-01,7.9289802743655116e-02,3.3563015781278671e-01,6.6256238042371088e-02,5.2365792194955206e-02,1.0512074487028729e-01,1.4649336917422587e-01,6.3564169994149558e-02
6.6159440958470511e-02,9.5589737434675720e-02,2.8976407610576171e-01,6.3576036556631355e-02,8.4044907437158575e-02,1.5716224570859322e-01,1.2008207251310571e-01,8.4427296043987951e-02
1.3451597497922538e-01,7.0110820510702235e-02,3.5975589245275735e-01,6.3208878579998240e-02,4.8256555654276723e-02,9.9460187677329281e-02,1.4268407711433592e-01,4.6044541642837646e-02
1.0985969942251676e-01,1.2594389320582114e-01,2.8998279745781785e-01,5.5506407924307416e-02,5.2893222131803266e-02,8.3078251491733354e-02,1.5242263132818976e-01,1.1433548822247749e-01
1.6466570456467364e-01,9.1172824059669241e-02,3.6692743460608856e-01,4.5759220008555340e-02,2.8392180491749259e-02,6.0129506837997573e-02,1.6525161801840804e-01,6.0738854339164573e-02
1.1318218882043854e-01,1.2215994403208566e-01,2.9861352793780344e-01,5.4273076572043791e-02,4.6349236445155581e-02,7.7341729844811219e-02,1.6089845141395973e-01,1.0977511572800443e-01
1.1983124803187231e-01,1.1111609784727967e-01,3.2789629835781775e-01,5.3161422807170955e-02,3.6251787696691268e-02,7.0033718691115465e-02,1.7005692259231123e-01,9.2682902360192027e-02
1.2309178540808337e-01,9.1775854445523344e-02,3.4907628930171797e-01,7.8384735344278714e-02,6.1822357623869513e-02,1.2051176302224730e-01,5.4145019281074042e-02,8.0265766144865039e-02
1.1226683707644884e-01,1.4053470854498248e-01,2.8314374079323484e-01,6.8511901339755960e-02,6.2219558480277534e-02,1.0162038787283170e-01,7.3035183890325289e-02,1.3696934474804995e-01
8.4081756125324605e-02,1.3877544390465280e-01,2.4661164598300542e-01,5.8853991973408300e-02,6.5471618814548965e-02,9.9270975620061069e-02,1.5028437313209853e-01,1.4166671963228528e-01
1.2607771432977355e-01,1.3259200608489149e-01,3.0185894283253767e-01,6.8747294176926835e-02,6.1679450192400821e-02,1.0032003088155547e-01,7.0269385581128857e-02,1.1815650862191196e-01
5.3593971936230028e-02,1.0652655161147660e-01,2.4356951939765364e-01,6.4965466879190539e-02,8.9401736797736539e-02,1.6353080373017331e-01,1.2763397380049177e-01,1.1137719570893877e-01
7.5338045928749223e-02,9.9592575252899163e-02,2.7433485876324809e-01,6.6294775342825948e-02,7.4617578429888601e-02,1.3880928557133196e-01,1.3566326611848725e-01,9.6117469088274329e-02
9.2350218417483657e-02,1.0756092971777458e-01,2.8495311509440052e-01,8.0042403615530389e-02,7.9565497812398925e-02,1.4927645737322195e-01,5.7608138411167416e-02,1.0505895824595611e-01
1.4937192067183461e-01,9.4266122832157337e-02,3.5942639707125723e-01,4.8528652210450628e-02,2.8282042557915180e-02,6.3042810499529700e-02,1.7116172580008693e-01,6.7424471045918921e-02
1.2339495510334199e-01,1.1410911764388387e-01,3.1960674216728080e-01,5.2544318177134432e-02,4.0037684491983271e-02,7.1545150000200258e-02,1.6438043146027265e-01,9.6540853230349444e-02
1.0150663098291889e-01,1.2891728149081719e-01,2.7922887305105415e-01,5.5968258136511469e-02,5.1033369712488758e-02,8.2811620502425839e-02,1.6073095363101911e-01,1.2235300425004061e-01
9.7349596305056421e-02,8.8299950143341854e-02,3.1162366674578629e-01,6.7827225731834057e-02,5.8466511653550504e-02,1.1365505493707458e-01,1.4630138934409959e-01,7.8836783189144485e-02
1.1030660018925664e-01,1.2168017508640308e-01,3.0044486244031282e-01,5.4556558118360896e-02,4.4581891514742587e-02,7.6498604759823577e-02,1.6425639890937174e-01,1.0964948312104696e-01
1.2075454521070302e-01,1.3533902494192890e-01,3.0360056435974608e-01,6.6739435603436481e-02,5.7426831294947321e-02,9.5650377202715783e-02,7.1313550399820985e-02,1.2732441638614239e-01
7.6754393632570500e-02,1.4279789667914736e-01,2.3109776546014893e-01,5.9550172130735032e-02,6.8871775969136489e-02,1.0391426344377651e-01,1.5106357972275578e-01,1.5107704063166605e-01
7.6972122805325852e-02,9.7865483718781676e-02,2.8044192895971259e-01,6.5560453140005470e-02,7.5106395282565477e-02,1.4017169089128137e-01,1.3297136675734136e-01,9.1649300060572231e-02
9.6248583658701620e-02,1.4680189779565145e-01,2.4542437222095709e-01,7.3187681832318247e-02,7.4620662210502675e-02,1.1864588873826601e-01,7.6024631492768058e-02,1.4912183814892355e-01
7.7529207231948935e-02,1.4072701352508868e-01,2.3926622677735274e-01,5.9810589186566121e-02,6.9877374524225197e-02,1.0493436584606108e-01,1.4721138500486250e-01,1.4670334873949431e-01
6.9014305509693660e-02,1.4328948140042111e-01,2.2811800254481107e-01,6.0890362416257129e-02,7.5494512261512978e-02,1.1223584198051324e-01,1.4405770004372406e-01,1.5433332212070341e-01
9.4409532863677897e-02,1.3342325892074380e-01,2.6630769202352833e-01,5.7728992018412410e-02,6.0642436289595134e-02,9.2790774653965929e-02,1.4994928521189158e-01,1.2950504679884159e-01
1.3653548093180706e-01,1.2294044151962620e-01,3.0256321029781486e-01,7.7820680988655092e-02,6.1759484437280750e-02,9.2436513710146079e-02,6.9249755701711282e-02,1.1451823694609800e-01
1.0871502059437643e-01,9.8074217940857356e-02,3.1457121160287987e-01,7.7935563469095012e-02,7.5285322241788161e-02,1.4425599873544193e-01,5.3951359096193009e-02,8.3840194081366226e-02
8.5068641421660360e-02,9.4250433506309572e-02,2.9338564998589634e-01,6.5380018091508757e-02,7.0962744396277574e-02,1.3363174862647403e-01,1.3392758504387461e-01,8.4381298477461161e-02
9.7045561196309846e-02,1.4654749253259816e-01,2.4680178917076084e-01,7.3021159145172126e-02,7.4178811479488280e-02,1.1799803098642871e-01,7.5890984386721705e-02,1.4852956773905843e-01
1.1707443740453964e-01,1.3303863830590637e-01,2.6702730072912145e-01,8.1564862025087614e-02,6.9417547162084189e-02,1.0307450173348487e-01,7.3509957454646155e-02,1.3269317914976730e-01
1.2776479394131462e-01,1.1592867718063157e-01,3.2579011675917485e-01,5.3808975230731936e-02,4.7391501162200006e-02,7.5022662609615182e-02,1.4707590005041160e-01,9.1961876813101348e-02
1.1942022782524021e-01,1.2068826511925614e-01,3.0418996242049123e-01,5.3843543827020467e-02,4.7695134544783906e-02,7.7254193514163252e-02,1.5528041536526507e-01,1.0516988576304286e-01
1.3263054111386863e-01,1.3027581365986921e-01,3.1201958554708470e-01,6.6631243203955248e-02,5.7884504529830898e-02,9.5258743213673849e-02,6.9369487261199708e-02,1.1521133767947606e-01
7.0626702988848766e-02,1.4509888132970958e-01,2.1975451884485303e-01,8.4378304720898592e-02,9.7359658593121304e-02,1.4473192170453164e-01,7.0717240615638458e-02,1.5633466444846428e-01
2.4549478525890567e-01,4.7805741653570336e-02,3.9511905380854817e-01,8.5724905690268235e-02,3.3247581202721366e-02,6.8702218555700384e-02,4.4143201372819060e-02,4.6898522125634626e-02
1.7217716545955566e-01,8.9878769826790744e-02,4.2912302410904518e-01,5.8260710945355502e-02,2.1578066876366597e-02,7.3286051871324878e-02,6.3726207136252863e-02,6.4640900327780956e-02
1.4076948738906667e-01,9.0431788414724559e-02,3.2330129928629125e-01,6.1125226313079498e-02,3.4849898290430843e-02,6.7314686040515728e-02,1.6811710649226039e-01,9.4091824958402792e-02
3.0679015283134670e-01,2.0517661610531052e-02,3.7576202045942714e-01,1.0441750386915832e-01,2.9893461201017095e-02,4.4880062357478760e-02,2.8129205166634589e-02,5.7695701608452603e-02
2.8782285653251749e-01,2.4350354298612414e-02,4.0822494980251606e-01,9.2969193147198564e-02,2.9689997054007898e-02,4.7141679329624327e-02,2.6614309781264379e-02,5.3014259375005805e-02
2.6460362530879905e-01,2.8460914185009525e-02,4.0511901689197372e-01,1.0590791281981723e-01,2.4800016321115118e-02,4.6328137647353197e-02,3.1122897288265776e-02,5.8701357331397752e-02
2.3229353798889157e-01,3.2086058943285506e-02,4.5658900768205318e-01,8.4634252471632934e-02,2.7566081436556481e-02,5.6779000791472224e-02,3.4124573679069722e-02,4.4943451736362459e-02
2.3244599261645432e-01,3.2254361023755854e-02,4.6271533564654616e-01,7.9185167958790673e-02,3.0624176732682543e-02,5.9742717971085844e-02,3.4436683570814065e-02,3.8926229217480256e-02
2.0624890170884652e-01,6.5222856815909544e-02,4.5927786858991443e-01,6.6617092004981504e-02,1.4450972670951101e-02,5.6543516702396393e-02,4.4089911915841523e-02,5.6967699041865140e-02
1.9845696286813413e-01,3.9311901318512324e-02,4.5986739381410469e-01,8.5475657771843183e-02,2.8145519428251480e-02,6.5703076440055727e-02,4.0659126157043403e-02,4.8893740524235341e-02
2.0876542374447954e-01,8.8667782521338848e-02,4.2346545934197077e-01,4.9952829344685451e-02,3.1586808383118864e-02,6.3414945979016923e-02,5.6869721457707169e-02,5.8335141099591759e-02
1.1040045737285412e-01,7.5632677381937935e-02,3.0210634893070376e-01,6.9426115588238066e-02,5.4715300545130123e-02,1.1735061203091171e-01,1.4917863530649175e-01,8.1447762994332221e-02
1.7487643340091319e-01,8.8664103113183873e-02,4.3035813111179178e-01,5.8866483551667202e-02,2.0723276537507589e-02,7.3051142296726851e-02,6.2846517429467300e-02,6.2487972490108151e-02
1.7591870251160194e-01,5.9939467538593451e-02,3.8764275212817156e-01,8.3444587908384341e-02,5.5007566578250330e-02,9.7969086896689081e-02,4.5141652241761143e-02,5.6684648943693343e-02
1.2108293406591676e-01,6.4736577240973481e-02,3.4399281442604168e-01,7.1236480793050866e-02,3.7772919011630546e-02,9.6735484194696963e-02,1.6454336698968872e-01,6.2976418048856897e-02
2.1479472217739001e-01,3.6696733316409380e-02,4.6090161185129791e-01,8.0142537621832419e-02,3.1608651588263009e-02,6.4989400446193057e-02,3.7887712665186514e-02,4.1719852452560845e-02
2.1384758781325672e-01,3.8684532722882546e-02,4.5689204712867298e-01,7.8034884431601961e-02,3.5210285718140097e-02,6.8411099846005560e-02,3.8199230405675820e-02,3.9496137120975876e-02
1.5191000959940010e-01,7.0576521177165855e-02,3.7934318829453589e-01,5.6876652630362720e-02,1.7308879631612019e-02,5.8192965888911818e-02,1.7894830694760094e-01,6.5141297929810660e-02
2.0868774859954015e-01,3.6649406563698195e-02,4.5810185764309463e-01,8.9494925616340870e-02,2.5087925153088768e-02,5.9634454152291821e-02,3.8066147986235067e-02,5.0565802974932759e-02
1.1948011512392197e-01,1.0876756097946913e-01,2.9342953571177693e-01,5.5768177369091919e-02,3.8244722000854263e-02,8.1208461156264580e-02,1.7062814412685803e-01,1.1170524396024945e-01
1.4465370365569047e-01,7.7149538134507770e-02,3.6447011200556473e-01,5.7993703902510227e-02,2.1834811043476822e-02,6.1112970966775100e-02,1.7659397163675919e-01,7.4980089328361019e-02
2.3270939315257122e-01,6.0219406935589186e-02,4.5166686361656511e-01,6.2883777058192758e-02,1.7103503087962057e-02,5.4608178014080508e-02,3.9494700699390678e-02,5.2512450943244381e-02
1.5699175142951363e-01,3.9105883948429634e-02,3.8539702294497002e-01,7.6658163977928934e-02,2.9541395513059954e-02,7.2207016315778735e-02,1.6310106903954089e-01,4.4641742691720186e-02
2.1152747982683376e-01,5.6451133313371114e-02,3.9776560875336681e-01,4.5677333789248646e-02,1.9844962058527961e-02,4.5257292767179096e-02,1.6809994245290497e-01,4.0041346199446048e-02
2.3047258881574517e-01,3.3119773809993897e-02,4.6353843359313507e-01,7.7751630071671254e-02,3.2034727759931055e-02,6.1437894667129248e-02,3.4887899620394527e-02,3.7199273796405516e-02
1.5563199276786677e-01,5.6957233124277667e-02,4.1127583963145886e-01,8.6629129044333286e-02,4.1225421935064045e-02,9.1723251188748869e-02,5.0984859630511602e-02,6.7101036450342474e-02
1.4870650510585359e-01,3.9593075801322035e-02,3.8466762820177447e-01,7.9179525474549858e-02,2.7178133369559047e-02,7.2591073285989446e-02,1.6695057066876909e-01,4.7911614803236940e-02
1.7829375865352773e-01,8.1928389948050809e-02,3.7175983056327394e-01,4.4155609683384216e-02,2.4100574497234961e-02,5.7211408723646710e-02,1.7178603922888214e-01,5.4015221490853013e-02
1.8128174466118735e-01,5.0633747807784263e-02,4.2673508052982051e-01,8.2163940631190743e-02,4.1423392173935099e-02,8.3665535534649157e-02,4.5118676531212175e-02,5.3435386434958633e-02
1.6590777019196856e-01,9.0748501464200756e-02,3.9394455934083827e-01,6.6364258873171059e-02,3.4157181824223878e-02,7.2036903569806382e-02,6.2836189589424052e-02,9.0369525127278055e-02
1.3925980869798593e-01,8.5031334055514537e-02,3.4128099168800791e-01,5.9829259735865357e-02,2.8474581003625987e-02,6.5189755827880960e-02,1.7301196718320186e-01,8.7139614467683757e-02
2.0690007821277356e-01,2.4606362652265980e-02,4.0045893361093760e-01,7.0700686609336538e-02,2.7200203543167406e-02,5.7475011118679864e-02,1.6013931156401229e-01,2.5855880525924878e-02
1.2170826517986873e-01,1.1476577661945198e-01,2.7176793727174064e-01,5.8780549609530809e-02,5.2286168456097390e-02,8.6173773940011508e-02,1.5443536758996607e-01,1.2203814873262328e-01
1.7763974251946132e-01,6.6899816370465090e-02,3.9991625325948982e-01,7.3371534157831361e-02,5.0069577313049611e-02,9.8059086446510568e-02,4.7071168248181985e-02,5.0065065701789355e-02
1.8799718784997896e-01,6.7403714141424528e-02,3.8479150968167686e-01,5.0216348754208509e-02,2.3565293539533239e-02,4.9142116703223986e-02,1.6675982250644888e-01,5.3867369627972221e-02
1.4070067146696100e-01,9.4605571972895583e-02,3.4147483445017973e-01,5.0916920132828218e-02,2.7094899063617648e-02,6.8857712794760023e-02,1.7574289258930562e-01,8.0538842759679458e-02
1.7329592802508986e-01,6.6020137911855695e-02,4.0490042652774155e-01,7.4353718333403207e-02,4.6034231477649658e-02,9.6244232414497324e-02,4.9698400832548603e-02,5.2662775115317841e-02
1.5858495788759450e-01,6.7780062084386500e-02,3.8367304520545858e-01,5.5892352346073038e-02,1.6397571944037855e-02,5.6605759389158385e-02,1.7879822397962572e-01,6.0815014486079212e-02
1.6332715317605739e-01,7.0082610594289788e-02,3.8967448038310531e-01,7.5674616931114311e-02,4.9216776799995691e-02,1.0271058389297739e-01,5.1244213506081292e-02,5.9758036171389965e-02
1.3786167039528749e-01,5.2495809060610292e-02,3.6619835464458567e-01,7.7280529190899103e-02,2.4625898376501792e-02,8.0542465237253905e-02,1.8041685934960991e-01,4.5753988352011353e-02
1.2708332112266965e-01,6.3960906439719786e-02,3.4624470547708536e-01,6.9887686719773801e-02,3.8955176413905029e-02,9.5683214135971792e-02,1.6162882750620017e-01,6.0176110700003289e-02
1.6578457137364883e-01,9.5712857669976184e-02,3.4554246529180987e-01,4.8963559913643775e-02,3.5449014258822284e-02,5.9841158478253768e-02,1.5797766892743542e-01,7.4916455267809115e-02
1.3201046192297514e-01,7.6837164617346784e-02,3.7087921258285628e-01,8.1003453210292606e-02,4.7087128529353997e-02,1.1194441267068449e-01,5.9817164826800877e-02,7.8956274353957925e-02
1.4482284576935045e-01,1.1264542279651316e-01,3.4376007529881214e-01,6.3474393840320248e-02,4.1559873972891320e-02,8.8198660026671385e-02,7.2043080556002018e-02,1.0917500190512132e-01
1.8903473293365428e-01,5.6242294926803382e-02,4.3446328912042309e-01,7.6217869476828001e-02,3.4421859479259492e-02,8.1550914123066962e-02,4.9867527935031471e-02,4.3991699867389600e-02
1.6486738431435585e-01,9.3122980255631552e-02,3.4982823434099952e-01,4.7980667940089108e-02,3.1982291786613271e-02,6.0331285409325495e-02,1.6318764180117010e-01,7.2218206748837638e-02
1.7010220885444585e-01,3.4439052451496477e-02,3.9241641123570409e-01,7.5505157999163422e-02,2.7709498541427336e-02,6.7085343045030693e-02,1.6323398393135821e-01,3.8734125323899506e-02
1.1254522564450574e-01,1.1598017384600787e-01,2.6274079518190380e-01,5.8462267956516767e-02,4.8094591094452049e-02,8.9595859949697959e-02,1.6380458810727302e-01,1.2866944173021655e-01
1.3824766789615792e-01,9.2949170160977368e-02,3.1466445127250703e-01,6.2150338515427679e-02,3.7117748520808728e-02,6.9300362486621983e-02,1.6719318071088402e-01,9.8280837885437358e-02
1.1060334771721342e-01,9.0637485693743414e-02,2.8389928953077259e-01,8.2498754280948494e-02,7.1455779503790312e-02,1.4792998875065488e-01,6.1007999012517765e-02,1.0594916177631127e-01
1.7615410254007205e-01,6.0867930805199123e-02,3.8354736853967802e-01,8.3704892904558265e-02,5.6993071284220320e-02,9.9591106555399447e-02,4.4677291608423812e-02,5.5885694646177785e-02
1.5131049681810471e-01,1.0161484710242728e-01,3.2515934652360456e-01,5.1923857950121347e-02,3.9002336820459303e-02,6.6866585170653539e-02,1.5841852638625595e-01,8.8766117245114878e-02
1.4674889246448122e-01,6.0864184899155536e-02,3.5763848258303882e-01,6.5927821509305304e-02,4.2022284465400891e-02,9.0971444740486893e-02,1.5221936954813803e-01,4.8995957467264754e-02
1.6496601224180360e-01,6.9662243333174251e-02,3.7997907064028885e-01,5.4230333132105360e-02,1.9894446310606138e-02,5.5287926397837257e-02,1.7452265261386152e-01,6.1864347744475363e-02
1.2690919597238456e-01,5.7327893394562922e-02,3.6275513194154863e-01,7.4861738445369599e-02,2.8347935282946258e-02,8.6504214875080102e-02,1.7535115206968588e-01,5.2238863271230326e-02
1.1609723196898374e-01,1.1127591622204137e-01,2.8318401349224676e-01,5.6662120713749292e-02,4.0841344059247400e-02,8.4037546179034306e-02,1.6939114983853443e-01,1.1770824184894488e-01
1.4164318320484054e-01,6.2079202676803613e-02,3.5329312695667014e-01,6.6769229018940626e-02,4.1930206852612423e-02,9.2846047093487302e-02,1.5385548361435195e-01,5.2438605583025863e-02
1.4095611869590008e-01,8.1593126927039836e-02,3.5199147972957917e-01,5.9006244058835262e-02,2.5341103395862104e-02,6.3406365745719381e-02,1.7481366601001663e-01,8.1889686134298520e-02
1.2864740399049110e-01,7.8719189591149277e-02,2.9558088028540130e-01,9.4509085199398296e-02,8.3144600605162836e-02,1.4416982641661433e-01,5.2008493994294899e-02,7.6671362999365417e-02
9.1752614554866579e-02,8.3126736832218176e-02,2.6298262746148349e-01,7.0326717816798626e-02,6.6097472496707194e-02,1.3786971381158142e-01,1.4456640333813697e-01,1.0103696331967610e-01
1.0545931361861378e-01,9.1895089489604162e-02,2.6584012528627043e-01,8.3041149874116246e-02,7.9661994012505691e-02,1.5949045733513978e-01,5.9790029718256282e-02,1.0796482294836850e-01
1.3131075328009462e-01,9.7751498833432968e-02,2.9715316355986665e-01,6.4302539396174752e-02,4.1123954082931291e-02,7.4082497291857424e-02,1.6642868502928362e-01,1.0728801733354419e-01
1.2962470089344430e-01,6.1252958658905288e-02,3.2080458733658923e-01,7.7905524604420795e-02,5.3082365745585627e-02,1.0243974656780995e-01,1.4771942516138933e-01,6.8790982281908608e-02
1.1572265253491121e-01,6.4531414653660843e-02,3.4523812230827572e-01,7.2992694898266472e-02,3.5282165225803637e-02,9.6252675016572115e-02,1.6867079469976792e-01,6.4009626656867824e-02
2.0105536653402697e-01,4.4292799860490943e-02,4.4352114803832654e-01,7.9022696408690987e-02,3.9239142228261900e-02,7.5534502048897945e-02,4.0784790878006676e-02,4.3554239834118817e-02
1.1805401379577556e-01,1.1354406187756214e-01,2.7410040233682492e-01,5.7409568669583057e-02,4.5811551520035548e-02,8.5617057391246046e-02,1.6381267394614177e-01,1.2183189914826975e-01
1.1996433341187521e-01,8.7776747792101803e-02,2.9724590110386190e-01,8.1421985863989410e-02,7.1558417705430769e-02,1.4355573633113583e-01,5.7396253030304691e-02,9.5961816930535737e-02
9.0234932018500247e-02,8.3627638627071871e-02,2.5873500581070141e-01,7.0062744155257414e-02,6.9240746365702946e-02,1.4195955430234461e-01,1.4155060669036354e-01,1.0214273601236849e-01
1.4959136481302787e-01,7.5169547023557201e-02,3.6894582932957115e-01,7.7607547359343373e-02,5.2846843791981388e-02,1.1141151201065279e-01,5.3919823373714072e-02,7.0255231690937572e-02
1.3820129439417730e-01,1.1608060529145245e-01,3.2799848996063669e-01,6.5166373894666521e-02,4.4298017822082598e-02,9.2452255009682169e-02,7.3817278542004705e-02,1.1723331815602830e-01
1.4595892717363895e-01,7.9430248572100376e-02,3.4352811000825084e-01,7.8127966163190260e-02,6.3626298663618769e-02,1.2335426628890621e-01,5.1158599780289166e-02,7.2875524154743104e-02
1.1411883300270043e-01,1.1436774377638223e-01,2.6997715953894380e-01,5.7763534626430059e-02,4.5471661010293950e-02,8.7420587014047799e-02,1.6575909258446322e-01,1.2477049194988461e-01
1.0273412913021782e-01,7.8372574938150058e-02,2.8923748519542897e-01,7.0180660242086912e-02,5.7004448211158180e-02,1.2310495389787304e-01,1.4975332690961990e-01,8.8927143068683295e-02
1.0101171416835891e-01,7.8691771761710924e-02,2.8784588268874156e-01,7.0501108445359673e-02,5.6509736666423900e-02,1.2336301768923079e-01,1.5099083448702680e-01,9.0265298222066720e-02
1.0402205824740865e-01,7.6731228452656716e-02,2.9733864448320041e-01,7.0612564662286048e-02,5.3063729048925291e-02,1.1845818493104450e-01,1.5344301188576073e-01,8.6088673773464783e-02
1.2420981495506631e-01,7.2340291537753440e-02,3.1857790740431258e-01,6.7273131224195856e-02,5.6530536664515428e-02,1.1268742395504537e-01,1.4097185342982668e-01,6.8874803255644768e-02
1.2634738767065332e-01,6.2916287852855204e-02,3.1436152079267204e-01,7.8372131792255759e-02,5.4810651978297667e-02,1.0541437099997293e-01,1.4724981295049874e-01,7.1587556081038839e-02
1.0522700730717467e-01,1.1946476511837260e-01,2.4541805766337796e-01,6.0004152253488922e-02,5.2264250481338564e-02,9.5771334842731620e-02,1.6284544145371657e-01,1.3874711516425042e-01
1.3747970549270505e-01,1.1869753349285099e-01,3.1301072010358583e-01,6.6444629863524091e-02,4.8368243816911891e-02,9.5218015404879355e-02,7.3888133608139214e-02,1.2252749080251714e-01
1.2441748619511715e-01,1.0131966032048201e-01,3.2094336394924050e-01,5.3884891824668130e-02,3.0108055269052525e-02,7.5557552440830539e-02,1.7674078834906529e-01,9.5668926844083804e-02
9.2647862677221637e-02,1.2468625326140398e-01,2.1316784265602265e-01,6.3581622670962262e-02,6.4952645597923242e-02,1.1018669900002960e-01,1.5510374230207294e-01,1.5688904111418328e-01
1.4682588079572287e-01,9.5207090181480880e-02,3.4031234579700637e-01,5.0201088613662952e-02,2.9400064056203958e-02,6.7093275548342282e-02,1.7155177039607858e-01,8.0448859161084102e-02
1.0055472119518429e-01,7.9553022715293617e-02,2.8320241979618116e-01,7.0147359590014807e-02,5.9285082331311301e-02,1.2646682961332359e-01,1.4816906566127622e-01,9.1564864067095117e-02
1.1481456209368819e-01,1.1126259322772117e-01,2.4299637050992615e-01,7.1628958088813394e-02,5.7690788082838868e-02,9.0324965268898133e-02,1.5944851785825509e-01,1.3111344397314859e-01
1.2356536699472766e-01,7.0776599832582179e-02,3.2312553630152246e-01,6.8087642182329627e-02,5.0682225291992164e-02,1.0773826174796207e-01,1.4881755540086986e-01,6.9162746124182967e-02
1.3217782510260689e-01,1.2478118187712818e-01,2.7467914441383184e-01,7.1247207984188238e-02,6.0444941945231458e-02,1.0460945383290476e-01,7.3877251556742948e-02,1.3496498563348303e-01
1.0872686356482571e-01,1.1879155028164123e-01,2.4927090788943568e-01,5.9960659423136352e-02,5.3371923206467123e-02,9.4369146933098627e-02,1.5993798974729920e-01,1.3600562946395284e-01
1.1834173836462342e-01,1.1079468011213309e-01,2.8528144299334840e-01,5.6396202595126031e-02,4.0941982011948354e-02,8.3063776746068477e-02,1.6849726423797157e-01,1.1615701615221946e-01
1.0933574564561051e-01,7.3253667426624855e-02,3.1267786611708465e-01,7.0685990577432356e-02,4.8037047005505866e-02,1.1110936170090824e-01,1.5680733070568503e-01,7.8861891670695586e-02
1.2165807081067198e-01,1.0843439965747179e-01,2.9482670234215397e-01,5.5524733202410588e-02,3.8525360756725288e-02,8.0389906806576539e-02,1.6963313570099073e-01,1.1053001098401619e-01
1.6314043420159713e-01,7.2116077702804343e-02,3.7941867138006191e-01,7.5536377704357976e-02,5.3760088486613393e-02,1.0691438013155541e-01,4.9724871488969008e-02,6.0419345400004439e-02
1.1890527597733978e-01,7.4402310894073509e-02,3.0979147388274736e-01,6.7559911073915638e-02,6.0518784044444343e-02,1.1876479332961072e-01,1.3787128370100990e-01,7.2853815882017989e-02
1.2000955205484945e-01,1.1081217491656263e-01,2.8537421441361954e-01,5.6321910041973886e-02,4.1637967791724677e-02,8.2636410975968952e-02,1.6722407426873578e-01,1.1575341532032386e-01
9.3512945856718876e-02,8.2595698658323335e-02,2.6539340528954170e-01,6.9966428538459871e-02,6.7051942154666561e-02,1.3798154493392123e-01,1.4249126899456288e-01,9.8919843038357699e-02
1.0852056498942715e-01,1.1868645975414249e-01,2.4970426706376647e-01,5.9831109977162032e-02,5.2736828881681019e-02,9.4173650233878442e-02,1.6075226258386593e-01,1.3586500378308791e-01
1.1210949820406610e-01,1.1534479353501852e-01,2.6547870069502433e-01,5.8172114329701929e-02,4.6436497334317893e-02,8.8938789568390617e-02,1.6563477316534672e-01,1.2744538708616535e-01
1.4585066510527006e-01,1.1743759847052376e-01,3.1662117778664517e-01,6.5987618097360617e-02,4.9905279582292732e-02,9.2265610211169788e-02,7.1227695262537347e-02,1.1749671588566969e-01
1.2484966226972841e-01,8.5055392137728489e-02,3.1973135205440684e-01,8.0855452674339176e-02,6.2791402496379684e-02,1.3192635688857840e-01,5.8645063770329652e-02,9.2231311165698160e-02
1.5180269599929702e-01,1.0242366186647796e-01,3.4388156236903189e-01,7.2044526209015733e-02,4.4324652823014496e-02,8.2884111358470708e-02,6.8264641907514440e-02,1.0998801838649339e-01
1.6318946903458434e-01,7.1016415400787986e-02,3.8503151276774633e-01,7.5586511682091184e-02,5.1167457873880891e-02,1.0455012266941559e-01,5.0644215251732218e-02,6.0217228707823638e-02
9.9983131930836161e-02,7.8321170051221994e-02,2.8697697751109952e-01,6.8417333476545966e-02,7.4217540502755447e-02,1.4094095698300221e-01,1.2703003155227238e-01,8.2837840571276550e-02
6.7688464960938582e-02,8.1339122158524527e-02,2.3408848900602505e-01,6.8994440511301922e-02,9.5874496060612976e-02,1.8260530675048992e-01,1.1652988360015300e-01,1.1052899768976655e-01
1.4830099375857131e-01,7.3150046127250457e-02,3.2758646484459647e-01,9.0288140115453858e-02,7.2971758808879086e-02,1.2565196970643328e-01,4.8969586524040286e-02,6.9325397883825773e-02
1.1530893366494251e-01,1.1277131550608105e-01,2.7689128472385727e-01,5.7157416599928311e-02,4.3033407455881502e-02,8.5557283826619410e-02,1.6763474735200479e-01,1.2106476943265597e-01
1.4649795964005943e-01,1.0675510895810474e-01,3.2352922784250598e-01,7.4403596128524041e-02,4.8596379162355638e-02,8.7656170330866034e-02,7.0240118786892514e-02,1.1760449049833373e-01
1.1233451000883136e-01,7.0552383929487789e-02,3.2362579816003895e-01,7.1004609630227880e-02,4.4132879290476677e-02,1.0603310112875079e-01,1.5995569118523897e-01,7.3840035298330151e-02
9.6372052027916932e-02,8.1354624488870167e-02,2.7347634509679014e-01,7.0247253816378419e-02,6.2494140572858237e-02,1.3179700428364807e-01,1.4646048757738273e-01,9.6150507197551180e-02
9.3881831192875340e-02,1.2435507269307788e-01,2.1576513848587511e-01,6.3283871485096954e-02,6.3900496813095675e-02,1.0883722494189724e-01,1.5567993296349306e-01,1.5537065118638341e-01
1.2394316501484316e-01,8.3526021919768489e-02,3.0966066447650892e-01,8.1810949100686467e-02,8.0388241671180874e-02,1.4926944541073461e-01,4.9459870212159730e-02,7.6967068161922017e-02
1.6040931125858796e-01,8.3773017629649324e-02,3.6527208507494502e-01,4.7457721474485737e-02,2.1445442949130214e-02,6.3050085306331410e-02,1.7923540519869194e-01,5.9816880827244040e-02
9.9525463984889179e-02,7.9835971356058286e-02,2.8183325272461485e-01,7.0292039730960348e-02,5.9268661673970609e-02,1.2692620722192596e-01,1.4863612912323140e-01,9.2524664973755485e-02
1.1896511941756194e-01,1.1020472161822047e-01,2.8769764258181352e-01,5.6187985591224551e-02,4.0239933087136102e-02,8.2427535290665210e-02,1.6893893397345189e-01,1.1478606706918118e-01
1.6515290312827099e-01,4.9471787190015375e-02,3.7874732603560524e-01,6.6876934342157454e-02,3.1256258560981978e-02,7.7456713623388337e-02,1.6484727946568081e-01,3.4799781957204325e-02
1.0870050897623391e-01,1.1923057057547085e-01,2.4731224258916626e-01,6.0516413408589133e-02,5.5629933778048889e-02,9.5421248394034958e-02,1.5726864946216448e-01,1.3688339452314871e-01
1.1113593933270222e-01,1.1650190862879078e-01,2.6019323008741302e-01,5.8679403045368013e-02,4.8467008353385743e-02,9.0527739936492574e-02,1.6403764314361946e-01,1.3024037774465508e-01
9.6217655073968220e-02,1.2365419721993892e-01,2.2084545263436603e-01,6.2712860120370473e-02,6.1908524160757566e-02,1.0630576649525161e-01,1.5675790743855744e-01,1.5242653304754969e-01
6.1833769313782559e-02,8.2757169935900765e-02,2.1469593803956655e-01,6.8843030572414490e-02,1.0027164133219289e-01,1.9190273779882372e-01,1.1640637020266512e-01,1.2081718827672770e-01
1.3783515790511500e-01,1.0734400991648591e-01,3.0313766048239710e-01,5.4721542024346717e-02,4.3306152242722093e-02,7.4512731789663708e-02,1.5834929542146425e-01,1.0296066425054096e-01
8.7051730766121119e-02,8.3634745647295519e-02,2.5435991750883269e-01,6.9567300416962713e-02,7.5515976182820077e-02,1.5009947468963181e-01,1.3482620531100967e-01,1.0229185983604855e-01
1.2097041409651296e-01,8.5255096491502869e-02,3.2244335182255962e-01,8.1497069273814754e-02,6.0082989578800046e-02,1.3057494418070970e-01,6.0535231422461123e-02,9.4609392531078779e-02
1.2003600550039159e-01,7.1709600245673133e-02,3.1908489003712576e-01,6.8601876658192493e-02,5.0745902336157465e-02,1.0931084393599361e-01,1.5005722421169645e-01,7.2047002862712678e-02
7.7050308474017379e-02,9.5657120888238037e-02,2.0604459472656853e-01,8.5490703383958269e-02,9.8774785721803190e-02,1.9645567976028963e-01,6.3194538795856514e-02,1.2838716716366450e-01
9.3862625519075982e-02,1.2416544475181958e-01,2.1621007176498805e-01,6.3611293238401853e-02,6.5146929580104151e-02,1.0939337984078557e-01,1.5396983024857411e-01,1.5513639299171200e-01
1.5183875632636623e-01,7.1272520330588077e-02,3.3715416154371458e-01,8.8769378750344366e-02,6.7935207074342460e-02,1.1970538107790572e-01,4.9514122525896972e-02,7.1086860452077003e-02
1.0410375347357587e-01,1.2032282593741939e-01,2.4092097272878274e-01,6.0500832160290847e-02,5.4207569094189410e-02,9.7467589812008731e-02,1.6134205896342699e-01,1.4113132180876795e-01
1.0960319332233216e-01,7.6390553959716209e-02,2.9863826313124980e-01,6.9275277335217919e-02,5.6574422113428662e-02,1.1955173309479601e-01,1.4736442846395145e-01,8.2630772122776489e-02
1.2934297417881657e-01,1.2594889555083694e-01,2.6665639643252387e-01,7.2452354078337680e-02,6.2909234485496859e-02,1.0738700868943370e-01,7.4257404803739158e-02,1.3796921429991149e-01
8.1320799336168523e-02,8.4197601099885833e-02,2.4600480301563563e-01,6.9534344290773389e-02,8.0306248273361275e-02,1.5824464933243906e-01,1.3150046070830534e-01,1.0592506555181559e-01
9.9663436053132839e-02,7.9999996275678567e-02,2.8083025129166517e-01,7.0136846722536686e-02,6.0195930517524032e-02,1.2782993488316818e-01,1.4754552415434527e-01,9.2597830337045092e-02
9.8664379102558611e-02,8.0637602950662357e-02,2.7719668019217475e-01,6.9985439210116476e-02,6.2189823292898676e-02,1.3037635304695239e-01,1.4572848004390027e-01,9.3815099755872058e-02
9.4735044446325176e-02,1.2119276565811669e-01,2.3004151523364594e-01,6.5682630766470657e-02,7.0902898759851826e-02,1.0997147001489976e-01,1.4312914250054493e-01,1.4859042602182826e-01
1.0434297009907703e-01,1.2019957103073430e-01,2.4158400398912908e-01,6.0435276737150712e-02,5.3987117421581778e-02,9.7211609590568973e-02,1.6146020348923087e-01,1.4076061007758586e-01
7.5711050229063492e-02,1.2543495686134179e-01,1.8182496293870390e-01,6.8483315614098400e-02,8.3459826241134516e-02,1.3212322874313318e-01,1.4130658538109195e-01,1.7734086892120782e-01
9.0624093097280117e-02,1.2502461830990827e-01,2.0945343822023418e-01,6.4226912255349197e-02,6.7280285888261154e-02,1.1267303706929155e-01,1.5328109934589765e-01,1.5912528369431475e-01
9.4542231890968664e-02,1.2421760630246201e-01,2.1718003394500798e-01,6.2962677158994257e-02,6.2679723368406076e-02,1.0780508424970288e-01,1.5684061651411846e-01,1.5456782368443106e-01
7.2744056605275637e-02,1.2687703629193287e-01,1.7092334837713172e-01,6.8424401188684925e-02,8.4423494488780990e-02,1.3556285751273073e-01,1.4321508084795434e-01,1.8314927536333220e-01
9.7644615664295123e-02,1.3441305315399921e-01,1.9509918393299425e-01,8.0507036311603442e-02,8.0551149361423310e-02,1.3658861766000222e-01,8.1667692650217311e-02,1.7085616199602441e-01
1.0025468428643521e-01,1.2212618117297359e-01,2.2993504331347639e-01,6.2700386479072820e-02,6.2325654665470243e-02,1.0369145210286664e-01,1.5351616593473444e-01,1.4707426391401610e-01
8.2727695433244902e-02,1.2363236872669467e-01,2.0307094647905849e-01,6.7613161502084393e-02,7.8500647473818852e-02,1.2306928984149028e-01,1.4156332290892096e-01,1.6496986343943074e-01
1.2073517995592831e-01,1.2884748491286657e-01,2.4851331775083010e-01,7.4063779389286086e-02,6.5940330327620394e-02,1.1404186666592996e-01,7.6819601796814449e-02,1.4747193023073965e-01
8.5937582329177142e-02,1.2555256393900441e-01,2.0143890141975387e-01,6.5519648814302681e-02,7.1923551993632623e-02,1.1817335712590775e-01,1.4995682095284277e-01,1.6415575757237152e-01
9.9683331547654644e-02,1.2119813743849581e-01,2.3402961123417212e-01,6.4039100650558928e-02,6.6308289745675264e-02,1.0514512168266037e-01,1.4742469152146045e-01,1.4525480178876354e-01
8.5327942424625991e-02,1.2374141745522502e-01,2.0719410113916273e-01,6.6827286123162230e-02,7.5753723458953023e-02,1.1979467171315253e-01,1.4376466418289763e-01,1.6199122720325607e-01
2.7070255373197610e-01,5.4388961055024575e-02,4.3752012627730275e-01,5.6150778739600289e-02,2.7088939935340724e-02,5.3876945073686698e-02,3.3898285558204976e-02,4.0526673315459880e-02
2.2984520725095633e-01,3.4732809780204162e-02,4.5152321043404414e-01,8.7140438667694498e-02,3.1042677914998408e-02,5.6905678454009720e-02,3.3484966231254687e-02,4.3213814047957239e-02
2.0932526391196954e-01,7.9967002053301262e-02,4.4536924306343728e-01,5.8671692625159408e-02,2.8911692345567497e-02,5.2651176905081594e-02,5.0314001081390454e-02,5.5878446939260425e-02
2.2061662794790113e-01,4.8029674629741462e-02,3.3751141293706832e-01,6.2447834118434936e-02,1.9119476146349360e-02,5.6551340333878652e-02,1.8352165183132543e-01,4.3822185280658982e-02
2.0442876010133440e-01,6.7404169693457291e-02,4.0086477520437214e-01,4.9208889275403817e-02,2.2638604058515227e-02,4.2129470868928875e-02,1.6569058830166672e-01,3.2882221387988179e-02
2.2310325736199310e-01,5.2057731605926007e-02,4.2897026475791006e-01,7.9004062566530336e-02,3.5780819953752430e-02,7.2873290915536917e-02,4.5772915108439949e-02,2.9469060721875377e-02
1.5534053490036112e-01,6.7054000795248939e-02,4.2569068659415760e-01,8.4918336546014633e-02,3.2628793411823578e-02,8.1788335067020518e-02,5.3175271597615703e-02,6.3162057185608786e-02
2.0327422251038560e-01,6.1766732153223959e-02,3.9620053265004551e-01,4.9636291755142087e-02,2.0046511513120261e-02,4.5350369230125406e-02,1.7061743661056714e-01,3.6292043736417770e-02
2.0299124976557451e-01,3.0168991469312061e-02,4.0115746489581877e-01,7.3686988056155506e-02,2.8693963317559888e-02,5.7024610267433246e-02,1.6105114164087650e-01,1.7593561794150496e-02
1.3655141715832703e-01,9.6419455525513037e-02,3.5576046207868367e-01,5.2627764426361259e-02,2.1750439746742008e-02,6.1288188933319179e-02,1.7884160235033503e-01,7.7943761614484269e-02
1.9512941997321068e-01,8.9474445626723798e-02,4.3114135438692253e-01,5.4979605923637251e-02,2.5901405523035170e-02,6.5675087781666516e-02,5.7892690703430602e-02,5.6275858544854736e-02
1.4277069966596515e-01,1.1299571195430931e-01,3.4103923555309856e-01,5.4847457603843068e-02,3.4532612904955809e-02,5.8270288171043613e-02,1.5872190953286006e-01,8.2410346915308672e-02
1.7195800633997657e-01,9.2930694732112767e-02,4.2632498880743441e-01,5.9854984734738680e-02,2.3489263266185754e-02,6.8456891660971075e-02,6.0178471798941272e-02,7.0706765287140538e-02
1.2806082854357972e-01,5.9378067744055005e-02,3.6422185915749811e-01,7.8759524756925603e-02,2.6356619380754610e-02,7.7174570645184848e-02,1.7636656767230546e-01,5.6101597370567163e-02
1.4521959481956392e-01,5.9947704506660489e-02,3.7473781551728008e-01,7.1835062351733620e-02,3.0674481608893252e-02,7.6783216447683086e-02,1.6667057798674337e-01,4.2317655072209907e-02
1.2623236573543886e-01,1.0703457753846371e-01,3.3513598137960449e-01,5.4311259911501868e-02,2.7203503011336796e-02,6.3634748127054400e-02,1.7297533811363011e-01,9.6171498510203471e-02
1.6180867445930144e-01,4.2907072717535487e-02,3.9145736612135806e-01,7.7547990753062471e-02,2.9623475795878065e-02,6.4960371031788144e-02,1.6052892836636234e-01,4.0990479965767913e-02
1.2569353500607564e-01,6.5522715880260304e-02,3.6299185693198371e-01,7.3978713393433759e-02,3.1266712485406745e-02,8.1524193116715216e-02,1.6736143648343482e-01,5.8656306960768227e-02
1.2068222640564445e-01,6.6331945115284133e-02,3.6016697014685534e-01,7.4927435824674080e-02,3.0874313732763722e-02,8.2341961778028938e-02,1.6851682680916982e-01,6.2826645182405133e-02
1.3291471650010783e-01,1.0721531444703246e-01,3.3833662683340704e-01,5.3658131198400703e-02,2.8400378057103753e-02,6.1810170222669943e-02,1.7016364213584081e-01,9.0950872948008174e-02
1.5512654984389943e-01,1.1463909988332653e-01,3.7801000912943017e-01,6.2012966598117836e-02,3.5604244606276682e-02,7.2109213770369163e-02,6.6077819489408107e-02,9.6266329392322519e-02
1.3725754865695350e-01,6.3314129324227697e-02,3.7007895203092656e-01,7.2017931176731567e-02,3.1837071051357656e-02,7.9314255462594047e-02,1.6514856042648732e-01,4.8761206647433393e-02
1.1308041330276068e-01,7.7236670894027734e-02,3.4013018481114393e-01,7.1993043260442341e-02,4.0175065037022700e-02,9.2682324369138216e-02,1.5685746901100478e-01,7.3788149601726694e-02
1.0277754425289695e-01,8.4139245833557877e-02,3.1985590663699676e-01,7.2007755808989868e-02,4.6033323295016984e-02,1.0161707640684181e-01,1.5215508438414874e-01,8.6418944687643107e-02
1.4753859797592844e-01,7.4969059315305370e-02,4.0913352169756301e-01,8.1137179564411313e-02,3.9167424333640025e-02,9.0576286315980442e-02,5.3779312426078557e-02,6.7578308563942632e-02
1.2257257361884021e-01,1.3555386372618586e-01,2.9765790853331414e-01,7.1379465987019677e-02,5.0666684865001657e-02,9.0535560221081446e-02,7.2869988315864817e-02,1.3935538449155446e-01
1.8066086823915659e-01,8.5486095644428550e-02,3.8063733483969381e-01,5.6010691708743787e-02,2.9112788170478944e-02,4.3759240568767760e-02,1.5957080459785841e-01,5.0533196631068103e-02
1.4176726411306825e-01,7.0058549402195497e-02,3.7063100552451794e-01,6.8413545789414207e-02,3.9111599034166930e-02,8.3323854873766284e-02,1.5183100080514406e-01,4.2356543974836444e-02
1.5257390532552986e-01,9.7487657682162901e-02,3.6207446277504529e-01,5.0297276548216842e-02,2.4794409879005219e-02,5.6805424718809824e-02,1.7189873625748356e-01,6.7526540880257252e-02
1.1218632928931424e-01,1.2211426171365619e-01,2.9541439361630889e-01,5.8206000171252069e-02,3.7964580389438930e-02,7.1515823185733740e-02,1.6414846175165160e-01,1.2283293123293164e-01
1.4246194571785045e-01,7.2573228348874003e-02,3.7188784340671294e-01,6.7832263775921969e-02,4.1982877508135098e-02,8.5089688243150705e-02,1.4653800564984121e-01,3.8745642661827451e-02
1.3267565917535476e-01,1.0000596446340904e-01,3.4972299910904225e-01,5.3107247859624014e-02,2.3367681533593150e-02,6.1832325928928268e-02,1.7690678624361533e-01,8.4125759198215244e-02
1.3516889629822576e-01,8.1136465423953391e-02,3.8994364729068487e-01,8.1792493101868327e-02,4.2839691266549504e-02,9.7602420708437887e-02,5.5285135055305627e-02,7.9179914844872065e-02
1.3425328283908400e-01,1.1209067071501390e-01,3.3199794821640155e-01,5.4629370255158273e-02,3.2436817804107752e-02,6.1706645844777724e-02,1.6450913113607282e-01,9.2925324212859720e-02
1.6320024362662669e-01,1.0129007114547506e-01,3.6788871590582023e-01,5.0119999283798657e-02,2.8562131898982008e-02,5.2128792990670796e-02,1.6317792739888923e-01,5.9021047044061588e-02
1.4713359331560888e-01,1.1304340462093769e-01,3.4804768346716530e-01,5.5054558756955231e-02,3.5242107122270362e-02,5.6099375186020470e-02,1.5579608152156194e-01,7.5634840900276015e-02
1.1569601891518944e-01,8.2231724234054476e-02,3.3601334120689802e-01,7.0300855990283198e-02,4.7255258061599199e-02,9.8467855425874912e-02,1.4648534126467880e-01,6.8944632385660343e-02
1.0116643721082882e-01,1.2996652979070761e-01,2.6977898284935836e-01,6.0985686279685931e-02,4.5055163198157236e-02,7.9162090407932179e-02,1.5974859523477072e-01,1.3943271201774271e-01
1.6387113916776391e-01,6.0026400669260453e-02,3.8946478501416432e-01,6.6812193467288575e-02,3.4455465899251192e-02,7.4493031580361357e-02,1.5654996296503443e-01,2.3595888794051542e-02
1.4222608954424437e-01,7.0833589523940269e-02,3.7107026163782775e-01,6.8166423396752343e-02,4.0018884830178791e-02,8.3818486727260041e-02,1.5013299765121491e-01,4.1127657417141542e-02
1.5512473651832412e-01,1.0386621147414592e-01,3.5899387850083408e-01,5.1299031291522530e-02,2.9227649381989681e-02,5.4612809770778183e-02,1.6395923238899199e-01,6.7981593924166292e-02
1.0273788737803047e-01,8.4752483289079944e-02,3.1869050525231402e-01,7.1855541413301860e-02,4.6885356263398660e-02,1.0249873857295451e-01,1.5111650439924443e-01,8.6398140437391635e-02
1.3441944875204143e-01,9.0447993549989988e-02,3.6059749287726639e-01,8.0944786205090616e-02,5.5092234257547223e-02,1.1111410414176577e-01,5.3120432767305083e-02,7.5771997880739933e-02
1.0310584641552233e-01,8.7787158383199379e-02,3.1573169995252903e-01,7.1073604314993696e-02,5.1976745544284567e-02,1.0750821984913175e-01,1.4423825561879816e-01,8.3090873211584620e-02
7.4872586606406152e-02,9.8577183287258133e-02,2.7500340771630349e-01,7.1768819097049741e-02,6.8464076813068320e-02,1.3628839527638550e-01,1.3241236978487511e-01,1.0573538516102113e-01
1.0137463890569687e-01,1.3248110074392755e-01,2.7843112687680754e-01,6.3767528897124406e-02,5.0686309911287114e-02,8.0057098119158260e-02,1.5036610924649646e-01,1.2998679018832579e-01
1.3196977619614453e-01,1.1108444297761480e-01,3.3150012041906779e-01,5.4485438734344485e-02,3.1250306335322608e-02,6.2399201330942455e-02,1.6668694079660448e-01,9.4746579592242836e-02
1.0413618912876627e-01,1.2991741442723975e-01,2.7548522596943437e-01,6.1304788968883174e-02,4.5961334426205119e-02,7.7960188034150169e-02,1.5715886333032669e-01,1.3384190536749213e-01
1.7184745439663440e-01,7.0027948687217859e-02,4.2404392884548209e-01,7.7296024601462107e-02,4.0124380223203270e-02,8.5753609196423913e-02,5.0062789450966656e-02,4.6221080268187234e-02
1.4130105600974349e-01,7.5309002351099788e-02,3.7369337079346909e-01,6.7728362248866039e-02,4.5102590951812800e-02,8.7531930119597895e-02,1.4089753192851867e-01,3.4968294938111787e-02
1.4215638435779179e-01,1.0229411459952051e-01,3.5092748556852266e-01,5.2032424514239999e-02,2.6332720741874118e-02,5.9165078965558109e-02,1.7121582389836490e-01,7.9272658644542068e-02
1.3453794069688549e-01,1.2527985373884326e-01,3.3838658164684365e-01,6.6517700607679392e-02,4.1384781506618173e-02,8.0972883815795177e-02,7.0191903544692777e-02,1.2245413834271993e-01
1.0813696699996951e-01,1.2059199040989310e-01,2.6727488017311118e-01,7.1448769477835308e-02,4.7565273554911802e-02,7.4410033490106026e-02,1.6043351214101217e-01,1.3399652687950600e-01
1.1724023936514945e-01,1.2246819147159992e-01,3.0072012079404936e-01,5.8360702490561238e-02,3.9384310721778469e-02,6.9829412387031400e-02,1.6067931485132703e-01,1.1635251359802923e-01
9.7856746204526335e-02,9.0132945159548242e-02,3.0680323407503601e-01,7.1317306656199397e-02,5.4373455357912381e-02,1.1189671819062061e-01,1.4294202686922691e-01,8.8839334716653076e-02
9.6596668627580692e-02,1.3273360250612520e-01,2.6022710579553016e-01,6.2127115331228965e-02,4.8067424713113122e-02,8.2638633541499085e-02,1.5788422447980219e-01,1.4549081804531913e-01
7.5408072121726968e-02,9.8737562665641987e-02,2.7063404679828862e-01,7.1837210633057785e-02,6.6816099543514612e-02,1.3435953874917708e-01,1.3530704772106508e-01,1.1001417980761120e-01
1.0329881325806510e-01,1.2891605748830173e-01,2.7414522300937827e-01,6.0616208671265569e-02,4.4145616434281734e-02,7.7780985382504081e-02,1.5999780284662818e-01,1.3631877198647560e-01
1.1746761701773224e-01,1.2070211812223185e-01,3.0324780983202793e-01,5.7698305401577624e-02,3.7522182388017265e-02,6.9221021304923636e-02,1.6297244399598992e-01,1.1579481405119171e-01
7.8188752070182485e-02,1.4033748849621375e-01,2.3333898516824209e-01,6.6797245107692679e-02,6.0365825951831154e-02,9.7430329854691911e-02,1.4904420743879260e-01,1.6314224848059097e-01
1.2155979761916412e-01,1.2073215799120032e-01,3.0509240948302530e-01,7.5563656788915731e-02,5.1439968193134462e-02,6.6818513936851426e-02,1.4853176136430168e-01,9.5554416364873856e-02
1.3260569031272310e-01,1.1045042230103627e-01,3.3295596860648796e-01,5.4300334668822281e-02,3.0841236238489778e-02,6.2136684114652528e-02,1.6706399971834568e-01,9.3708804799242679e-02
9.3140720185432818e-02,1.3526610865959962e-01,2.6803579437484570e-01,6.5532785391000867e-02,5.4607875646879266e-02,8.5527847074393343e-02,1.4800755892752676e-01,1.3784711427198645e-01
7.4520438834096439e-02,1.3650874499575005e-01,2.7911704507673524e-01,7.2789256282261530e-02,6.6457364373024089e-02,9.5939166605972126e-02,1.3089759926872832e-01,1.3725088995159881e-01
2.6054773490110189e-01,1.6547049828564347e-02,4.5007743119896976e-01,9.1808849447834948e-02,2.6073361216301896e-02,5.6179639243915565e-02,2.4438657458565615e-02,4.0994075258055276e-02
1.7975939926650389e-01,5.4515649746845349e-02,4.3886643702299649e-01,8.2810417793733174e-02,3.3376496704204110e-02,8.6687686338632330e-02,4.3469045505236427e-02,4.2802158224878005e-02
2.9844019861026366e-01,3.5455359629259317e-02,4.1593504086130412e-01,6.9420654711763258e-02,1.9454669513030536e-02,5.6362446158750357e-02,2.6339777159212516e-02,4.4995761495322965e-02
2.8857978804489476e-01,1.0839964155095997e-02,3.9336356064332667e-01,1.1840582276996545e-01,2.0547573719822153e-02,4.3271551865818235e-02,2.8204975733545364e-02,5.6881676050347184e-02
2.8717303197818106e-01,1.2436873743519291e-02,4.0427449417664735e-01,1.0795993287045844e-01,2.3861991888801774e-02,4.7703473545232626e-02,2.4562049212109194e-02,5.4856650439295725e-02
2.4906472156037243e-01,4.9026200370565785e-02,4.5934885760713695e-01,6.6448139643737358e-02,1.3330757164538017e-02,5.0599112835878431e-02,3.2732894025686438e-02,4.8193543231926025e-02
2.4690907319529248e-01,3.2304776681777676e-02,3.3687517394449867e-01,6.5604837853816461e-02,1.2667216255539683e-02,5.6817974780180219e-02,1.8018695915135258e-01,3.8324970644589597e-02
2.2646823103647890e-01,2.5654140103788525e-02,4.6822024808476292e-01,9.0832513540622273e-02,2.3800637178298820e-02,5.8768964509515159e-02,2.9773902123147775e-02,4.1745055511614518e-02
2.3539393083313787e-01,3.5670552299167366e-02,3.7297127810560393e-01,5.7381827898309229e-02,1.3402314295181092e-02,5.3914941819279076e-02,1.7241200469613008e-01,3.4255229438529100e-02
1.9197916903014756e-01,4.7906557204390743e-02,3.8163103490397532e-01,6.7604592712909695e-02,3.3382582825122261e-03,4.8265502893138169e-02,1.8253538893574511e-01,4.5421073523473944e-02
2.0405825950206838e-01,6.4702084781488006e-02,4.7238934035206220e-01,6.4202846615372469e-02,1.4336099344699272e-02,5.2371504755839085e-02,4.3437730667910131e-02,5.7505823511530274e-02
2.5916339177944192e-01,1.7100587174810881e-02,4.4946993818586695e-01,9.2689725839205581e-02,2.5462090348629906e-02,5.5480804132204138e-02,2.4763498821589881e-02,4.2172456252132069e-02
1.7244694596799873e-01,6.5221673096202970e-02,3.9303843191875310e-01,5.8773594568905699e-02,1.6694675138502462e-02,5.1716617872298018e-02,1.6525856844166417e-01,5.5970563878925947e-02
1.8019884945857567e-01,5.2800497433174609e-02,3.9739651779088048e-01,6.2888281542031688e-02,4.7492395939236149e-03,4.7943805911295913e-02,1.7862333284411508e-01,4.7716974236906941e-02
2.4213822200672500e-01,2.0733544631352657e-02,4.6576896522633293e-01,8.8014324138215000e-02,2.7033701436835700e-02,6.0701668707288374e-02,2.6745192191768984e-02,3.5871849110478235e-02
2.3265956884838246e-01,2.3599800570709158e-02,4.6952774961846738e-01,8.6934995563098222e-02,2.7991159021036546e-02,6.3421171474271204e-02,2.8115007119458364e-02,3.4570787365645055e-02
1.7272526475203184e-01,5.4896749307094636e-02,4.4354289544508718e-01,9.0932205022428922e-02,2.2792816171537521e-02,7.5171554862565326e-02,4.8626002338017907e-02,5.1217600128024510e-02
1.7331047086575424e-01,5.2313945357739457e-02,4.2294858296534482e-01,8.9608974292504709e-02,4.2303292940529758e-02,8.9774968793438811e-02,3.8227284357470803e-02,5.2663544572101227e-02
1.3703657549860118e-01,5.4896195529923142e-02,3.7609969532322635e-01,7.6552371938636024e-02,2.7309777244188108e-02,8.3362357836287967e-02,1.6161785304323559e-01,4.6558948587907774e-02
1.7106564655747769e-01,9.0200387576945332e-02,4.3523517858099420e-01,6.1847537207310239e-02,1.8904599409592267e-02,6.8374266844974108e-02,5.8531216843767712e-02,6.8039473660180261e-02
1.9116972391742149e-01,3.7055653637269162e-02,4.7260271783831742e-01,9.2715552400795903e-02,2.1117441978087056e-02,6.0977371137589720e-02,3.6500985660129125e-02,5.0541557675233766e-02
1.8198392537765329e-01,4.1721372183435947e-02,4.6431222146155343e-01,9.0558296957836529e-02,2.5515175931651403e-02,6.8356087705556026e-02,3.8365790409411744e-02,5.1782289181254701e-02
1.8524307357287206e-01,5.2278969151615153e-02,4.4132451378249010e-01,8.2453727301676299e-02,3.3413425434652158e-02,8.5843692170644206e-02,4.2387935028035950e-02,3.9837740856755656e-02
1.8715980945581179e-01,6.4386543332224808e-02,3.9223193535706902e-01,5.9066612630009133e-02,2.4128288354098391e-02,5.2337907878954489e-02,1.5470214546697125e-01,4.7810848283880832e-02
1.2427930610250842e-01,6.3935778426577827e-02,3.2864379403799815e-01,8.4763392896043246e-02,5.3424191163696962e-02,1.0595191027352020e-01,1.3511753048101030e-01,6.3686776341411247e-02
1.7158713079112836e-01,9.3407318966113373e-02,4.2254236223167102e-01,6.1707824798456275e-02,2.3932534129485483e-02,7.0759678076691160e-02,5.8061200517543078e-02,7.2195773593292323e-02
1.4281292355777606e-01,7.4683885509920542e-02,3.8960026388076624e-01,8.3958813873070151e-02,4.3631663016417112e-02,1.0532569544010463e-01,4.8722159937044526e-02,6.9656796856124789e-02
1.6124116445131620e-01,8.1243976777447657e-02,3.5982597731365423e-01,6.4415654318310769e-02,3.0438979067884238e-02,5.8870761716792862e-02,1.5376315336325672e-01,7.0779631822277311e-02
1.4010877074195788e-01,7.5868546330895736e-02,3.8714440355774354e-01,8.4107162755191964e-02,4.3455559287819419e-02,1.0574839725245803e-01,4.9601573075123154e-02,7.2128913555037311e-02
2.0347191251726424e-01,6.7207688878986774e-02,4.6403149908055807e-01,6.3563871674089320e-02,1.8541185839729104e-02,5.5102855674334011e-02,4.4515432711894440e-02,5.8587563579101574e-02
1.2663489822022744e-01,6.3444100778883711e-02,3.5955461131055616e-01,7.5118757289974566e-02,3.4118999707836016e-02,9.1932630501477056e-02,1.5448440673553504e-01,5.6984276926632667e-02
1.8764411344054890e-01,5.1526988195869018e-02,4.4172989707185062e-01,8.2031178263723623e-02,3.4167954346685431e-02,8.6249953536818080e-02,4.1559546535290509e-02,3.8116095159272986e-02
1.4658762115594262e-01,8.7757400353133105e-02,3.6629813368244546e-01,5.5033522303578553e-02,1.8941217797943055e-02,6.3627247215773119e-02,1.7165277529922332e-01,6.7917163789596863e-02
1.6163342369039307e-01,6.1493955061819199e-02,4.3161420751579538e-01,8.4517371612533115e-02,3.1760574802781431e-02,8.7962673511410683e-02,4.7848081000397100e-02,5.3767723553724674e-02
1.6008375566341351e-01,4.2759281083123608e-02,3.8374242447566692e-01,8.1321737829925966e-02,4.0425485050447546e-02,8.3681220730135605e-02,1.3801189356394825e-01,3.4418255339921315e-02
1.5633545251727848e-01,6.9442155175165596e-02,3.9782532589396791e-01,8.3412930413921560e-02,4.6965588566069444e-02,1.0585144963350808e-01,4.3094127020139310e-02,5.6364225852796379e-02
1.3190635303607820e-01,8.1423561342692477e-02,3.6595826325337893e-01,8.4487261406265640e-02,4.8360207406957942e-02,1.1353577400009235e-01,5.0553014431350192e-02,8.0844694799108219e-02
1.3714883850251047e-01,9.1735746513983182e-02,3.6051457265655212e-01,5.5856179667159618e-02,1.8308073801428102e-02,6.4531810564952385e-02,1.7395822809101241e-01,7.4969570087298196e-02
1.2236281452034985e-01,1.1129108572516946e-01,3.0625524245622632e-01,5.9844515188869706e-02,3.5564989800521231e-02,7.6406031783834497e-02,1.5931417001910456e-01,1.0815157448001107e-01
1.4852694997014856e-01,7.0549461448935896e-02,4.0444102808299592e-01,8.3809599767003196e-02,3.9721852729868744e-02,9.9563030312852657e-02,4.8430216898738193e-02,6.4140245391166500e-02
1.4543553822819089e-01,7.1929308862393238e-02,4.0165707217959129e-01,8.4010062868709004e-02,3.9684416801447797e-02,1.0017968210149608e-01,4.9293687027664082e-02,6.6708820792949167e-02
1.1731198910981293e-01,6.7112065487666669e-02,3.1874832548564364e-01,8.4177246180646079e-02,5.0986905235705801e-02,1.0551489331562069e-01,1.4097014603501543e-01,7.4767057779763904e-02
1.3334116372122568e-01,9.8787013349994429e-02,3.4318317876104432e-01,5.6758677116322737e-02,2.4481913848625421e-02,6.7689010733666691e-02,1.6777515718648930e-01,8.6189766924357161e-02
1.6645386054086483e-01,6.4491356092560764e-02,4.1039868070092472e-01,8.2803419942638193e-02,4.6006152017987988e-02,1.0243182568777037e-01,4.0464645374283889e-02,4.7238442515196377e-02
1.2173633565702195e-01,1.1378244949155926e-01,2.9810527385757873e-01,6.2085567571851234e-02,4.1581748902003335e-02,8.0043972990645931e-02,1.5220580389047031e-01,1.1057686145493728e-01
1.0873854521728575e-01,7.7583950422375064e-02,3.1829480887633033e-01,7.4334894339604801e-02,4.7909680345907611e-02,1.1100745875316098e-01,1.4373754804653002e-01,7.8264766991031506e-02
1.1228761413523945e-01,7.5916628973731110e-02,3.2333655426760827e-01,7.4348915416565214e-02,4.8776336671860286e-02,1.1086786530889113e-01,1.4105831204249958e-01,7.3483051910190486e-02
1.2255786431586060e-01,1.1230204501666752e-01,3.0271922795740797e-01,6.0704064188059563e-02,3.8111006077330180e-02,7.7833873862944311e-02,1.5626560987924787e-01,1.0911511439868947e-01
1.2260437054699885e-01,6.9246875707997757e-02,3.4359942008677780e-01,7.4306316830767674e-02,4.3101086991543795e-02,1.0196979572428289e-01,1.4427830045475112e-01,6.2192286052296472e-02
1.3614406178723282e-01,1.2323264152377167e-01,3.1115564254142836e-01,7.4454966048329282e-02,5.1632611594784092e-02,9.6562206193436584e-02,6.2470420656825211e-02,1.2030111963886643e-01
1.2736877962088788e-01,8.5043554599032206e-02,3.4791405777526513e-01,8.4936090855508684e-02,5.3884631078860656e-02,1.2136376789125808e-01,5.0077464336825139e-02,8.5653271645477522e-02
1.7983767220960459e-01,4.6791120165008152e-02,4.4203438320871391e-01,8.8687408821607541e-02,3.5905173282977043e-02,8.1239060506582153e-02,3.7807837192723320e-02,5.0062739193540748e-02
1.2558836499863424e-01,6.2825364092534419e-02,3.6162578238259441e-01,7.5623227176401145e-02,3.2071086565541723e-02,9.0107619574732414e-02,1.5728071281940931e-01,5.7155107531374823e-02
1.1367892109059849e-01,1.1892850195365667e-01,2.8000498772044147e-01,6.3190987067020310e-02,4.5424091604441184e-02,8.5364211810483592e-02,1.5151466474272565e-01,1.2201309161608946e-01
1.3471728419933765e-01,1.0352213407913835e-01,3.2905797229646067e-01,5.8713326545105159e-02,3.2447107364505401e-02,7.1188012414682381e-02,1.5817533044697615e-01,9.1878470011994645e-02
1.7652334678791187e-01,7.3304892419540871e-02,3.8307910667397926e-01,5.2110350514183300e-02,1.8886201763597087e-02,6.1536550456786382e-02,1.6872596360885489e-01,4.5231850645491095e-02
1.2135367226030770e-01,1.1308618127107936e-01,3.0016495276228961e-01,6.0823974926552490e-02,3.8527665845736497e-02,7.8475857053997081e-02,1.5631803790558627e-01,1.1082606102556690e-01
1.5541537048349141e-01,1.0868278357814401e-01,3.7208263913723028e-01,6.6596056345458912e-02,3.6020719901083506e-02,8.0432258881327989e-02,6.0514682491667783e-02,9.5713234646343973e-02
1.4819278560393770e-01,5.4630371477476063e-02,3.7789141495191059e-01,7.3672565987278019e-02,3.6652884141495472e-02,8.9627494576350705e-02,1.4569759817601347e-01,3.7672968671070083e-02
1.3913802910437709e-01,9.8033821870729426e-02,3.4363753951798831e-01,5.6965361429775492e-02,2.7189981374371390e-02,6.7735177083321288e-02,1.6310883734233358e-01,8.3355917628462964e-02
1.4500014850762821e-01,5.2434012672519327e-02,3.6251058514878520e-01,8.3596570818519081e-02,4.8425002440528588e-02,9.4851316841475963e-02,1.3261696686188668e-01,4.2569630091298709e-02
1.4842796261986912e-01,6.9513288488362523e-02,4.1042551634941421e-01,8.4114491789341328e-02,3.7159145828026464e-02,9.6640146590923542e-02,4.9285499430545152e-02,6.3737903293998158e-02
1.3688462880684035e-01,9.5815536920330430e-02,3.5022479187081978e-01,5.6255601720689836e-02,2.2897530226040901e-02,6.6348004151875223e-02,1.6869602448517074e-01,8.1024244306025395e-02
1.3586417517176969e-01,1.0433863305714476e-01,3.2717265255955186e-01,5.9781858152134944e-02,3.5270420666411999e-02,7.2150006216591220e-02,1.5407623025769357e-01,9.1590666507704005e-02
1.2061386809887156e-01,8.9162293796037281e-02,3.2438317276503453e-01,8.6084560909205424e-02,6.2229126794502494e-02,1.3341626710879084e-01,4.8840742293812446e-02,9.0319744211809036e-02
1.2920230849802553e-01,1.2720699132603824e-01,2.9468498645717101e-01,7.5431170749709828e-02,5.4224180086457449e-02,1.0099965838436485e-01,6.4557777228243074e-02,1.2945570369341641e-01
1.3769224863353466e-01,1.2210621227335408e-01,3.1819197866121773e-01,7.2593789538819578e-02,4.8385268860632207e-02,9.3828569263874562e-02,6.3303768933353377e-02,1.1952862853672558e-01
1.3476253732977406e-01,1.0637324470251142e-01,3.2665620787386679e-01,6.3909210412913919e-02,4.2653679950875115e-02,7.5129626286517134e-02,1.4274470110212520e-01,8.9218265401041080e-02
1.0317276728593373e-01,1.2386380196677114e-01,2.6231225898324129e-01,6.7163835542925016e-02,5.5113141639853820e-02,9.5275829292708406e-02,1.4319720536065436e-01,1.3125839262789815e-01
1.3392677512028991e-01,5.9919992124308756e-02,3.6671542868639823e-01,7.4798837196259182e-02,3.3844312486553840e-02,9.0117003938708168e-02,1.5314212745978012e-01,5.0483634160163084e-02
1.2693685796656815e-01,1.0751814071288165e-01,3.1795568625174736e-01,5.8957728072081023e-02,3.2734155308677758e-02,7.3456512563228160e-02,1.6069675766199543e-01,1.0086212953273384e-01
1.4549106006971391e-01,1.1791155937180189e-01,3.3137997285451792e-01,7.3431990369853151e-02,4.9004990716368602e-02,9.1487596139272750e-02,5.9473883908680372e-02,1.0817066036296780e-01
1.2045068292499198e-01,7.1111206275114774e-02,3.4249666299666187e-01,7.5375165919733395e-02,5.4781823570899585e-02,1.1409778742028535e-01,1.2708356049580535e-01,5.4755952381936160e-02
1.2702475992775505e-01,1.2844419696765869e-01,2.9312692820242975e-01,7.3797681862979442e-02,5.1824858966928608e-02,1.0011347106657650e-01,6.6776684183597834e-02,1.3411760723157051e-01
1.1611248199517937e-01,1.1678039205331649e-01,2.8761316749494531e-01,6.1634998005785500e-02,4.1286860958603247e-02,8.1958283337621063e-02,1.5553889118833744e-01,1.1866769995759356e-01
1.4324892232581493e-01,1.1917930968728271e-01,3.2671434865226434e-01,7.3658997621667402e-02,4.9567710176626936e-02,9.2630864869231888e-02,6.0201737166842344e-02,1.1104392635543721e-01
1.1581047433438785e-01,1.1761346928498950e-01,2.8485098879018245e-01,6.3058374882420193e-02,4.4691705665399373e-02,8.4065568958205480e-02,1.5124647531445409e-01,1.1883175657603351e-01
1.0931840462138212e-01,1.2148399526721310e-01,2.7078548290138155e-01,6.4771390980531571e-02,4.9572152631720649e-02,8.9569267831597896e-02,1.4820367236831933e-01,1.2686863761547876e-01
9.9485501910021742e-02,8.3517380561794613e-02,2.9593685704293987e-01,7.4363803048959704e-02,5.7635989005183706e-02,1.2480018129547948e-01,1.3575709963114155e-01,8.7176917671021120e-02
1.5650368167480197e-01,8.9602622543868499e-02,3.6244036897897375e-01,5.5851618132539235e-02,2.7057999402655263e-02,6.4146855393315175e-02,1.5855437878152071e-01,6.6331090506688922e-02
1.2504987595742470e-01,1.2968467214993237e-01,2.8695892065430395e-01,7.4447880464540525e-02,5.3335104940382003e-02,1.0200033289545826e-01,6.7104511156319296e-02,1.3669822919251301e-01
1.1820330336518142e-01,1.3294384939400170e-01,2.6679624445976080e-01,7.8124365086198286e-02,6.0506721828603796e-02,1.1000770045656802e-01,6.6874458869062819e-02,1.4243295140167536e-01
1.2647503834442766e-01,1.1017787795859621e-01,3.0954626763640514e-01,6.0712954209650130e-02,3.7873131028014935e-02,7.6403327253458858e-02,1.5476247686482555e-01,1.0394255838152602e-01
1.0676714561951703e-01,1.2290759398347363e-01,2.6519160541536729e-01,6.5200145863073794e-02,5.1081436927113574e-02,9.1601368655436166e-02,1.4767202237026159e-01,1.3024883339039006e-01
1.4691101011206725e-01,9.9268050976975136e-02,3.4474884870308259e-01,6.0973909208168670e-02,3.7130166459686795e-02,6.9182798140170879e-02,1.4625114324833272e-01,7.6994950753432809e-02
9.3960335179795171e-02,1.2808612063351760e-01,2.4340031437385332e-01,6.8460295735774876e-02,6.0464796133510738e-02,1.0308829307466372e-01,1.4156602743891036e-01,1.4290106343898248e-01
7.7776202563372851e-02,1.3090532333182481e-01,2.2639727525388698e-01,7.2908774846401903e-02,7.2770920084024429e-02,1.1825076209040283e-01,1.3154996125636681e-01,1.5423344897247718e-01
2.3275493829910524e-01,4.2445962846442788e-02,4.0524152608461528e-01,8.8365006982558558e-02,2.7466646495519245e-02,7.1160881044821850e-02,4.9126339699410777e-02,4.6199390449651399e-02
2.9074221427109553e-01,4.0362997590755102e-02,3.9007682897585277e-01,8.0583326343143621e-02,2.1177886858313899e-02,5.4841907468082832e-02,3.4216365973574109e-02,4.9537850006687520e-02
1.6834963726672120e-01,3.7577655457765230e-02,3.9781876592382526e-01,7.0945732687686044e-02,3.1761624440501117e-02,7.3953651271546517e-02,1.5463179606387933e-01,3.0830101673565497e-02
1.7431262286026808e-01,8.2075460130403885e-02,4.4550197407081493e-01,6.0797657986204776e-02,2.9933303400415015e-02,5.6353941963572692e-02,5.4558851099889248e-02,7.2366089476991996e-02
1.5891013094503814e-01,7.6801941151101685e-02,3.6728650822719461e-01,5.1834456005040032e-02,1.7892992833291183e-02,6.1879347992761423e-02,1.9001288838120839e-01,5.0030524731797303e-02
2.6699044691260893e-01,4.7716247578800955e-02,4.4727742543362398e-01,5.6601139664247083e-02,1.8318988880703411e-02,5.1966463646416307e-02,3.8121796231232338e-02,4.6122535628875742e-02
2.6808036819732334e-01,2.1950356608717976e-02,4.1124751533106935e-01,1.0115439857730459e-01,2.5273296822354612e-02,4.7378214516629893e-02,3.1291079626863838e-02,5.7569652029071237e-02
1.7782012700761318e-01,5.8116321390484067e-02,3.9187581754414647e-01,5.5729925644522511e-02,1.6217151138660235e-02,4.7789725536984531e-02,1.7931011235522945e-01,4.9335481369935229e-02
2.9764461249387958e-01,1.5047121193693794e-02,3.7475752556588865e-01,1.1004030688575875e-01,2.5662940982801922e-02,4.6192659002197559e-02,3.1537821100052599e-02,6.2005116319746860e-02
1.3916650107834833e-01,7.2428447857503242e-02,4.1778750988339353e-01,7.8589928981151316e-02,4.3180619720584061e-02,9.0640895022414833e-02,5.5467151402434064e-02,6.3492623137718862e-02
2.1697733005319542e-01,6.3262531138170652e-02,4.5230622600369069e-01,6.9879109298735434e-02,2.1301091416776097e-02,4.7252816029653158e-02,3.7702693694899682e-02,5.8660119764853309e-02
2.4440981828024164e-01,2.2956857451270903e-02,4.6167383761830544e-01,8.2030089250544835e-02,2.4573757638827343e-02,5.8154461531039398e-02,3.6359376132060452e-02,3.7157913427301840e-02
2.6453398115139187e-01,1.9876134150486349e-02,4.3633081397462986e-01,8.9542491904405469e-02,2.4194761135486534e-02,5.2527180960992084e-02,3.2782330372434464e-02,4.6689408720556304e-02
1.7369281811556742e-01,6.1072421064309171e-02,4.1331800744377939e-01,1.0056062412390177e-01,3.1103402556916022e-02,6.6343064288363812e-02,5.1143121500968634e-02,6.1240023727414612e-02
2.6017317088039049e-01,2.0142562293670577e-02,4.4457282753270089e-01,8.6887849238735104e-02,2.4026701443990363e-02,5.4007420375221299e-02,3.3634515591624989e-02,4.3477681845612418e-02
2.1262460344994746e-01,6.7676112050511036e-02,4.5841782579311496e-01,5.5655868790272192e-02,2.3434209607014804e-02,5.4029543302837275e-02,5.1594774775735833e-02,5.4207414527102801e-02
1.5311418436472041e-01,6.4626842465728959e-02,4.3574136881074738e-01,8.2708156837340840e-02,3.5760352874522297e-02,7.9585874855121377e-02,5.3939180666305431e-02,5.6019805989898891e-02
2.0518876119630652e-01,3.5643135921886858e-02,4.6346262896821339e-01,8.8226386329527201e-02,2.8199208699522336e-02,5.7031742132489523e-02,3.8124469467706264e-02,4.9108681138209716e-02
1.9929867854853917e-01,3.8187068430760224e-02,4.5981421668381200e-01,9.3748535512279130e-02,2.8122587173138407e-02,5.2769062252257040e-02,3.6835949207385178e-02,5.5009836252330802e-02
1.8107504766159307e-01,8.7431855402711811e-02,4.2445306084614615e-01,6.5718632536655885e-02,2.4910173433756143e-02,6.5467144837466879e-02,5.6619549146022581e-02,6.0780256849589306e-02
9.2492276984962041e-02,8.2144837497777082e-02,3.1044025530523867e-01,6.2674416445085757e-02,6.6566145621505604e-02,1.3156025495610105e-01,1.3609247103712896e-01,7.6713046231319970e-02
1.8597035361861317e-01,3.5893402287934133e-02,3.6469090519557945e-01,7.5360110342809594e-02,2.1156413247181972e-02,7.1431457822670241e-02,1.8212200930485123e-01,2.9688856401508867e-02
2.7904460899972056e-01,4.4694740648055210e-02,4.3745180215264567e-01,5.7278547153157104e-02,1.8443160040174746e-02,5.2883529094538875e-02,3.6429923255251941e-02,4.6082959393683960e-02
2.6173100121426623e-01,4.8451922493581649e-02,4.6019515979034292e-01,5.2681715539480263e-02,1.7344970166378863e-02,5.1806596438332589e-02,4.1479783971772426e-02,4.2169271333416532e-02
1.1248471893072340e-01,6.6919670126710393e-02,3.6381277655511407e-01,7.0123900061935598e-02,3.8987060742068279e-02,8.5655584759735517e-02,1.6682403605757892e-01,5.8660019602006619e-02
2.5342872158704277e-01,2.1444294578612237e-02,4.5109611737547883e-01,8.5474586803157560e-02,2.4196045026750532e-02,5.5097200142519100e-02,3.4511566695720385e-02,4.1761999441016620e-02
1.4548864584649659e-01,5.2414065185213243e-02,3.6804508053642088e-01,7.2339026956615052e-02,4.4604696478483759e-02,9.2517973026033554e-02,1.4535140545901917e-01,4.0910422439892388e-02
2.2690663929847224e-01,2.8162971691230897e-02,4.6916719809353746e-01,7.8261912089645613e-02,2.7109803068752925e-02,6.5106497322320503e-02,3.9919854771843580e-02,3.2142782898834418e-02
2.4930208339548268e-01,5.2533471688976693e-02,4.6704612144614333e-01,5.1901799064955997e-02,1.7806269402910076e-02,5.1720975609474480e-02,4.5014488773198559e-02,4.2001874568627078e-02
2.3226502986560688e-01,7.0116464464134762e-02,4.3327729997065234e-01,5.1160050364594027e-02,1.9636393946840469e-02,6.6801637614914991e-02,5.6552405772429565e-02,4.3656926651096079e-02
1.9448490573090696e-01,2.1846933006618382e-02,4.0456555537118488e-01,7.4109608919067399e-02,2.1458136038471493e-02,6.0012697267051746e-02,1.6578609685102536e-01,2.6668350451708733e-02
2.1000123035639440e-01,7.7704822656043962e-02,4.2847486044634253e-01,5.6975561245236186e-02,2.2228884317705134e-02,6.6659765560782458e-02,5.6701095059705747e-02,5.1878951922932050e-02
1.3832314092473164e-01,7.2537452799183263e-02,4.1858802819001556e-01,7.8947380266144257e-02,4.2994037386086439e-02,9.0066780948855021e-02,5.5505916887895655e-02,6.3791068125793909e-02
1.5409946156798479e-01,9.9123111007319714e-02,4.2561992359564232e-01,5.7272976489064001e-02,3.0590046676638470e-02,6.7831210274741871e-02,6.4212169193361257e-02,7.4995903524096352e-02
1.5255152737276262e-01,1.0721187950186675e-01,3.9156238262487530e-01,5.6962614546708652e-02,3.7701163171943372e-02,7.4231024416753152e-02,6.7543142380448409e-02,8.8361789096525686e-02
1.4191568340572611e-01,7.0212672709139556e-02,3.7359802421443994e-01,8.4052890924445622e-02,5.8152120076233986e-02,1.0725240806860027e-01,5.2544278533394460e-02,7.0230820508340078e-02
1.6509207159299882e-01,5.9414360110794602e-02,4.0107150330764013e-01,8.1993219950522264e-02,5.0022896321501691e-02,9.9602761809048354e-02,4.9837228266266853e-02,5.2133511920932810e-02
1.8383992063838345e-01,4.9795075385933918e-02,4.2808698961072195e-01,7.9764596351868652e-02,4.2201991287934969e-02,8.9038625321647538e-02,4.7198232572095801e-02,4.1463544846043879e-02
1.7343861384513992e-01,3.5959881406277310e-02,4.0065419035009864e-01,7.0252250413171929e-02,3.0994592894346969e-02,7.4153757529447195e-02,1.5334833049509752e-01,2.7050801575055523e-02
1.8279190096519243e-01,8.8337394766309502e-02,4.3493248618950187e-01,5.3627538562905724e-02,2.5711710405220738e-02,6.6254056484736312e-02,6.2131549430627694e-02,6.1126268899782003e-02
1.7596582833772229e-01,3.3941161113526137e-02,4.0326958269511393e-01,7.0341632985855954e-02,2.9439521071197176e-02,7.1831564580988383e-02,1.5507536373091940e-01,2.6583674108316500e-02
1.6924499332730075e-01,9.3649716762826768e-02,4.2996975824554118e-01,5.5226396772184994e-02,2.8161201784815210e-02,6.7087716889464175e-02,6.3262522693727910e-02,6.7918505334115337e-02
1.8771303219496183e-01,6.6962378179068194e-02,3.6340851736264312e-01,4.8865186516593592e-02,1.4906342018992177e-02,6.3002814301785087e-02,1.9017130003284616e-01,4.0330867057138620e-02
1.5608018991888326e-01,5.6940505571331214e-02,4.3382459129050077e-01,8.3781751872728544e-02,4.3079832205783826e-02,8.0218821674419641e-02,4.7360580340544016e-02,6.0976712722603646e-02
1.4438012653490054e-01,6.8824462031637640e-02,4.2864239027919754e-01,8.0446286835075140e-02,3.9404144400480567e-02,8.4888299336747963e-02,5.4857669740231055e-02,5.9760013283200727e-02
1.6684976645023369e-01,4.9693413969760736e-02,4.5566800445216388e-01,8.5643625563077933e-02,3.6369148521779991e-02,6.8942613266678068e-02,4.4064903595316590e-02,5.6300195063724336e-02
2.0927020141421118e-01,7.9633908057854488e-02,4.4111260098083233e-01,4.9688783697355340e-02,2.1869588012335565e-02,6.5056854181625684e-02,6.1036032838229129e-02,4.9235291977564280e-02
2.0495084221974927e-01,3.8053653739374076e-02,4.5719424392360664e-01,7.7942615586933869e-02,3.3242821167958223e-02,7.5121362237129521e-02,4.3648766157872561e-02,3.4469489246159578e-02
1.9906336465754457e-01,8.6078139908795898e-02,4.3077050952851359e-01,5.1196540889965621e-02,2.5052669540044759e-02,6.6420175205722909e-02,6.2879003278275170e-02,5.6049168809258448e-02
1.4778072772599019e-01,1.1021169588157415e-01,3.8276403820229143e-01,5.7705251789430707e-02,3.9929996345757751e-02,7.6074013067809892e-02,6.8315371059993746e-02,9.3339502601828009e-02
1.2446760335627460e-01,8.5212607419305184e-02,3.5718628804944808e-01,7.5477938743772233e-02,6.0205902239354181e-02,1.1891088555090139e-01,5.6785847027820670e-02,7.9059394240777195e-02
1.2166136066317840e-01,1.1173867520929612e-01,3.1551455543717505e-01,5.0934779297711896e-02,4.2494371548818875e-02,7.4062110747468893e-02,1.6238609615033545e-01,1.0213879443976612e-01
1.9947190813950844e-01,4.8548855627916235e-02,4.4660701508447548e-01,7.3507029018616998e-02,2.9969115551617024e-02,8.1226197523741009e-02,5.1261202494306227e-02,3.3366784501415434e-02
1.9068742706684888e-01,8.9777066786488835e-02,4.2481463973696004e-01,5.2277409225496063e-02,2.7108922659384551e-02,6.7546426727142131e-02,6.3674343783083565e-02,6.1367740307791997e-02
1.4233351460649893e-01,7.2081581516472107e-02,4.1441849063403358e-01,7.7284783684267416e-02,4.3968248386721080e-02,9.2988264436473914e-02,5.5291466605270581e-02,6.2326368932624526e-02
1.4077653976882090e-01,7.5698280996108938e-02,3.9460770027360170e-01,7.5280875476161718e-02,4.9465333164305868e-02,1.0300804989963147e-01,5.5390749188049718e-02,6.5279314349599216e-02
2.0538394432225099e-01,1.7673627845553461e-02,3.9745181931841250e-01,7.5930096522116908e-02,1.9622708680970234e-02,5.7585869636512493e-02,1.6856388122877533e-01,2.7106359118688923e-02
1.4646689467769738e-01,6.8298147575043766e-02,4.2813781340323648e-01,7.9693575692982424e-02,3.9483880412019529e-02,8.5625805587664125e-02,5.4768350561030112e-02,5.8818948004078296e-02
1.4358088759993681e-01,9.0151154375007855e-02,3.6790461094430033e-01,4.7555072999159016e-02,2.4665415993210250e-02,6.0935409198244250e-02,1.7776511514962987e-01,6.6576889173800488e-02
1.5897241100169510e-01,4.7135866830124891e-02,3.8914599151617901e-01,6.6745290077255576e-02,2.7257205083287061e-02,7.7772747750664117e-02,1.6748500921917020e-01,3.1285723224059717e-02
1.7663191618007221e-01,9.7352900661150085e-02,4.0842745744980485e-01,5.4483693156820390e-02,3.1784046335177070e-02,7.0675803683056537e-02,6.5457804113160614e-02,7.2258292759952700e-02
1.5659587736838651e-01,6.3755065373200526e-02,4.3513220118551005e-01,8.0532461277781006e-02,3.6164426457050487e-02,8.1603970334098719e-02,5.3908922367732731e-02,5.4101195957301895e-02
1.6218597345348945e-01,8.3529200863600161e-02,3.6080721285469214e-01,5.6059622648793044e-02,3.0877347469182075e-02,5.6883514248336584e-02,1.6181388162844101e-01,6.8900736873429055e-02
1.1762940619875031e-01,8.8490823031332697e-02,3.4765777602603815e-01,7.5888566242887215e-02,6.2966095641850711e-02,1.2163238566489873e-01,5.7546259335567208e-02,8.5197976903239950e-02
2.0761639732573642e-01,6.6469198063165980e-02,4.6539567158225725e-01,5.8207998831138537e-02,2.2384763094262076e-02,5.1345359470148663e-02,4.7184402688245718e-02,5.6406784793274427e-02
1.3824685610946857e-01,8.9648704266612256e-02,3.6911896276042577e-01,4.8901721067878719e-02,2.3940772854854887e-02,6.1003312939941962e-02,1.8132860074479304e-01,6.5831861093938432e-02
1.5373817372503823e-01,6.7955377320903732e-02,4.1876178887581084e-01,7.5637955309488455e-02,4.2089138128056376e-02,9.2822802987319181e-02,5.4397546218136181e-02,5.5667382553876647e-02
9.7741242405880113e-02,8.1957747086094282e-02,3.1579055372298959e-01,6.4086612720321734e-02,5.9452598221797222e-02,1.1557641314697116e-01,1.4662551771295174e-01,7.8976810116133569e-02
1.1943940204428796e-01,6.3316273045631491e-02,3.6956530346580629e-01,7.0232529875631972e-02,3.6355144271636289e-02,8.3266924410058216e-02,1.6798571148147740e-01,5.3714485395984550e-02
1.6198681442266830e-01,9.6771953914216294e-02,4.2608431573979577e-01,5.5981012169342682e-02,2.9738981196913629e-02,6.7771207580559850e-02,6.4014616455197931e-02,7.2088376323540135e-02
1.4980092555403024e-01,8.9200655079363839e-02,3.6898647285364355e-01,4.6666834865784199e-02,2.4361126088277001e-02,6.0529400133242907e-02,1.7536128074051019e-01,6.4902743510626762e-02
1.4076581019108031e-01,1.1668001460199166e-01,3.5648338566826809e-01,5.9695435411783217e-02,4.5804835001546008e-02,8.2128553584957853e-02,7.0213775569293729e-02,1.0460964366614010e-01
1.3962034054088193e-01,7.3607174871324163e-02,4.1023599067437394e-01,7.7179312149957630e-02,4.5303429530238588e-02,9.4683236505899854e-02,5.5525059874443505e-02,6.4295636643665763e-02
1.2043519968346218e-01,1.1143309950032484e-01,3.1732064250991643e-01,5.0549776476701447e-02,4.1606052591311227e-02,7.2824528774330585e-02,1.6467046951274852e-01,1.0183082888759336e-01
1.6907720577167532e-01,6.2163967713754743e-02,4.2623677888753064e-01,7.3644658042866365e-02,3.9156784373668985e-02,9.1973186179148320e-02,5.3135446323898453e-02,4.6196406763659090e-02
1.0732841880569817e-01,1.1399267233013405e-01,2.7625970799601596e-01,6.3594587396662475e-02,5.5566110281915174e-02,7.9627686242534440e-02,1.6169575584003165e-01,1.2167456130349046e-01
1.5068512342062532e-01,7.0016047019817937e-02,4.1210628155408757e-01,7.5284025709077815e-02,4.4161939052371910e-02,9.5916722842639857e-02,5.4613691412730300e-02,5.7834046111357132e-02
1.2237368483958054e-01,8.5831276127102438e-02,3.5930072507386529e-01,7.5809805324061633e-02,5.9677871346267002e-02,1.1667005945803514e-01,5.7075439880631351e-02,8.0871167168786687e-02
1.0000117915182720e-01,1.1858739818900076e-01,2.5801349765108444e-01,6.5898143249901370e-02,6.1257429101984597e-02,8.7231802049023865e-02,1.5954403118735086e-01,1.2927762916928282e-01
1.5401470729135144e-01,1.0930698944482131e-01,3.7844966993949769e-01,5.7761436513302407e-02,4.0057369512044007e-02,7.7069800252941342e-02,6.8319794400122091e-02,9.1624032859599164e-02
1.3280766158384158e-01,6.1494004156711815e-02,3.7077815207259451e-01,6.5482053483623431e-02,3.7935350361446830e-02,8.8486168855970687e-02,1.5910916226602764e-01,4.7570600139465784e-02
1.7265729113518766e-01,6.0579773774568219e-02,4.2915081041166381e-01,7.3389434109456336e-02,3.8100217906329906e-02,9.0981746237364408e-02,5.2871441847581871e-02,4.4087251361895535e-02
1.3493934099956514e-01,7.4571525176174963e-02,4.1278718421652938e-01,7.8538806688469964e-02,4.4877512533833347e-02,9.2589401155916684e-02,5.5832858777484201e-02,6.6324804062330323e-02
2.0939984148626142e-01,5.0346140485579970e-02,4.0446503220951296e-01,4.7218900991044782e-02,1.3112553124388871e-02,4.7055597308448896e-02,1.7310401327852826e-01,3.6254572169301821e-02
8.8531580249263150e-02,1.0062528880873098e-01,2.7846200321455905e-01,7.6399987278951476e-02,8.3833412986526440e-02,1.5691613149508379e-01,6.0702835213979081e-02,1.0837291676437484e-01
1.3828263067348345e-01,7.8756783729316507e-02,3.7409944704646919e-01,7.4544606123853344e-02,5.5246553452707015e-02,1.1473087845381906e-01,5.5251862568338875e-02,6.6853293066783212e-02
1.7986198764771599e-01,5.7674308081261762e-02,4.3358710294892278e-01,7.2623706384979045e-02,3.6427013932561023e-02,8.9952266064307326e-02,5.2302389718652836e-02,3.9720063183314218e-02
1.6067785101872759e-01,1.0168030496939535e-01,3.6490275486591817e-01,6.8166207524469252e-02,4.5555851239076808e-02,7.5184480201228573e-02,6.5898533162094666e-02,9.4505390442876258e-02
1.0310863071885130e-01,7.9290257653612195e-02,3.2315325765247105e-01,6.3668157687019389e-02,5.7809202450353120e-02,1.1501019509417179e-01,1.4499712802879933e-01,7.3130468053888176e-02
1.3236191106916076e-01,6.4778710415863514e-02,3.6573876766125085e-01,6.2418899507347268e-02,4.5625006702253175e-02,1.0427385596902797e-01,1.4223124735620307e-01,4.3441499550439688e-02
1.4625351712398385e-01,1.1095185585745712e-01,3.8104511322556522e-01,5.7883581385150880e-02,4.0432004996896774e-02,7.6440531049345839e-02,6.8488537970413488e-02,9.4585190647668335e-02
1.1732758616576164e-01,1.1117528970210948e-01,3.2009925871151934e-01,5.0304966924050301e-02,4.0539948156104295e-02,7.1408620133090669e-02,1.6785263316082685e-01,1.0153659287079080e-01
1.7004533596885971e-01,4.3381121939528873e-02,3.9531409324150091e-01,6.4641396394074707e-02,2.5568470468516902e-02,7.7580413234021262e-02,1.6499084021167390e-01,2.4666409563693186e-02
1.6086869739324999e-01,6.1839245708833028e-02,3.9178311777904218e-01,8.2716300865534331e-02,5.2551340745729376e-02,1.0413152444750466e-01,5.0653438416105999e-02,5.3705164061521177e-02
1.3959290100542626e-01,7.6168368246455800e-02,3.9386412217047950e-01,7.5411021418770263e-02,4.9724843443919649e-02,1.0309663898152339e-01,5.5503181049076582e-02,6.6118832696857310e-02
1.1939306567553259e-01,1.0908369992237139e-01,3.2645385627267598e-01,4.9956712833465179e-02,3.8582936187531162e-02,6.9711562540461111e-02,1.6922429379403467e-01,9.7687996880181593e-02
1.1935317259550929e-01,1.0912549196034439e-01,3.2632943102683382e-01,4.9963239194005797e-02,3.8621204376305063e-02,6.9743750710138316e-02,1.6919689190491966e-01,9.7764022072588136e-02
1.1233998473001477e-01,6.8904147112362438e-02,3.5845385059779378e-01,6.8416136332126370e-02,4.1628177151543988e-02,8.9416460981784338e-02,1.6322489265849449e-01,6.0767995810142118e-02
1.5823369499608692e-01,8.4131775430179329e-02,3.7592702978680675e-01,4.5887243740580889e-02,2.1403623880681524e-02,5.9371430228371852e-02,1.7706509886554789e-01,5.7666300717180090e-02
1.1337752511110090e-01,1.1669088252835579e-01,2.9978215423686766e-01,5.2202626419615088e-02,4.7741334297511956e-02,7.9487037180542841e-02,1.5989775834881492e-01,1.1199451854918203e-01
1.0886060964192044e-01,1.1730875989815689e-01,3.0119077570105529e-01,5.1404071245683879e-02,4.6323708245012606e-02,7.6692257221382551e-02,1.6530255380426168e-01,1.1340104817536591e-01
1.1309397892525749e-01,7.2368757355686278e-02,3.4481755070273512e-01,6.2641504557383682e-02,5.5664325623138847e-02,1.1901350702307140e-01,1.3634879446152837e-01,5.5280052005424733e-02
1.8006708202474678e-01,5.8578400108089401e-02,4.2919058542407618e-01,7.1803414043546815e-02,3.7983817954052215e-02,9.3794339413429281e-02,5.1971072189896633e-02,3.8041230397706460e-02
1.3292359432438033e-01,7.6705010332904458e-02,4.0361454862596025e-01,7.7570679553328942e-02,4.7519167228352525e-02,9.6809579648000674e-02,5.6086830848150533e-02,6.8818296571586141e-02
7.6223768490465582e-02,8.8707303411787064e-02,2.8324510924105484e-01,6.2128365867289530e-02,7.6594241082941619e-02,1.4525767754770691e-01,1.3378726141164105e-01,9.2326421989430807e-02
1.5137364870505979e-01,1.1395975266206002e-01,3.4912994918567081e-01,6.2455571589028390e-02,4.6152442652376460e-02,8.6346247098406992e-02,7.0266938348632818e-02,9.7348446832648719e-02
1.0969028427968970e-01,7.1599303116402502e-02,3.5141923627264526e-01,6.7435118632206248e-02,4.4599069485947579e-02,9.3251871335539374e-02,1.6039407655399904e-01,6.4318263362462616e-02
1.0910729162583270e-01,1.3489378791497056e-01,2.7281513289683218e-01,6.6855332425715577e-02,6.6600579997215206e-02,1.0766446292457536e-01,7.6888231463729528e-02,1.4201759859152571e-01
8.3604601079445728e-02,8.8195015787601111e-02,2.9041862612328445e-01,6.3059753180550182e-02,7.0216204374524485e-02,1.3238069792979604e-01,1.4014710146474407e-01,9.0908036843153059e-02
1.1673691162905334e-01,6.9002684456935803e-02,3.5592764997684917e-01,6.6473912933750892e-02,4.3283104119423307e-02,9.2921371747433507e-02,1.5892071121137635e-01,5.9590678642073021e-02
1.0217379889907771e-01,9.4396168873776831e-02,3.0522305818325957e-01,7.6180253823187979e-02,7.6174325501821724e-02,1.4707986724253089e-01,5.8828449750078740e-02,9.4256676871178807e-02
9.8951237981184020e-02,1.2422831258446590e-01,2.7584347594483544e-01,5.2945873867471446e-02,5.4456125311156491e-02,8.5486617686220873e-02,1.6099584296133726e-01,1.2817365030256031e-01
1.2896321712262027e-01,6.6170381752243379e-02,3.6023219079089491e-01,6.3482583456179034e-02,4.4221624227966862e-02,9.8490997074458186e-02,1.4984922843845805e-01,5.0635443086038019e-02
1.4179136540843681e-01,9.5022335859183432e-02,3.5864421727462598e-01,4.7497362585598918e-02,2.8187491817511363e-02,6.2473284679583463e-02,1.7274189156476377e-01,7.3700392084667735e-02
1.1540644286890425e-01,1.1349431747938336e-01,3.1237412554481037e-01,5.0774532034536551e-02,4.2968277523906362e-02,7.3733951497602368e-02,1.6582293084878841e-01,1.0590336276292020e-01
1.4416712072074908e-01,8.7384543305101217e-02,3.7155842012964196e-01,4.8170696251154915e-02,2.2820787659023324e-02,6.0544822161742624e-02,1.8096602600719303e-01,6.2672818717653386e-02
1.5278600039763054e-01,1.1068322259837224e-01,3.7249459689462455e-01,5.8318670608893383e-02,4.1340090492742482e-02,7.8476921980266373e-02,6.8731087423607867e-02,9.3841361787629821e-02
1.2672465751358208e-01,8.4060564662160692e-02,3.6137538952820247e-01,7.5377903458349507e-02,5.8996607520338785e-02,1.1729955762446806e-01,5.6559762229032549e-02,7.7112584228297754e-02
1.2013284546562557e-01,7.0784962683460240e-02,3.4836295560972153e-01,6.2935835671723159e-02,5.0750125624686573e-02,1.0896901186903088e-01,1.4308613053068039e-01,5.5498146746181982e-02
1.1484126701085226e-01,6.8761503074911801e-02,3.5761395822063319e-01,6.7447710498384356e-02,4.2256352334802447e-02,9.0894584646983564e-02,1.6126890220557055e-01,5.9973848983656916e-02
1.1129199642663823e-01,7.4724736542781833e-02,3.3832716697858151e-01,6.4363323542107456e-02,5.1219725005271832e-02,1.0497680836045213e-01,1.5012462679601590e-01,6.6269375959872132e-02
1.6197873200512256e-01,4.7150269168092535e-02,3.9208900732345853e-01,6.4745594771073237e-02,2.7902367202911147e-02,7.9502625813624966e-02,1.6350020064633425e-01,2.8773357629277040e-02
1.1117266150387636e-01,9.1793545204624225e-02,3.3478051972932621e-01,7.6119063559016306e-02,6.6627279996030353e-02,1.2656607987808072e-01,5.8256158748681029e-02,9.1157122987837083e-02
1.5014540856562783e-01,7.3273514198306994e-02,3.8769118359024074e-01,7.3710768024366782e-02,5.1252065498717685e-02,1.1176719292465691e-01,5.3915576590567567e-02,5.6318172498587990e-02
9.3196676605180703e-02,1.2710298199115863e-01,2.6222627282586530e-01,5.4262700898089516e-02,5.9930914055533115e-02,9.2776285108982948e-02,1.5677284153989379e-01,1.3557771497526000e-01
1.7100676296496919e-01,7.9178568341649130e-02,3.8246095103105654e-01,4.4378946535957350e-02,1.8765520149928688e-02,5.8063204936861186e-02,1.7608667429939207e-01,5.0314526621261325e-02
9.5775672962596675e-02,8.2390861601997586e-02,3.1145336509312282e-01,6.3188236981873799e-02,6.3306599109448455e-02,1.2392905914475674e-01,1.4099095121293906e-01,7.8319473639179515e-02
1.0714109171214362e-01,7.4039126808207081e-02,3.4440688942509706e-01,6.6682465846983910e-02,4.7416209689617017e-02,9.6994102421561729e-02,1.5788295147766312e-01,6.7701215453576671e-02
9.5946832045756839e-02,8.2884756226660319e-02,3.1222703123473233e-01,6.3912880167050323e-02,6.0970902431494882e-02,1.1795852286531856e-01,1.4553556732708939e-01,8.0547540518225783e-02
9.6629578834002194e-02,9.5492831694358446e-02,2.9513382245811137e-01,7.6399098882439731e-02,7.9872706092798826e-02,1.5449232584080763e-01,5.9276680391134193e-02,9.6433615638499823e-02
1.4441697095563044e-01,1.1197886103835515e-01,3.7822000322592919e-01,5.8133699084147526e-02,4.1182674113864531e-02,7.7046735259934315e-02,6.8744313899847309e-02,9.6330849938605356e-02
1.2142199459162346e-01,8.6694414050300247e-02,3.5257641050578253e-01,7.5648733547908922e-02,6.1540044962160367e-02,1.2037493332417423e-01,5.7116396178242233e-02,8.1765970424532639e-02
1.6190386131503609e-01,8.8324788008522254e-02,3.7132748634739832e-01,4.5803211502781896e-02,2.4185882039217416e-02,5.9717882565363652e-02,1.6830445821032808e-01,6.1552622459922289e-02
7.7872387762570133e-02,8.9498121790062848e-02,2.8244121751729623e-01,6.2469053313060331e-02,7.4882235911872277e-02,1.4086329623723151e-01,1.3653569257844089e-01,9.3922200123395541e-02
1.1935849012556890e-01,1.0744365305031807e-01,3.3209552380967755e-01,4.9795192552980642e-02,3.6869824476047787e-02,6.8238904415249296e-02,1.7127741392785698e-01,9.4717371386154006e-02
1.1952698964359341e-01,7.1166433303644430e-02,3.4716094403880682e-01,6.3083404509110416e-02,5.0600779176214965e-02,1.0805913239574039e-01,1.4424380820656671e-01,5.6845866716984723e-02
1.1876507293463817e-01,1.1152607605786920e-01,3.1792176085879370e-01,5.0433251856631167e-02,4.1285720774042488e-02,7.2291338697609633e-02,1.6612676472651727e-01,1.0213086616239644e-01
9.0429021730007275e-02,1.2854240041990089e-01,2.5676502579378369e-01,5.4394958257264814e-02,6.1536987007572173e-02,9.4445219162396093e-02,1.5676909196196800e-01,1.3903196458187467e-01
1.0650552142121478e-01,1.2023643659482865e-01,2.8876495214693715e-01,5.2523138105501965e-02,5.0786687830231089e-02,8.2118396618333422e-02,1.6061073634585654e-01,1.1955134529044868e-01
1.1638440493552470e-01,1.0995353718227083e-01,3.2512835647932370e-01,5.0150624354757860e-02,3.9000236928395451e-02,6.9914373604056015e-02,1.7012323099946272e-01,9.9261671153675304e-02
1.3099511456104987e-01,8.0404996680438615e-02,3.8239493471817543e-01,7.5905426901849524e-02,5.3204371617625597e-02,1.0686675947338251e-01,5.6288980890253117e-02,7.2830423967096117e-02
1.2661236774933846e-01,1.0659694194832277e-01,3.3133561750045865e-01,4.9518826117597489e-02,3.7132518297541363e-02,6.8822555197302876e-02,1.6740503467418991e-01,9.3022622485685727e-02
9.1968208708405677e-02,1.2775708201472441e-01,2.5980825249017997e-01,5.4306598081285996e-02,6.0613344313745286e-02,9.3454037944956617e-02,1.5683454037629280e-01,1.3712263826937518e-01
1.6168806485142681e-01,8.6157875468316658e-02,3.7415325263930832e-01,4.5413863865507359e-02,2.2741789570984064e-02,5.9247000160463560e-02,1.7190529264582130e-01,5.9387316969431433e-02
1.0646858266841142e-01,1.1998654296164080e-01,2.9040002740487758e-01,5.2237954586719502e-02,5.0002877035886649e-02,8.0955285452556383e-02,1.6189244731449973e-01,1.1898285212139131e-01
1.1219308726633385e-01,7.3249864422691671e-02,3.4378500637281656e-01,6.5199472319496452e-02,4.8459262637987867e-02,1.0019467056554553e-01,1.5382195204875926e-01,6.5010459869485379e-02
9.7132231200082506e-02,8.1722586006859957e-02,3.1372482594254436e-01,6.3179649801381438e-02,6.2599931166021500e-02,1.2313851793611039e-01,1.4100242519698397e-01,7.6896189316161670e-02
1.4807649820100735e-01,9.4674773694474856e-02,3.5865507373246980e-01,4.7170779556659236e-02,2.8363251819565751e-02,6.2464213477162092e-02,1.6895929277450000e-01,7.2346213336358725e-02
1.3119827107011803e-01,1.0465860720047944e-01,3.3577733933959875e-01,4.9200142103621190e-02,3.5809987278095798e-02,6.7885820096553459e-02,1.6670020795166429e-01,8.9374600165447279e-02
1.1690174089754675e-01,1.1019940655500625e-01,3.2393254237996566e-01,5.0160197547954519e-02,3.9357186284917273e-02,7.0264682440163151e-02,1.6947444288361174e-01,9.9728077243962265e-02
7.6358258584269437e-02,8.9826428322624149e-02,2.8042601016097163e-01,6.2336286677991883e-02,7.6025779181230518e-02,1.4287606394485958e-01,1.3576630300493689e-01,9.4792290446166619e-02
1.3912401577503064e-01,6.1431596155860892e-02,3.7179382066840372e-01,6.2816785629354263e-02,4.0652127751090485e-02,9.5576253100620012e-02,1.4913024307630440e-01,4.1870378230533641e-02
1.6225460834980088e-01,1.0126253207948656e-01,4.0743996912073943e-01,5.5535148720836772e-02,3.3558807359203656e-02,7.1070080411635858e-02,6.6022829134043032e-02,7.8954668480886309e-02
1.1163695124136389e-01,8.8447598721390130e-02,3.2361264816954005e-01,7.6129805211669815e-02,7.1822328734440832e-02,1.4483484109404751e-01,5.7186597659294000e-02,8.0465128722484416e-02
7.6713591582124735e-02,9.8617487562088130e-02,2.6302450214060424e-01,7.6855958383678175e-02,9.2523574840535500e-02,1.7840124523102124e-01,6.0842798371112894e-02,1.0572624140907325e-01
1.1066939104337750e-01,1.1697626692686179e-01,3.0110908456481983e-01,5.1492379677857379e-02,4.6498852294508772e-02,7.7176577957738565e-02,1.6399107977002653e-01,1.1275280925455859e-01
6.8437479021337802e-02,1.3199215197010336e-01,2.2749085128042892e-01,5.8020667759144565e-02,7.9126076458045883e-02,1.1900503987174210e-01,1.4385283416850708e-01,1.5822230410841767e-01
9.2149404225144893e-02,1.2537491854848878e-01,2.6571414382670661e-01,5.5771188724326931e-02,6.1857173713823592e-02,9.7303866959912375e-02,1.5155356585027691e-01,1.3307919484899611e-01
1.1696092348707385e-01,1.1473921462855591e-01,3.0555325679022749e-01,5.3017199648002084e-02,4.7367895981477975e-02,8.0397633865794446e-02,1.5613821159534261e-01,1.0741771591288160e-01
1.1401748796602811e-01,1.1314799255157149e-01,3.1469055278802305e-01,5.0636994427061766e-02,4.2178018741155329e-02,7.2762395469698010e-02,1.6754822099182856e-01,1.0525783109944163e-01
9.4906703431196809e-02,1.2196052720429480e-01,2.7860670662755543e-01,5.6672854361018640e-02,6.0199071154517877e-02,9.6936721441892429e-02,1.4847388386478383e-01,1.2547931624260653e-01
8.4745705334743612e-02,9.7019078144517809e-02,2.7674881281676261e-01,7.6798140325710779e-02,8.7361161018421132e-02,1.6946209410027596e-01,6.0138727307074438e-02,1.0063264809385199e-01
1.0051152565691279e-01,1.1818340162363471e-01,2.6070758152632256e-01,6.5088267202429689e-02,6.0165666886597524e-02,8.5186155045693879e-02,1.6068632218085568e-01,1.2921131811337905e-01
1.4817738217106322e-01,9.0896649566717627e-02,3.6617163614494408e-01,4.6806626536025776e-02,2.5475566640547460e-02,6.0998467006459049e-02,1.7413475645442830e-01,6.7329249218994192e-02
8.9212605803525705e-02,1.2820495154345929e-01,2.5590077492866964e-01,5.5139099141301412e-02,6.3184630513690485e-02,9.7485099648563098e-02,1.5410337149572251e-01,1.3921181187316628e-01
8.8500757768836910e-02,8.3026383633207121e-02,3.0636304190700109e-01,6.2487261433862948e-02,6.9164344484820034e-02,1.3615163287673301e-01,1.3419790694834610e-01,7.8533559642375503e-02
9.5084827196259492e-02,1.2455231521801224e-01,2.6957632814267429e-01,5.5318440065815509e-02,5.9963364446790166e-02,9.4746812316135673e-02,1.5268267425002691e-01,1.3057159408151853e-01
8.4151750861980998e-02,1.2934211829180664e-01,2.4905839006664274e-01,5.6006563481240113e-02,6.6861683063067154e-02,1.0271030379920951e-01,1.5153118643704297e-01,1.4350074758710082e-01
1.4857682719565554e-01,9.7669352483672950e-02,3.5274247878938192e-01,4.8364688254306731e-02,3.1079996282820939e-02,6.4565210588557451e-02,1.6279332626170390e-01,7.5473062988150347e-02
9.4933537570672827e-02,8.3257561815684347e-02,3.0976341950576725e-01,6.3553184765286250e-02,6.2637694574477973e-02,1.2133212781016746e-01,1.4340876340793371e-01,8.0765611632424184e-02
5.8491988879616562e-02,1.0032593066253476e-01,2.3053790516181316e-01,7.6612754483093293e-02,1.0643799381729768e-01,2.0246939998842314e-01,6.1322544229026783e-02,1.1679395186612948e-01
1.1229769527210325e-01,1.1719021402890305e-01,2.9739702846299199e-01,5.3211931748390451e-02,4.9628582876218429e-02,8.2464983130614525e-02,1.5654530442873124e-01,1.1284479262750263e-01
1.0139726219250940e-01,1.2293440613700016e-01,2.7776806523861969e-01,5.3692012935761618e-02,5.5141654443650302e-02,8.7666233501465754e-02,1.5726734724116220e-01,1.2574482072458390e-01
7.8801737482744855e-02,1.2682757980753032e-01,2.5414913833970670e-01,5.8131371602902666e-02,7.0848235346182106e-02,1.0999907323971625e-01,1.4441307230144151e-01,1.4189702552859024e-01
6.6429469136089589e-02,8.9166906493509265e-02,2.7507396861568684e-01,6.1209165233196992e-02,8.3919549447147482e-02,1.5891508009050537e-01,1.2784865069758236e-01,9.5540220838441936e-02
1.3354062508911885e-01,6.4357186957721413e-02,3.6526861742500705e-01,6.2780760970849100e-02,4.3771695674608105e-02,9.9840869045162192e-02,1.4664342854848345e-01,4.5496551617791793e-02
1.4070604768004005e-01,9.9998041346739716e-02,3.4680872463870632e-01,4.8346910389886033e-02,3.2406385714540527e-02,6.5353463512022592e-02,1.6632438839582128e-01,8.0877217081169031e-02
9.4352555035425598e-02,1.2447650710130498e-01,2.6951470146364331e-01,5.5591298059357523e-02,6.0496010837025299e-02,9.5692267930539768e-02,1.5188260191865141e-01,1.3065467213092780e-01
1.0167642057199504e-01,8.1431521616727134e-02,3.0239922487055954e-01,9.2260766639159428e-02,8.1775995449634611e-02,1.6035343630792781e-01,6.0256069751039969e-02,6.9863121741452885e-02
1.4063384161873088e-01,9.9016314199270927e-02,3.4928430185708842e-01,4.8068734478005089e-02,3.1475606832430336e-02,6.4606976568519089e-02,1.6800103903903446e-01,7.9561396137159859e-02
1.2331289395651714e-01,1.1058276417315829e-01,3.2036994133003277e-01,5.3748481024755101e-02,4.4627204998364076e-02,7.8936077629589416e-02,1.5267648060010200e-01,9.7649413202046453e-02
1.3248656502486994e-01,9.9833660548940314e-02,3.4924494806733913e-01,4.8460179122724191e-02,3.1369739565093369e-02,6.4452487571721742e-02,1.7242733631366230e-01,8.1614835193063978e-02
7.0986024395145980e-02,1.2417256997310760e-01,2.4357346051434278e-01,6.2110636726305485e-02,8.8339671789144716e-02,1.2601594027112389e-01,1.2225266579895772e-01,1.5518406704038268e-01
1.3118355726356487e-01,6.0506670764778267e-02,3.5842094858380258e-01,7.2515258053448897e-02,3.7015426026428710e-02,8.7349429963661934e-02,1.5981657576968805e-01,5.6042443716909161e-02
1.3699456413249489e-01,8.6764606264167987e-02,3.6790577079517656e-01,5.5444430717576140e-02,1.6811764947153866e-02,6.0930681106575693e-02,1.8534461292159060e-01,6.5612522954525271e-02
2.0442473828323315e-01,5.0217284707157604e-02,4.4583763031677653e-01,7.5661768148822167e-02,3.5222395877438341e-02,7.5925382755683113e-02,4.3333556115682903e-02,3.5221763369297471e-02
2.6610213643740976e-01,2.5436613572835574e-02,4.4620496693776557e-01,8.8691298394001541e-02,2.7327444856179522e-02,4.5916087120719699e-02,2.5742636922588467e-02,4.4081581051053732e-02
2.4679797533214040e-01,5.7215668995675546e-02,4.6893610165259825e-01,5.5758623823581308e-02,2.0012719335570441e-02,4.6383822523838651e-02,3.6554807539622883e-02,4.5122088853508463e-02
2.2479518554832634e-01,3.2759351604265630e-02,4.6889875235333567e-01,7.9575622987158964e-02,3.3589354868592346e-02,6.1915412938895562e-02,3.2775666397591788e-02,3.4035555889191715e-02
1.8745581522048579e-01,4.4253908376223977e-02,4.5280960667421943e-01,8.5224222066782887e-02,3.4617388261773900e-02,7.0263915879482539e-02,4.0682692629133058e-02,4.9146686552564989e-02
2.0828007947321758e-01,5.4206609510641879e-02,4.0398285861732408e-01,4.9171183819376671e-02,1.8613057193338910e-02,4.3118767596661889e-02,1.6609054109825436e-01,3.8994187503809744e-02
1.7840451177794825e-01,7.8148535832569171e-02,4.5271382129559573e-01,6.5332078112531999e-02,2.1483566304378920e-02,5.4177358475165048e-02,5.3464544258579501e-02,7.0847852822060395e-02
2.1854152861750983e-01,3.3937210492363652e-02,4.7008433223805318e-01,8.3693370659058464e-02,2.9315607738930889e-02,5.7869537607732419e-02,3.4034046352844675e-02,4.0194494479057777e-02
2.3684911477165402e-01,2.9637360056067395e-02,4.6806426465198137e-01,8.4079691246975896e-02,2.7966785983534248e-02,5.2703050289481614e-02,3.0488660311157267e-02,3.9116799211773225e-02
1.6412048513873667e-01,6.1028234968345460e-02,4.3964022516794299e-01,8.7925138404311903e-02,2.7972408039975988e-02,7.4700978207754509e-02,5.2664283132719689e-02,5.3536111517347287e-02
1.5798227404570056e-01,7.0415496959374518e-02,3.8694149969404834e-01,5.8432085673943895e-02,1.7934354658385887e-02,4.9205128854141848e-02,1.7386462175661174e-01,6.3670920527363908e-02
1.7942602271970862e-01,5.4464877339544360e-02,3.9928960398873159e-01,8.5426645387233727e-02,5.3832810994753698e-02,9.4097184024194869e-02,4.0976364840468349e-02,5.2710388638029716e-02
1.9886097320164250e-01,7.1500855360906848e-02,4.6213679005943875e-01,6.1607671767751095e-02,2.1184770923510059e-02,5.1145583903787144e-02,4.8514952589300407e-02,6.1005819100728859e-02
1.6549830132028270e-01,9.1925430871798205e-02,3.4829955262689255e-01,5.2120602554205614e-02,3.7342387060313439e-02,6.0261972820800612e-02,1.5262165751400189e-01,7.3812061979955393e-02
1.6250124953597503e-01,7.1006548308187908e-02,3.8342688766998506e-01,5.7513256698352944e-02,2.0496986606556286e-02,4.9470782315999981e-02,1.7089342956330913e-01,6.4050403181482460e-02
1.9212352325907461e-01,4.1313395569244786e-02,4.6441917074803502e-01,8.6929282110705858e-02,2.9562204661202792e-02,6.3101862549981458e-02,3.9417824261674776e-02,4.8312920765689417e-02
1.8398883385338691e-01,9.6366233319963301e-02,3.9695322881030315e-01,5.8700836333418924e-02,3.6921911749805435e-02,6.9260290480038025e-02,5.8784254555796327e-02,7.6529562651504374e-02
1.1011773441064369e-01,7.3024853220136340e-02,3.1124549773082011e-01,7.2695867519646309e-02,5.1528268230663761e-02,1.0879526121347864e-01,1.5055435528453234e-01,8.1088632456856560e-02
1.1138946860684314e-01,1.1498726226486909e-01,2.6217657963168112e-01,6.1190997857822872e-02,4.9419369204633572e-02,8.6001949204954575e-02,1.6120945976323750e-01,1.3181213244945156e-01
2.2679188329078165e-01,4.6148129653848340e-02,4.3507773891972695e-01,8.0613413443983511e-02,3.1477526777240639e-02,6.7935551747674655e-02,4.1905217203831849e-02,3.6905689911768153e-02
1.3420623988332314e-01,1.0509459394354187e-01,3.0242379180301870e-01,5.7574491290787441e-02,4.3625009068329702e-02,7.3836341832796207e-02,1.5729481319065117e-01,1.0559154826908616e-01
1.6500459657658553e-01,1.0777932582271586e-01,3.4715550909516740e-01,6.5603966211996642e-02,4.8235280737250703e-02,8.0995462968381976e-02,6.2290479940807844e-02,9.9468001429154351e-02
1.5604271306223086e-01,6.8845529358385893e-02,3.9466196191565323e-01,7.9792974866671793e-02,4.7161355326678242e-02,9.9286592654899045e-02,5.0602724616506570e-02,6.3149767150064359e-02
1.7989693561803485e-01,6.0442580836774035e-02,3.9886550589858016e-01,5.5571810504038061e-02,1.4402276911052289e-02,4.5673398698452369e-02,1.7439983956098512e-01,4.9487346715808088e-02
1.6100722467584030e-01,8.1288793594369510e-02,3.5079906692939772e-01,6.0139577846645018e-02,3.2923220884281824e-02,5.5380469275420154e-02,1.6098070496779590e-01,7.7815834083629562e-02
1.8390120934015952e-01,5.8073054178102719e-02,4.2747229878590437e-01,7.6084661219018176e-02,4.1613966899261771e-02,8.6667364236252833e-02,4.5271018157828052e-02,4.3984687921104583e-02
1.6397895729793360e-01,8.6366471051987082e-02,3.3300833504339761e-01,6.3517795561272059e-02,4.2916730588770262e-02,5.9408133459149623e-02,1.5073104598950784e-01,8.0887820866848731e-02
1.9186909649422490e-01,4.6579358867898553e-02,4.3329064819864238e-01,8.2909631236890338e-02,4.3752594615595441e-02,7.9850977476990631e-02,3.9247197933883454e-02,4.6004607863902931e-02
1.1964052076844821e-01,1.0968516779922596e-01,2.8760207051219006e-01,5.9022065126312369e-02,4.2452477827657042e-02,7.8020858139096663e-02,1.6435383633655701e-01,1.1744247465734607e-01
1.5421992428694956e-01,7.0006997317917388e-02,3.8963400794795200e-01,5.9422328607058407e-02,1.5850842425333536e-02,4.8943518204647388e-02,1.7623374883406073e-01,6.3281085496911235e-02
1.2782171531721803e-01,5.9323339165354351e-02,3.6437617547491064e-01,7.4861946814022362e-02,3.2296229980564750e-02,8.3294823642442131e-02,1.6628246489280368e-01,5.4847694983780226e-02
1.2882680847458905e-01,6.1872110849835293e-02,3.5427954577533838e-01,7.2510177488401953e-02,3.8326779800602437e-02,8.9259389345017440e-02,1.5887244279169851e-01,5.8506099902507699e-02
1.1932781105340853e-01,6.9707448362693478e-02,3.2221229321689887e-01,7.1393421111935668e-02,5.1122611694986171e-02,1.0566862776221075e-01,1.4753002991064090e-01,7.2847341576112987e-02
1.0443616873235177e-01,1.1872220814636147e-01,2.3940547896765346e-01,6.3308429857430126e-02,5.7345244244564032e-02,9.4891400625435343e-02,1.5653629387284757e-01,1.4397398096976780e-01
1.6596262083605420e-01,6.1285313970799012e-02,3.6743956409393025e-01,8.8622179503752188e-02,6.2778844177300591e-02,1.0796473158721245e-01,4.2949927779866101e-02,6.0161402218648720e-02
9.1799025085134267e-02,8.0731702232806041e-02,2.6107070672310190e-01,7.2168656032622333e-02,7.1995885867991147e-02,1.3976392015988207e-01,1.3630511760851530e-01,1.0194929479967187e-01
1.1690444265403636e-01,6.9412003201152789e-02,3.2643030041185117e-01,7.2398730275111317e-02,4.7294427110294170e-02,1.0203720075710726e-01,1.5257069152458855e-01,7.3107978462116321e-02
1.7027257085541039e-01,6.5940694379253373e-02,3.9145260298926365e-01,7.7169368771777297e-02,5.4036645471383420e-02,1.0341568190204987e-01,4.4151523469399642e-02,5.3043404788222351e-02
1.6778194318719183e-01,8.2043754756057199e-02,3.7239298291990319e-01,4.8776651417515839e-02,2.3600763410664461e-02,5.6821221327971003e-02,1.7092227553627162e-01,5.8063618327576234e-02
1.6293774105859635e-01,8.1652423593453066e-02,3.4897273960464609e-01,6.0287375510791032e-02,3.4329187985895987e-02,5.5573155933599197e-02,1.5922899114313299e-01,7.7570866133195832e-02
1.5305109754027790e-01,6.5689153536382938e-02,4.2308269049843378e-01,8.3321477061615731e-02,3.5645752661862623e-02,8.6446706477946930e-02,5.3719120511459648e-02,5.9774326351879813e-02
1.2030097582068389e-01,7.0150292349796833e-02,3.1757587322193909e-01,7.0653705681879286e-02,5.5475269590668945e-02,1.1030856157867454e-01,1.4204642855643751e-01,7.2767146853909143e-02
1.5347841077929547e-01,1.0057229797652883e-01,3.5334786742712232e-01,7.4204739652555377e-02,4.3598034402545276e-02,7.5693998066306195e-02,6.4851362311159927e-02,1.0869047321673229e-01
1.2802405070355227e-01,1.2350429230747879e-01,2.7569346581076526e-01,7.3130057903183304e-02,5.9063353070629813e-02,1.0187276990634347e-01,7.2996270377484310e-02,1.3979570740686834e-01
1.1214508277626316e-01,6.9726554468173010e-02,3.2902432891525002e-01,7.3832781755245575e-02,4.3888809034030848e-02,9.9474157413574321e-02,1.5761531224633130e-01,7.4517757824461545e-02
1.1955778728611259e-01,6.3553513183087870e-02,3.0019871396873754e-01,8.2801165797061121e-02,7.2967174884590189e-02,1.2385637439296426e-01,1.2711818603611191e-01,6.5837603630596306e-02
1.3566141262261364e-01,7.6768444625867641e-02,3.6735996447532632e-01,8.2652881164007652e-02,5.0947545164280773e-02,1.0890236398624316e-01,5.5334440414317759e-02,7.9532150358700399e-02
1.1297877127575995e-01,7.3116778319023967e-02,3.0532837073139352e-01,7.1379170686507135e-02,5.7690479718275803e-02,1.1514889155081713e-01,1.4263159046826238e-01,8.0204835776211139e-02
2.0845373802961575e-01,7.8651310188886867e-02,4.1973434070698079e-01,6.2752828433612490e-02,3.6939099153156546e-02,5.7624483009960974e-02,4.9563896982210698e-02,6.5540008161943206e-02
1.2497420334878975e-01,1.0351137324492626e-01,3.1498164068516188e-01,5.6995804513972348e-02,3.4125538684641681e-02,7.0901837358240613e-02,1.7010572236079877e-01,1.0235686564234006e-01
1.5370983720318973e-01,9.0499253522241335e-02,3.5307613908019958e-01,5.1690153363363578e-02,2.8610116754584414e-02,6.0783572033813620e-02,1.6757434725248110e-01,7.4031661640415275e-02
9.7556845345932092e-02,1.2023906147886586e-01,2.2243801919149592e-01,6.5653704449332079e-02,6.6223920233840619e-02,1.0481729390999081e-01,1.4985861770404352e-01,1.5292467141218560e-01
1.0440097985995014e-01,7.6528628999009946e-02,2.9144122899809854e-01,7.2317611167707851e-02,5.9389238723718436e-02,1.1986640205759129e-01,1.4456854140494260e-01,8.9171136345427532e-02
1.0722271094928931e-01,7.3858618605979323e-02,3.0926286968433309e-01,7.3231280640415439e-02,5.0923395502183916e-02,1.0891472730048332e-01,1.5223465143026751e-01,8.3255665182738303e-02
1.3599029056834802e-01,9.4194785442309331e-02,3.4695643490131012e-01,5.4417607983092482e-02,2.5836567560092474e-02,6.3797821497162149e-02,1.7506829000139540e-01,8.1743368886818935e-02
1.2866808250445139e-01,9.7166500790494714e-02,3.3957203116618229e-01,5.5697663655361621e-02,2.6621651085852925e-02,6.5786515582996086e-02,1.7604950672138064e-01,8.7899317308508140e-02
1.0646585249652744e-01,7.5067057055698730e-02,3.0135219562108467e-01,7.2726644901222395e-02,5.4680808683825528e-02,1.1357889253189461e-01,1.4870393399661319e-01,8.5803510091768120e-02
9.9056446753231470e-02,7.8402346570021514e-02,2.7591854924680109e-01,7.1909990058458800e-02,6.7492904106055365e-02,1.3156822436949278e-01,1.3776757805914899e-01,9.4435090632375915e-02
1.0632417827191906e-01,7.5864506727361544e-02,2.9194472640699071e-01,7.1786868663505532e-02,6.1389988475165760e-02,1.2167186571104587e-01,1.4139193655947088e-01,8.7224513157451514e-02
1.4902108275943887e-01,9.8261594692006834e-02,3.2740485779336581e-01,5.4680092409239538e-02,3.9108333470947075e-02,6.6388053298451377e-02,1.5663379708337136e-01,8.9059704410005672e-02
9.4344685224504551e-02,7.9524699480823705e-02,2.6637721615537668e-01,7.1903977509920405e-02,7.1813604573230216e-02,1.3861988154754915e-01,1.3493397214783565e-01,9.8438838325217062e-02
1.0040396831205697e-01,7.8241188084532440e-02,2.8174289700325045e-01,7.2396245623416747e-02,6.2625188602112830e-02,1.2509579089631681e-01,1.4285097193675766e-01,9.3716555161597978e-02
1.1425466654858259e-01,7.0065631571496062e-02,3.1004414903414906e-01,7.0040349779218275e-02,6.9430261420557360e-02,1.2828275276272580e-01,1.2487171973683832e-01,7.0336210310762204e-02
1.1105158504481773e-01,6.8068156076204103e-02,2.8525286430230651e-01,8.3057679845623678e-02,6.4372480930876400e-02,1.1705435495665176e-01,1.4208876432004358e-01,8.5793298852922042e-02
1.1808648898049168e-01,6.3372982909991327e-02,3.0915213707375516e-01,8.2167642594795878e-02,5.5165007405722388e-02,1.0410836990911125e-01,1.4743767205094704e-01,7.9208449728544864e-02
1.2711895055343667e-01,8.2477206157461208e-02,3.2645308269872575e-01,8.3184350664050152e-02,6.3003351453123621e-02,1.2635985004424793e-01,5.5075906768252719e-02,9.1008268492775948e-02
1.5525413193475707e-01,6.5646391140315369e-02,3.4340422079674054e-01,9.1441363049117569e-02,7.0662504473112744e-02,1.2033705322523469e-01,4.4015880927173012e-02,6.3959229947894769e-02
1.2273467017160664e-01,1.0954034313044105e-01,2.8595420381431169e-01,5.9107410018085713e-02,4.4830583277863864e-02,7.8624802005416550e-02,1.6081966425945321e-01,1.1711662406271328e-01
1.1343465220226778e-01,1.1459299750887619e-01,2.6193884016723162e-01,6.1344503302141050e-02,5.1205999693147201e-02,8.6581520537654694e-02,1.5845990476901128e-01,1.3103738250227961e-01
1.2029881808644043e-01,1.1116558469851000e-01,2.7816414475500167e-01,5.9872295100241592e-02,4.7275624044161593e-02,8.1180107256823134e-02,1.5936834214339682e-01,1.2143928428594872e-01
7.8350751707321628e-02,8.2432678878136309e-02,2.3598282076121621e-01,7.1947427713760864e-02,8.3947350713734506e-02,1.6021816851643050e-01,1.2901233299290057e-01,1.1280158391557603e-01
1.0743605478231340e-01,1.1744503071489262e-01,2.4595701361326430e-01,6.2842613639664785e-02,5.6092104164204223e-02,9.2665930729214210e-02,1.5626985725218548e-01,1.4000796094323756e-01
1.3157537252036633e-01,1.0605129739378742e-01,2.9629089760288985e-01,6.1866002255836237e-02,5.5991491793054390e-02,8.1291037878812325e-02,1.4084123027398499e-01,1.0737309178301326e-01
1.3075018192789667e-01,6.6142403310830461e-02,3.3247006798877365e-01,6.9345626781620776e-02,5.4287358460319846e-02,1.0573760535868747e-01,1.3898847133188386e-01,6.2459597071565585e-02
1.2313415656155954e-01,1.2463078162447203e-01,2.5190671185486180e-01,7.7088440277778988e-02,6.8883419722976472e-02,1.1199053887522442e-01,7.2155066763234327e-02,1.4509735921409886e-01
1.2630453792957319e-01,1.0186576091225817e-01,3.2156076793016347e-01,5.6554443700566497e-02,3.2221904490347918e-02,6.9399865522495344e-02,1.7144267390411844e-01,9.8541539479894247e-02
9.6392857745637897e-02,7.9692192953903729e-02,2.7158883238228454e-01,7.2337515793500964e-02,6.6737855368032589e-02,1.3153473754489176e-01,1.4016738581538121e-01,9.7987197853422275e-02
1.2354264577845402e-01,8.4078401904358363e-02,3.1313603149321706e-01,8.3564954252802748e-02,6.7130973382262343e-02,1.3273336533569208e-01,5.5058593066851007e-02,9.4605714499550769e-02
1.2995679146049183e-01,6.6119357550797675e-02,3.3089186627211969e-01,6.8909839039022397e-02,6.0427017290516812e-02,1.1262235746603037e-01,1.3035071002517931e-01,5.9957054741050814e-02
1.2632750503303741e-01,1.0480068876212972e-01,3.0817855859457421e-01,5.7234375947518748e-02,3.7076023235366330e-02,7.2350372495121426e-02,1.6695198232872763e-01,1.0542052531683414e-01
1.1906434571226314e-01,1.0961294281268162e-01,2.8845161987610118e-01,5.8989081272330463e-02,4.1843061956115236e-02,7.7780290460680565e-02,1.6513431503423337e-01,1.1723575116459990e-01
1.7555895933010374e-01,7.6197427053612404e-02,3.7944641775418142e-01,4.7934906413149278e-02,1.9629177131296305e-02,5.6232727250824066e-02,1.7636568836330344e-01,4.8336990957626655e-02
1.1888784987439811e-01,6.9976244045725569e-02,3.2096592419004866e-01,7.1386617474386446e-02,5.1599068337895543e-02,1.0633556225035783e-01,1.4716162614396830e-01,7.3396673193628942e-02
9.9225511655454388e-02,7.7382574180424116e-02,2.7651113818935091e-01,7.1469533822333370e-02,7.0915164612418077e-02,1.3573166625449351e-01,1.3303217089144737e-01,9.2049807555942428e-02
1.2840224756357271e-01,1.0700908003201839e-01,2.9590937691493086e-01,5.8144711614054281e-02,4.3292746066574003e-02,7.5652329962621639e-02,1.6006807491404640e-01,1.1061055313365843e-01
1.4620517379743814e-01,1.1501420259330218e-01,3.2066779257736489e-01,6.8540901110637209e-02,5.0479669648872141e-02,8.8644429512405448e-02,6.8044127540513019e-02,1.1742208313998174e-01
1.3968712992710572e-01,1.0276630490582941e-01,3.1115260073774259e-01,5.6666618819591077e-02,4.2427998394711251e-02,7.1230982632030218e-02,1.5637772773181885e-01,9.9715270908203674e-02
1.3055465579962500e-01,1.0541062524767045e-01,3.0279997901382399e-01,5.7433165429095753e-02,4.1153417377552751e-02,7.3584902147087405e-02,1.6144032118936366e-01,1.0670492120456322e-01
7.9374052474556089e-02,8.0186110023709803e-02,2.4296751512456494e-01,7.1640422088175643e-02,8.5823744969513366e-02,1.6216590803429057e-01,1.2487092244201164e-01,1.0780923816541760e-01
8.4342862959349105e-02,7.8558863170389764e-02,2.5461886378595416e-01,7.1513493501947953e-02,8.3424129132068481e-02,1.5703542263616913e-01,1.2433947597135597e-01,1.0127909868769611e-01
1.3231245353135526e-01,1.0677530706406556e-01,2.9328955187592465e-01,6.0556592088506278e-02,5.2969142096788081e-02,7.9732307635917585e-02,1.4581161955059874e-01,1.0926528319120350e-01
1.2021956797409702e-01,1.1145113383937226e-01,2.7630722326948726e-01,6.0097372618207433e-02,4.8291568814009783e-02,8.1917696237541776e-02,1.5833777037689448e-01,1.2224966847517002e-01
3.0587906644555651e-01,2.4319583642825205e-02,4.1138108818921165e-01,9.3028492071594915e-02,1.2842432049599235e-02,5.5834727712030227e-02,4.4750525227970038e-02,1.3227518389260812e-02
2.5580478404437351e-01,4.0718867633763332e-02,3.1143043209608079e-01,6.8003347427718644e-02,1.5691512739346717e-02,5.2653725060253086e-02,1.8727931560506297e-01,3.8545219263850537e-02
1.9324263646626053e-01,4.0619725057619759e-02,4.6749044527422579e-01,8.8386084779557519e-02,2.7464067100966459e-02,6.0131354372407096e-02,3.8970581064052427e-02,4.8897553022235529e-02
2.0894337359143525e-01,6.6711371237965778e-02,4.7200840737486288e-01,6.2562899228477117e-02,1.6711758341970126e-02,4.7649289169365242e-02,4.3849470713018292e-02,5.5467497530942211e-02
1.3322446381097877e-01,5.3857016757783586e-02,3.6114336363091987e-01,9.0829818607413432e-02,1.8243257650881202e-02,6.7754080454671711e-02,1.8903727527679312e-01,4.8219866266708225e-02
1.6874372822274913e-01,4.5102194958675068e-02,3.8620302511085319e-01,7.0313407232380512e-02,2.9258855247592291e-02,7.2403458769713616e-02,1.6414759094231476e-01,3.1212693485037780e-02
1.8050956767457962e-01,4.4309963443602836e-02,4.6347488184893348e-01,8.9618707765022967e-02,2.8049143752447010e-02,6.3337441655565152e-02,4.1690534569151810e-02,5.3039754573217739e-02
1.9987987535726082e-01,8.3948093630152903e-02,4.3947924577584019e-01,5.4366539523267580e-02,2.4804470839754365e-02,6.2588711896654145e-02,5.5784115338897121e-02,5.5272055906211759e-02
1.3858620753944453e-01,7.4195530034696505e-02,3.8364852139592465e-01,8.2783112795377894e-02,4.6281621433055808e-02,1.0246630945775810e-01,5.5420763834843054e-02,7.4719736183789701e-02
1.1875404037059868e-01,1.0926476643989795e-01,2.9059240956131216e-01,5.8866961162536459e-02,4.0863631867166718e-02,7.7192084875847236e-02,1.6613778130079215e-01,1.1632295259622746e-01
1.8879872001169792e-01,3.0088396437517779e-02,4.0401792752793031e-01,7.2761715764719487e-02,3.2782151277171011e-02,6.3581664676808855e-02,1.5005494490398366e-01,2.7020409095510942e-02
1.8522098391333616e-01,7.7199788618996179e-02,4.4952158930405217e-01,6.3914199956644518e-02,2.3490252698857104e-02,5.4438601571946930e-02,5.2599881161136522e-02,6.9244435213304756e-02
2.0906427069849851e-01,3.8235960551322036e-02,4.5934400177509532e-01,8.1019017913462152e-02,3.6273908233000113e-02,6.7926783273945066e-02,3.5929459330298473e-02,3.8688980142320778e-02
1.3065633941453442e-01,6.2396890286046391e-02,3.5107525515414878e-01,7.1544112808799631e-02,4.0872318140293365e-02,9.1456002365438743e-02,1.5540824104448347e-01,5.8839175575853997e-02
2.5168559524498757e-01,5.6520372859519039e-02,4.6138853434575716e-01,5.9242404168601250e-02,1.8453143587214893e-02,4.5959012575438114e-02,3.4375179984882556e-02,4.6540907043623798e-02
2.0784164255627408e-01,3.9966097775560407e-02,4.5172661281798465e-01,8.0438317568283818e-02,3.9902149888285242e-02,7.2177489679178794e-02,3.5893388404548809e-02,3.7863202112975183e-02
1.6347333633280250e-01,3.4271027285832062e-02,3.9905136588197981e-01,8.0578503713421290e-02,2.4986241773118648e-02,6.0933790302151354e-02,1.6344109005389509e-01,4.0619964821258611e-02
1.6773649966883725e-01,5.5667883587331699e-02,4.0774298591385749e-01,8.6949724042049592e-02,4.6974802033588031e-02,8.9104016752962284e-02,4.5046638576109459e-02,6.1384300885731602e-02
1.2852997490367055e-01,9.8875935178147384e-02,3.3290606248547971e-01,5.5864734822062861e-02,2.8906467751906285e-02,6.6985451315752023e-02,1.7390454765622324e-01,9.1764995536435953e-02
1.7787616644848819e-01,6.0032505856069493e-02,4.2327506222328842e-01,7.7058874589948159e-02,4.1795343977109815e-02,8.8186586193291033e-02,4.6634741124880995e-02,4.7596379877795261e-02
1.6426782959865549e-01,7.2190939231003670e-02,3.7931842651983599e-01,5.7324410842094713e-02,2.2643362869861142e-02,4.9996762251254025e-02,1.6873001263538179e-01,6.5381950157524502e-02
1.4105348840537946e-01,7.1768962057310454e-02,3.9841878390918134e-01,8.3219701690902745e-02,4.1954453173027761e-02,9.6636559001924915e-02,5.5515602419510632e-02,7.0344642537974886e-02
1.4831901522922444e-01,5.3930397642643041e-02,3.7363581976343085e-01,7.0480391691428557e-02,3.4712733387016609e-02,8.1189248454661203e-02,1.5877406863802412e-01,4.3734898140156457e-02
1.1917759382565982e-01,1.0564725146993247e-01,2.6109669110599315e-01,7.1553599424944866e-02,5.2343714701286050e-02,8.0891857220181621e-02,1.6016632649969048e-01,1.2644294336417822e-01
1.5413593997875333e-01,7.0953053562667248e-02,3.8058212011232506e-01,7.9667912177059236e-02,5.2035960577116749e-02,1.0544726572005431e-01,4.9754283859661193e-02,6.5971574245324724e-02
1.1380037319994651e-01,7.0790960810416706e-02,3.2138600484782676e-01,7.2697610691297085e-02,4.8282039995816421e-02,1.0401134481628152e-01,1.5259466494249430e-01,7.6207201549613454e-02
1.3060255661673328e-01,9.8758034475320930e-02,3.3229423596917390e-01,5.5597491934420554e-02,2.9691413187322910e-02,6.6890846429154271e-02,1.7259985302602845e-01,9.1580670179557108e-02
1.5948243763440012e-01,5.1378710047346433e-02,3.7879484593048857e-01,6.7848881096770189e-02,3.6994240657652458e-02,8.0725514421925548e-02,1.5288577371566775e-01,3.7361343876418242e-02
1.4684346583125618e-01,7.0903712217275566e-02,3.9485788477869865e-01,8.1705351278665378e-02,4.4569552572035445e-02,9.8439257672539027e-02,5.3600253709259527e-02,6.8183800536650921e-02
1.0542324111479454e-01,7.6134029517509430e-02,2.9290797685533460e-01,7.2183850324821899e-02,5.9351323349245533e-02,1.1949932438963261e-01,1.4414731860382821e-01,8.8112078698601201e-02
1.4601930584562312e-01,8.9055140639305058e-02,3.2674030598591003e-01,6.3685073305571757e-02,3.7204140614301738e-02,6.1789868158410852e-02,1.6198566512534737e-01,9.2652405909794719e-02
1.2725427471327386e-01,6.5551075458570682e-02,3.3866550873480877e-01,7.0995160253542591e-02,4.6184464290254156e-02,9.7980989619193451e-02,1.5031322429994884e-01,6.4211659932862028e-02
1.4104523465948920e-01,7.4853122198400443e-02,3.7318906061026236e-01,8.1842559184028274e-02,5.0519292153364981e-02,1.0700879520807299e-01,5.3905879329826122e-02,7.5323444845669829e-02
1.0776833347971003e-01,7.4780414076856663e-02,3.0134623869947774e-01,7.2394061013663150e-02,5.5637109725858579e-02,1.1432665570094019e-01,1.4716974967682384e-01,8.4935909592622372e-02
1.4992250508260155e-01,5.1479210682702593e-02,3.7852919270239804e-01,7.2253625014097198e-02,3.0500988763904426e-02,7.6998479731772485e-02,1.6464750388277893e-01,4.1100171666104392e-02
1.0305316522927591e-01,7.6813635613981524e-02,2.9240538066728072e-01,7.2780441851720459e-02,5.7500632207787221e-02,1.1799530387731745e-01,1.4718100500469611e-01,9.0069549669911528e-02
1.3666921596690235e-01,1.1941261804643968e-01,2.9936264269506019e-01,7.0766199451360104e-02,5.4176408555460569e-02,9.4730958199812129e-02,7.0704477991715323e-02,1.2861506617460441e-01
1.0108489450629905e-01,7.7914597976906960e-02,2.8484793660805996e-01,7.2555433371235156e-02,6.0866962585959035e-02,1.2271445232836112e-01,1.4447084413238048e-01,9.2840931138191710e-02
1.5161239158722839e-01,5.6477792238208681e-02,3.6584497468347632e-01,6.7659933922745760e-02,4.3434170995840717e-02,8.8594594324175782e-02,1.4581379772704522e-01,4.4179485562660693e-02
1.2083630273331429e-01,1.1051286592418132e-01,2.8178203599195922e-01,5.9498655066384722e-02,4.5733040944645226e-02,7.9911329769071837e-02,1.6070830658167620e-01,1.1966564581877917e-01
8.1064081995724735e-02,8.2384859895909809e-02,2.4053630577487650e-01,7.2037835571279685e-02,8.1361193489027261e-02,1.5579493335735256e-01,1.3075029905844468e-01,1.1091273457031145e-01
1.2102481293154087e-01,6.3373795814146816e-02,3.5276124809457382e-01,7.4471842341318525e-02,3.6156805684268947e-02,8.8824300666933753e-02,1.6330023475369976e-01,6.2108339010099912e-02
9.0286194079331666e-02,7.5589657806766464e-02,2.4060987403713735e-01,8.5584209148017398e-02,8.1093590925104098e-02,1.4448721939778952e-01,1.3518189673002562e-01,1.0059829297739198e-01
1.1935462993532125e-01,1.0992539129168546e-01,2.8647873104564281e-01,5.9115658876193168e-02,4.2787242862191759e-02,7.8349791017493772e-02,1.6415231504732750e-01,1.1806118594328929e-01
1.3189495610994789e-01,8.0756057170375192e-02,3.3120401729341026e-01,8.2537693422017319e-02,6.3373702071691837e-02,1.2543543250951641e-01,5.3300630612929112e-02,8.6467382113022892e-02
9.6335107252968177e-02,7.9452040552488556e-02,2.7057558920375935e-01,7.2109479043895905e-02,6.8470280511403483e-02,1.3372501004649984e-01,1.3809098719122728e-01,9.7542890237677052e-02
1.2491222566777112e-01,6.2404415491512107e-02,3.0603452400210557e-01,8.1798539339785245e-02,6.8315389184504943e-02,1.1686757888138835e-01,1.3072723313758716e-01,6.5864472279220210e-02
1.0325452252768963e-01,7.6865987080130468e-02,2.9121307267645241e-01,7.2611659397941813e-02,5.8444706204354352e-02,1.1907834751033669e-01,1.4609929505398186e-01,9.0140076393164556e-02
1.6320143978357671e-01,9.0031329519389025e-02,3.5314714092698696e-01,5.0964274215583062e-02,3.2450882474068014e-02,5.9524228185682641e-02,1.6009094418047018e-01,7.1834308075999484e-02
1.3382415838813363e-01,9.7103251074129648e-02,3.3722503665322900e-01,5.4988863456017029e-02,2.8827507235235292e-02,6.5663245494865755e-02,1.7257784964495576e-01,8.7996832530226887e-02
1.1085210177571637e-01,1.1554051595574134e-01,2.5852556203503907e-01,6.1537090628237076e-02,5.0993419514933018e-02,8.7405872618705374e-02,1.5991118085206402e-01,1.3356076017969271e-01
9.1998395415341452e-02,8.0899204742326425e-02,2.6156354675336863e-01,7.2274891263491639e-02,7.1045639207053146e-02,1.3848651001784604e-01,1.3740540325417458e-01,1.0217757484117540e-01
1.1359174449001619e-01,1.2811378514269525e-01,2.3000686020414210e-01,7.8772910970278831e-02,7.2723932611102785e-02,1.1943444710824008e-01,7.5205963703029316e-02,1.5673395174751900e-01
8.9552923523091105e-02,8.0590759571128393e-02,2.5718383598504052e-01,7.1958573057090011e-02,7.5456945586950611e-02,1.4497734194972384e-01,1.3305782753896078e-01,1.0270870549176668e-01
8.4497747057893091e-02,8.3069933441607596e-02,2.4567180859086507e-01,7.2421641216555657e-02,7.6052616788729446e-02,1.4761315795166915e-01,1.3573096888427244e-01,1.1008167157302684e-01
1.0910922493690911e-01,1.1672800003557911e-01,2.4964246119469721e-01,6.2559729888245499e-02,5.5321983422405831e-02,9.1387260165887496e-02,1.5621994739769926e-01,1.3779279437907702e-01
1.3594195175132831e-01,1.2031834797467938e-01,2.8904184505044045e-01,7.2095306983961882e-02,5.7885131070662628e-02,9.8013092710171945e-02,7.0278468011191392e-02,1.3110811634788619e-01
9.1771013356847508e-02,1.2235684991878097e-01,2.0881696118184742e-01,6.6417205460148981e-02,6.9062591645417115e-02,1.0992727057040398e-01,1.5033202936842949e-01,1.6103872127287217e-01
1.0510985181410125e-01,1.1797786608465102e-01,2.3873592787854692e-01,6.4102416230637616e-02,6.0960904572379133e-02,9.7315084066283100e-02,1.5175529501014207e-01,1.4341005340983937e-01
1.0951886791650528e-01,1.1641332957762666e-01,2.5291135589767105e-01,6.2098411241414957e-02,5.3261737092633286e-02,8.9656894011220498e-02,1.5823934221721947e-01,1.3639866006246396e-01
1.1415577295850671e-01,1.1344688071065850e-01,2.6971550151131218e-01,6.0552076252699351e-02,4.7485112599282155e-02,8.3541422773209043e-02,1.6184836383891121e-01,1.2747956548979161e-01
1.5657525975738146e-01,8.9214863101951217e-02,3.2327847670221793e-01,6.4647525714728926e-02,4.3667933688573933e-02,6.2264845071861120e-02,1.5279389195656437e-01,8.7756074740516610e-02
1.3036127736653039e-01,1.0228808470494657e-01,3.1747574558037578e-01,5.6326361541724733e-02,3.5002797146513422e-02,6.9918271781343258e-02,1.6759395855055051e-01,9.9552165831627362e-02
9.2373560864838750e-02,1.2137077932542498e-01,2.1156725243109653e-01,6.6735827179548429e-02,7.0234920133571008e-02,1.1045554259913470e-01,1.4810394688358991e-01,1.5930824827082449e-01
1.2935219432339501e-01,8.1646682572990487e-02,3.2932255432305346e-01,8.2886401511834559e-02,6.2875119524696571e-02,1.2554741598128538e-01,5.4344814660180749e-02,8.8886224482595061e-02
9.3425899254478542e-02,8.0940681734654824e-02,2.6626811080208374e-01,7.2660633407175851e-02,6.7073194284435270e-02,1.3295414773916625e-01,1.4136907279022631e-01,1.0152515675241487e-01
8.8268779075584836e-02,6.7833249941632381e-02,2.9724790267302792e-01,7.1237478896976847e-02,8.8822009090621490e-02,1.6088772599904910e-01,1.0634699913194329e-01,7.5245047547331315e-02
1.0858018969635660e-01,1.1180522050785732e-01,2.2864115269720089e-01,7.6195728938611540e-02,6.3710924858573992e-02,9.3680030858653465e-02,1.5517650374421937e-01,1.3946154956780274e-01
1.6653402510867710e-01,6.7500321254928733e-02,3.8462727484689380e-01,7.7737789254706660e-02,5.5753754629222468e-02,1.0636013225680475e-01,4.4569583114895554e-02,5.5762297771521474e-02
7.1909515100662819e-02,8.2507908366001914e-02,2.2458538615602056e-01,7.1724283577457443e-02,8.9851418495940111e-02,1.7054417506448880e-01,1.2540703400076927e-01,1.1795667072172271e-01
9.4276992140196816e-02,1.1753631400076392e-01,2.2470601354977146e-01,6.7949760772373718e-02,7.3476284760802896e-02,1.1125785078740587e-01,1.4051727092064115e-01,1.5189420561380132e-01
1.2876324164154612e-01,1.2334144514997507e-01,2.7295297439873301e-01,7.3620097548696209e-02,6.0685671314710317e-02,1.0298620004783478e-01,7.2387917964276127e-02,1.3957040054777092e-01
8.1440802034307841e-02,1.2155495700282051e-01,1.9039046714364236e-01,6.9512599432876923e-02,8.1394835895888015e-02,1.2488518651511263e-01,1.4076906324731564e-01,1.7239515084647949e-01
8.9058726526805881e-02,1.2240806935590133e-01,2.0368322551320456e-01,6.7206553906354716e-02,7.2176585810201213e-02,1.1371345465690151e-01,1.4803568149094262e-01,1.6398620820462340e-01
1.3065921568420874e-01,1.0100345452333004e-01,3.2292479585088629e-01,5.5994919060439755e-02,3.3075629630063177e-02,6.8725102563433074e-02,1.6934735477547933e-01,9.6636842822979935e-02
1.2279856278468483e-01,1.1011611549544068e-01,2.8240236454676337e-01,5.9506008965379178e-02,4.6755978015946206e-02,7.9913591930112410e-02,1.5880431193587635e-01,1.1863913231804535e-01
7.5421742584409368e-02,7.7488566236117606e-02,2.4400462560991290e-01,7.1338247395302631e-02,9.1874771883689199e-02,1.7138475857138630e-01,1.1764728204867446e-01,1.0581705805286143e-01
7.1459401965905348e-02,8.3491699087401311e-02,2.2159717489589084e-01,7.1852866627932985e-02,8.9086049042745585e-02,1.6975347509524857e-01,1.2712817177079885e-01,1.2002947845799661e-01
1.3823873398415384e-01,1.0446577090625188e-01,3.0371700663828444e-01,5.8207304931309961e-02,4.7253379553577328e-02,7.4339448774541655e-02,1.5093784403441551e-01,1.0326165671002596e-01
1.5944849526617569e-01,1.0179661164367941e-01,3.9301916285157595e-01,6.1882895357003719e-02,3.2777644967909442e-02,7.2608296009656334e-02,6.5309544811528938e-02,8.8013519918479957e-02
8.7781781572301099e-02,1.1963028125680726e-01,2.0812416391633443e-01,6.8735097228822262e-02,7.7158164830234161e-02,1.1776289842076075e-01,1.4085301159369956e-01,1.6183276515013664e-01
1.2842972650097545e-01,1.0857586025155609e-01,2.8648718770949871e-01,5.9788534167930160e-02,4.9929914141474685e-02,7.9792856753381672e-02,1.5242439800372240e-01,1.1441823925022640e-01
8.8674548188399233e-02,1.2133424781704040e-01,2.0532090208579326e-01,6.7785741704458988e-02,7.4187905021656300e-02,1.1533442820552949e-01,1.4517005279075043e-01,1.6308221614420848e-01
8.9330099411183139e-02,1.2271022719634180e-01,2.0364289324313709e-01,6.6987524980176474e-02,7.1344974211050738e-02,1.1295292136352479e-01,1.4904940831482974e-01,1.6403063954185970e-01
1.2732853504246963e-01,1.0739386916689934e-01,2.9456098524618340e-01,5.8274667170298750e-02,4.3324501195935762e-02,7.6040206950800840e-02,1.6047132536977043e-01,1.1160112514494235e-01
8.3431876531773322e-02,1.1727865830865278e-01,2.0403710444582476e-01,7.0961430849675697e-02,8.4678811044419114e-02,1.2540765278125868e-01,1.3259724729096375e-01,1.6580315962394512e-01
1.2952278718010884e-01,6.0011447143942957e-02,3.7332485867309506e-01,8.1667314468532717e-02,2.7258495674209352e-02,6.8777242623061396e-02,1.7201483476188359e-01,5.3937411310044543e-02
2.5090279364184331e-01,2.6418800706654064e-02,4.5819156231915903e-01,8.7770056692196299e-02,3.2896713377524894e-02,5.2546285924472497e-02,2.7634132040240608e-02,3.1350149257274640e-02
2.8078316730327102e-01,4.9035368021184335e-02,4.2805358737358967e-01,6.6403460360553362e-02,2.6101976375409713e-02,4.9202644908468027e-02,2.8880715714030929e-02,4.1359655379523200e-02
2.1428338752933448e-01,3.6696237271251098e-02,4.6121415439114516e-01,9.5640963478043642e-02,2.7800004856505266e-02,4.8509478804775970e-02,3.2888641724866628e-02,4.9276847946488900e-02
2.4537913367766498e-01,7.1925680811715451e-02,4.2131930221765895e-01,5.6838559985418660e-02,2.9528702580924840e-02,6.5326315758769390e-02,4.6885663329893509e-02,3.4742048419618386e-02
1.8703782590719534e-01,8.4312551573610020e-02,4.3648913305263376e-01,6.6718154892716194e-02,2.9941475985113850e-02,5.0766663796200207e-02,5.1007998449479584e-02,7.2652464824071852e-02
2.0254318867709029e-01,4.5717493542543029e-02,4.5266846160589774e-01,8.3827402770033366e-02,4.3706566074102719e-02,7.3175899632122093e-02,3.4736674892758536e-02,2.8141652377221466e-02
2.0307462845120866e-01,7.4634271822536527e-02,4.5727430543063441e-01,6.3700273880159947e-02,2.5864075755056632e-02,4.7270892204023335e-02,4.6370579548925317e-02,6.0129134006480046e-02
2.3410756829476534e-01,6.4486350741996934e-02,4.6659326439459758e-01,5.7917449223475623e-02,2.8300996312157913e-02,4.7890191622995182e-02,4.0709080394881907e-02,3.8958444377527060e-02
1.4441672194375635e-01,4.5766575880070409e-02,3.9070601190560639e-01,8.4958399464057532e-02,2.8642075890186105e-02,5.9209858080255577e-02,1.6095982988279586e-01,5.3599027614356726e-02
1.4104582707395025e-01,1.0013909707095349e-01,3.5400097759773369e-01,5.5781615250133400e-02,2.8351126910732390e-02,5.4754745634374942e-02,1.6726196081049896e-01,8.0629129798453936e-02
1.3337109442649386e-01,1.0197514111318821e-01,3.4952832189031674e-01,5.6909190783109562e-02,2.7113151946712467e-02,5.5125759498131283e-02,1.7054524923733655e-01,8.7203205501073217e-02
1.7337531009903512e-01,5.1798120627768146e-02,4.5148383348684590e-01,9.1262512074133273e-02,3.4223999430904192e-02,6.3589314950074832e-02,4.1007195830912009e-02,5.8994169189939917e-02
2.1514656258331916e-01,3.8676307043597098e-02,4.6570443220642543e-01,8.3048098807547724e-02,3.8718414262593974e-02,6.5512121511887067e-02,3.3124605904174875e-02,2.6436390382505892e-02
1.8983136070617160e-01,4.6324031524505191e-02,4.5775671132847251e-01,8.8367327202938120e-02,3.5303575232843908e-02,6.3412464286541723e-02,3.7946650525690649e-02,4.7175393606915014e-02
1.6456556220078958e-01,6.4763126046690350e-02,4.3556929475431205e-01,8.6850718402590968e-02,3.3933311759501011e-02,7.3776221545554133e-02,4.9506643608921111e-02,5.5006277034235704e-02
1.3400178960372724e-01,6.6702456070427463e-02,3.6764883371175217e-01,7.2879942861171082e-02,4.0439252022978212e-02,8.2114442442076344e-02,1.5051234670653069e-01,5.0836783720811664e-02
1.3877972956848142e-01,4.9775581248841884e-02,3.8407807433180696e-01,8.4384211643945314e-02,3.1319375172057691e-02,6.2854404161469646e-02,1.5883965724246443e-01,5.7775216344097699e-02
1.7750612018103690e-01,7.8631799853251319e-02,3.8327277854394626e-01,5.9286832998861033e-02,3.1039224942901060e-02,4.4805374934213119e-02,1.5510499719113083e-01,5.2853969738931951e-02
1.2778739420145380e-01,1.0939649582119801e-01,3.0700573718664165e-01,7.3481212104813828e-02,5.0711654140007931e-02,6.5170929301657826e-02,1.4761894263632547e-01,1.0044128691740753e-01
1.2461120364508441e-01,1.1430707304181724e-01,3.1764310090216297e-01,5.9532370741193712e-02,3.8710553531792313e-02,6.2554401100345255e-02,1.5873678618321943e-01,1.0683639521534420e-01
2.2991169140303228e-01,6.5271871719289012e-02,4.6613983577949974e-01,5.8846157856570151e-02,2.7215275366225505e-02,4.7466960336376200e-02,4.1209624802009168e-02,4.2564183273584341e-02
1.5338471168019358e-01,4.3339927099413110e-02,3.9395519958702041e-01,8.2868216189649235e-02,3.0106727634803092e-02,6.0100163116353508e-02,1.5824255161037948e-01,4.6325715627490889e-02
1.7707160501100708e-01,8.9970525816283356e-02,4.2237217808605715e-01,6.8904050174543569e-02,3.2040177904901296e-02,5.3041607781334953e-02,5.3651823653298694e-02,8.1927832369272341e-02
1.8852838041899508e-01,7.9144277827571816e-02,4.5347407748481183e-01,6.6456998412185511e-02,2.4411804732223819e-02,4.6806787173642270e-02,4.8913250308420961e-02,7.0190721753329868e-02
1.7895399898187092e-01,3.4756415173257248e-02,4.0591751693070610e-01,7.8307189562259877e-02,3.1852280431351139e-02,5.9797126881943191e-02,1.5315759892490227e-01,2.6015805208356727e-02
1.4385014561981341e-01,8.0861686178845107e-02,3.8317312268286358e-01,8.2811254921544050e-02,5.2976917902691399e-02,1.0081764543927345e-01,4.7995094259561034e-02,6.7926179079606672e-02
1.4458574871464719e-01,8.6907065222412372e-02,3.6402765348901023e-01,6.3439393146760989e-02,2.6111731964877347e-02,4.5822021640732298e-02,1.6702179109678453e-01,8.4334304666853321e-02
1.3002747760758465e-01,6.5478082842472599e-02,3.6833448981071293e-01,7.5298501710478430e-02,3.5750903762508800e-02,7.7598017258723118e-02,1.5838802090449622e-01,5.5098570479069783e-02
1.1805313374875223e-01,7.0802683090365429e-02,3.5675489692379753e-01,7.6571284427858724e-02,3.6842446984601339e-02,8.0135767906659605e-02,1.5925799231049090e-01,6.7311960689514963e-02
1.1586472060264714e-01,7.4128974647788795e-02,3.4827556360565998e-01,7.5342210879406277e-02,4.1022145740409230e-02,8.5119494926872097e-02,1.5438271574312398e-01,7.0969258942241653e-02
1.3564953668543930e-01,5.5515340341445195e-02,3.7095516545805046e-01,8.2717428461232922e-02,3.7981989260639552e-02,7.0914344167871152e-02,1.5267234454415768e-01,6.0171685535648910e-02
1.2364104647640871e-01,7.2243775385865794e-02,3.5390545372735210e-01,7.3527229735256661e-02,4.3350528913976449e-02,8.6735432906755727e-02,1.4911279540441516e-01,6.2088548175853547e-02
1.6869670226525199e-01,4.8901540733912986e-02,3.9406922380929488e-01,7.1505515225735519e-02,3.3083013633162031e-02,7.1320365732805799e-02,1.5783571075851371e-01,2.1634271893453409e-02
1.5340238550192140e-01,1.0936430762432386e-01,3.9532436848512603e-01,6.5045451399927887e-02,3.2895776519026601e-02,6.4285860098246564e-02,6.3322286830398547e-02,9.4432932436142120e-02
1.9754154318650682e-01,7.8232416765882357e-02,4.5000168543101099e-01,6.4580764373222049e-02,2.7613117459520380e-02,4.8600957719028934e-02,4.8135427809148292e-02,6.3994859614432270e-02
1.2711980328363692e-01,8.8988085861380101e-02,3.4811154642850706e-01,8.4503220023834980e-02,6.4616896909326163e-02,1.1955378315895900e-01,4.7642320812235919e-02,7.7017661053381731e-02
1.4047237756634751e-01,6.1654894204704130e-02,3.7654167367244018e-01,7.3611381299120052e-02,3.6081550351066360e-02,7.6795018766911263e-02,1.5592030951643390e-01,4.4945991302397841e-02
1.2520469594755840e-01,6.8582145355136098e-02,3.6190072558451825e-01,7.5147587082772124e-02,3.7733213446325145e-02,8.0275348459832890e-02,1.5652649757952677e-01,6.0266203760425699e-02
1.1897854865818003e-01,6.9835487256752510e-02,3.3110244174050379e-01,8.3410292615734918e-02,5.2749701512335788e-02,9.1052708686828049e-02,1.4234307109018296e-01,7.3605557849718603e-02
1.2061130766902434e-01,7.4455220936089250e-02,3.4822138461778457e-01,7.3371134661660994e-02,4.5646227848662679e-02,8.9823244614896589e-02,1.4683188305460607e-01,6.5205640483122634e-02
1.7356566893233411e-01,1.0639695309555605e-01,3.9506690204070466e-01,6.3613813752571760e-02,3.9595619394829216e-02,6.6080926688801847e-02,5.7708750841171878e-02,7.6474480379762330e-02
1.5207873270188965e-01,7.7991238446784308e-02,3.9037013719194125e-01,8.1639526304740265e-02,5.6135510272265578e-02,1.0386180990164516e-01,4.3936807843734021e-02,5.3167145560276331e-02
1.5628420516041139e-01,5.6333714541940187e-02,3.8934790494123478e-01,7.0705005141653413e-02,3.7374851451959436e-02,7.6307268154028773e-02,1.5062730160724092e-01,2.8915741068707396e-02
1.6468458457504670e-01,7.2181936749489750e-02,4.0910838420169127e-01,8.0058881417432115e-02,5.2299718631540898e-02,9.7041278023934294e-02,4.2400818377980293e-02,4.2416705042601796e-02
1.1252022930065488e-01,1.2164588239971240e-01,2.9336945408324128e-01,6.1722906540697342e-02,4.3788473411748560e-02,6.8561090368236099e-02,1.5718628842005589e-01,1.2463760728813351e-01
1.1552063040077375e-01,7.6584810710085841e-02,3.4167187636241098e-01,7.4039187714505794e-02,4.5801842590717998e-02,9.0750717495585886e-02,1.4827945002441514e-01,7.1588995621217719e-02
1.2069386167076844e-01,7.1466950062240603e-02,3.5513021445601994e-01,7.5097971960472215e-02,3.9645575484729745e-02,8.2939283390913318e-02,1.5496153765748524e-01,6.5382662680132014e-02
1.5553141560152267e-01,7.5167869099237991e-02,4.0164045228759243e-01,8.1502583335619008e-02,4.9730049441814285e-02,9.4996840965592619e-02,4.6204080470784073e-02,5.6379650966945923e-02
1.3417219217283552e-01,1.2778874789261435e-01,3.1888671107173072e-01,7.3184969016776805e-02,5.3178625345209875e-02,8.3317186858949621e-02,6.5568231429888033e-02,1.2270758180715345e-01
1.2649640079356475e-01,6.7421046160412154e-02,3.6434984400581466e-01,7.5403494800929505e-02,3.6663494608149515e-02,7.8967020162231435e-02,1.5775899540575025e-01,5.8748864335211523e-02
1.7090167194515191e-01,4.8539280427738377e-02,3.9639227559350027e-01,7.0617504169640993e-02,3.3833958297988992e-02,7.1759515119866557e-02,1.5588964849096881e-01,1.9022753875920208e-02
1.4865764317406757e-01,1.0282288871257096e-01,3.5373657087816951e-01,5.6177240896745639e-02,3.5579359979665860e-02,5.6282425041118606e-02,1.5439295164093486e-01,7.4800844165710076e-02
1.1253121606983812e-01,1.2231943415419065e-01,2.9224772121757392e-01,6.2353538783267694e-02,4.6383144123392180e-02,7.0456091759839759e-02,1.5361864994327998e-01,1.2363970700187291e-01
8.2886259810779503e-02,1.3482660160167462e-01,2.4018178366931736e-01,6.7894560959604472e-02,6.3607419479617261e-02,9.2883547938994532e-02,1.4463738971888079e-01,1.5924855417035347e-01
1.0952378655778307e-01,1.2383746227843209e-01,2.8623205764081844e-01,6.2671684205177214e-02,4.6967030268611709e-02,7.1635280029507156e-02,1.5435147323921658e-01,1.2845260735267611e-01
1.3877102745520492e-01,1.0666505520033061e-01,3.4067143614844503e-01,5.7235423468270437e-02,3.5406091075747180e-02,5.8054753132887021e-02,1.5815939716698987e-01,8.7614916957734393e-02
8.4729311954110584e-02,9.2101931512587165e-02,2.8633053960299532e-01,7.3638830221915155e-02,6.7030029066702343e-02,1.2398086044166613e-01,1.3229422303412086e-01,1.0126737687941711e-01
1.2794578789861563e-01,1.1353431314283587e-01,3.2144028425043819e-01,5.9501300591595793e-02,3.9940507901854924e-02,6.2620866780496970e-02,1.5573388448026537e-01,1.0220100096839704e-01
1.1737156763107766e-01,7.6962695487000826e-02,3.4973954012058650e-01,7.1872362637011869e-02,5.7125719011321845e-02,1.0447480002805494e-01,1.2910887219583217e-01,5.4464868322793875e-02
1.8167612672492478e-01,9.9936956457594345e-02,4.1366522060323602e-01,6.0783554344071927e-02,3.4909128231705819e-02,6.2694353985356388e-02,5.6841711987790235e-02,6.7873612675786232e-02
1.2246670935451749e-01,1.1455707321026190e-01,3.1623489816458633e-01,5.9549416761174707e-02,3.7623453507575066e-02,6.2280425039323184e-02,1.6089205147933022e-01,1.0930077888892016e-01
1.0183545948110936e-01,8.5003660130711062e-02,3.1484968312881056e-01,7.3727156563223969e-02,5.5798274221722580e-02,1.0544632024185970e-01,1.4004229713151622e-01,8.5918703786265108e-02
1.0689610779454514e-01,1.2529540245229942e-01,2.8223916268751187e-01,6.3761720415058148e-02,5.0389897348802705e-02,7.4883552908162079e-02,1.5058407465177334e-01,1.2987081884152807e-01
8.4081579106492207e-02,8.9448893749437319e-02,2.9941962811121514e-01,7.3226460807409952e-02,7.0865198323605494e-02,1.2973197927445099e-01,1.2443904469414384e-01,8.9171621451581723e-02
1.4577181849053697e-01,6.3923086284753031e-02,3.8101594212111445e-01,7.0071204627876832e-02,4.4932317204232824e-02,8.5270481578312282e-02,1.3945897096714338e-01,3.3323852903894530e-02
8.4679899485521584e-02,1.3243038980491328e-01,2.5304052622919992e-01,6.8445521035663523e-02,6.3967785171462191e-02,9.2246334339063901e-02,1.4110221929474673e-01,1.5024534341235490e-01
1.0887323347183725e-01,1.2399259411862347e-01,2.8925955972770950e-01,6.4082948339894294e-02,5.1274159236769139e-02,7.4910265675918478e-02,1.4759228695284776e-01,1.2388260979658766e-01
9.9152914353397875e-02,1.3285154610770950e-01,2.1106775046125470e-01,8.0599754092710654e-02,1.0170214923091822e-01,1.0643420321330263e-01,7.9966396620242811e-02,1.9156253360625594e-01
1.3856284417089984e-01,1.0387422000345677e-01,3.2502336908050916e-01,7.1140075671205907e-02,4.7162890915267215e-02,6.0137828084806333e-02,1.4741101980333188e-01,8.8241897147783840e-02
1.3501714258067130e-01,5.4322158286245842e-02,3.7787993060065883e-01,7.8014522152774643e-02,3.6096859462228924e-02,9.0092956429524987e-02,1.4437982704465344e-01,4.5713883570923236e-02
1.1582350188922472e-01,6.2837493076028761e-02,3.3019660500092918e-01,8.9689149384453007e-02,5.3194218578170582e-02,1.0565923447874796e-01,1.3286365728669178e-01,6.7138897077494930e-02
1.7544898541686718e-01,8.8227253237649961e-02,4.2837493009126976e-01,6.5916150333328830e-02,2.5909762524519854e-02,6.6969179520482189e-02,5.4568352728936939e-02,6.9580737338319473e-02
1.3588601088227889e-01,9.5428396506434851e-02,3.5496033089693574e-01,6.1617440298269203e-02,2.5598229372463893e-02,6.2156523371935286e-02,1.5996950812760746e-01,8.2556508375384210e-02
2.1449125687334913e-01,5.6696753034354744e-02,4.9044605924288054e-01,6.8196435203146250e-02,1.1418198806867456e-02,4.2358390262141186e-02,3.7309615458532813e-02,5.1623052815547535e-02
2.2885837130646763e-01,4.9334650447856371e-02,4.7908866000378342e-01,6.3290583770118536e-02,1.9475353979601883e-02,5.1818531280152139e-02,3.9538455977411305e-02,4.5732819796137331e-02
7.8886871075225046e-02,8.6354678670353735e-02,2.8129972144352250e-01,7.9913187596374002e-02,7.0599078157794537e-02,1.4429531035106063e-01,1.1981270057773218e-01,9.3943859283934839e-02
1.4170114241666160e-01,9.2375255238948559e-02,3.5509388333070752e-01,6.2308243819636580e-02,2.8876404314767679e-02,6.4393006923312804e-02,1.5477173201089467e-01,7.9307496322950102e-02
2.8600843376704238e-01,1.9548176367052256e-03,4.0730173235032757e-01,1.3246289150382146e-01,1.4537244834471828e-02,3.0322939417204618e-02,3.3260214036954498e-02,5.3723165013961779e-02
9.7220960826881225e-02,8.0163921670921748e-02,3.1020230011618660e-01,7.9409844360872964e-02,5.6925222569171097e-02,1.2103540558881785e-01,1.2983862400865107e-01,8.2024954946542300e-02
7.7667035668987833e-02,8.7601911831504758e-02,2.7716994887218810e-01,7.9789376617116770e-02,7.1182730243007281e-02,1.4520975596589877e-01,1.2004706797002024e-01,9.6424654946657348e-02
1.2944185294680735e-01,5.2289113594925885e-02,3.9405911722399856e-01,8.6125019063804376e-02,1.8362670258693658e-02,6.7661014092983279e-02,1.6900606191018272e-01,4.5664085725005410e-02
1.0143010253097577e-01,7.9597532661836348e-02,3.2009400205949079e-01,7.9254849482431486e-02,4.9643068023509013e-02,1.0958177817394438e-01,1.3729381565954202e-01,8.1098004642395277e-02
1.1757081314699194e-01,6.4698712484187224e-02,3.7115524289062951e-01,8.0743067487912948e-02,3.0562915281490573e-02,8.3092046469724373e-02,1.5409193057526852e-01,5.9355922255037871e-02
1.1477803398593818e-01,6.9410348408498135e-02,3.4831630815282394e-01,7.9021663488702112e-02,4.2072045270553318e-02,9.8465856036131685e-02,1.4172116910920726e-01,6.5778614039616698e-02
1.1052667708776012e-01,7.2684583284233800e-02,3.4203748214352958e-01,7.9236404753405112e-02,4.2712913578090303e-02,9.9415856621189444e-02,1.4217072569874925e-01,7.0514326360182497e-02
1.9217659342479843e-01,3.3348067718211312e-02,4.7773784542533199e-01,9.2456757277086021e-02,2.6481390700235009e-02,6.3764716163735261e-02,3.3878307406102030e-02,4.3847995535351333e-02
1.6440991947100148e-01,5.6240442215556276e-02,4.3398243481734600e-01,8.6494708352272159e-02,3.6630725180873909e-02,9.0701529120123886e-02,4.3006586355159845e-02,4.8488145043265367e-02
1.6652657174060484e-01,7.1429469728778602e-02,3.9072014165329055e-01,5.6676899855390948e-02,1.8196268515390038e-02,5.8091774174339937e-02,1.6567203835200436e-01,5.1564427760269739e-02
1.3571104753132057e-01,1.1897741781654914e-01,3.4968212676494276e-01,7.4249786632332393e-02,3.9570354010268198e-02,8.0708803263070214e-02,6.0634063220229080e-02,1.1427393514840366e-01
1.0921624595820374e-01,1.1804491546030091e-01,2.8834825194576386e-01,6.8211219084837280e-02,4.3996178680668442e-02,8.0604458851755573e-02,1.4798162295385056e-01,1.2201212011626740e-01
1.0588227511146218e-01,1.2112256109948533e-01,2.8065307323378386e-01,6.8217297872243163e-02,4.4744156610504689e-02,8.1681118255796756e-02,1.4874420105910760e-01,1.2727848483211779e-01
7.1972156675014137e-02,1.3548813245483796e-01,2.0854975914383689e-01,7.5837455272918963e-02,7.1811739077920919e-02,1.1760580922630162e-01,1.3282430752219965e-01,1.6757457345254298e-01
9.8011752876276045e-02,7.7098947179208607e-02,2.9385829753173298e-01,9.0513575748024239e-02,5.8841479574022679e-02,1.1447387121617135e-01,1.3415244917390740e-01,8.9135321641741552e-02
1.2581303239724495e-01,8.2941196668846459e-02,3.6537801796308644e-01,8.9685571253689270e-02,5.0839987248347152e-02,1.1252318081619084e-01,4.6115176823785166e-02,8.2068141984575557e-02
1.3968205200230299e-01,5.0726596046962100e-02,3.8516755834737726e-01,7.8039661152423181e-02,3.2748720792062487e-02,8.5728425782015491e-02,1.4819774519018958e-01,4.2087522465223626e-02
1.1282797066712368e-01,7.0305674757002751e-02,3.5266216602565587e-01,7.9627373263522372e-02,3.7947310085515093e-02,9.2822658027221797e-02,1.4683866850885952e-01,6.7050583375926245e-02
1.0996534850714196e-01,7.2930460761341590e-02,3.3682654663335726e-01,7.9056512713062382e-02,4.6392916961192236e-02,1.0471008840570420e-01,1.3805738867289447e-01,7.0768170824000776e-02
9.9137791119555882e-02,7.9792358019445259e-02,3.1350311794551172e-01,7.9299650533438709e-02,5.4621825850791630e-02,1.1731183579815288e-01,1.3208567327478071e-01,8.1447055612361569e-02
1.5582729022972572e-01,1.0274044480450149e-01,3.9708112000407836e-01,6.9823435271635689e-02,3.1115088652668377e-02,7.1558267331428019e-02,5.7321341363725770e-02,8.8930971685187196e-02
1.5169257112890647e-01,6.2286344012310056e-02,4.5249109627695999e-01,9.1884247853646739e-02,2.5495209222049852e-02,7.4104278889224620e-02,4.6422051706647129e-02,5.5423213509437200e-02
1.9034754052469682e-01,7.1916110522743423e-02,4.5546067356907938e-01,7.0076130982320003e-02,2.2668982864411578e-02,5.3663823954682228e-02,4.6023796413335122e-02,6.5630746062507725e-02
1.5106451346787927e-01,6.3448224322678368e-02,4.4170450959022622e-01,8.9631883333598117e-02,3.0059648780326756e-02,8.1097301500957286e-02,4.5932587568835934e-02,5.6738596844021279e-02
1.5291949101053712e-01,1.0121259258318427e-01,3.7238488141516624e-01,8.0815734745781048e-02,3.8603518374815279e-02,7.0675328110663849e-02,5.5002856933759718e-02,1.0253214522097316e-01
1.3481052943523270e-01,5.0010402058163123e-02,3.9406481933740911e-01,8.3667217251741921e-02,2.0753256935654035e-02,7.0779277927510043e-02,1.6554035344743545e-01,4.3488214884152623e-02
1.3138174106537109e-01,9.6304250457234883e-02,3.6058101337508547e-01,6.1283244308027056e-02,2.1661772717838777e-02,5.9375345469476634e-02,1.6493250064705300e-01,8.1882285146331973e-02
1.3518139617118985e-01,9.3257523108952758e-02,3.2727119480832767e-01,7.4843170608317217e-02,3.8091001752575966e-02,6.5771626783336548e-02,1.4944146531028388e-01,9.4120621195034476e-02
1.1761185036468839e-01,1.2167350257246938e-01,2.6849629235476202e-01,9.6996180436151852e-02,6.4471529816481146e-02,1.0522348810828805e-01,6.3724541684427594e-02,1.3407797637573435e-01
1.1404257290245962e-01,6.9940608683889280e-02,3.4831428005596959e-01,7.9123375198058205e-02,4.1403662943943265e-02,9.7540960077057204e-02,1.4269888068918118e-01,6.6574309187650046e-02
1.1279004214564525e-01,7.0342102975738285e-02,3.5254648855535065e-01,7.9624253677645765e-02,3.7988874809306010e-02,9.2879181308004710e-02,1.4680184416496908e-01,6.7102037461777328e-02
1.8755289687779539e-01,3.5972638059618214e-02,4.6981585914999136e-01,9.2047209710277925e-02,2.9573764162287387e-02,6.8910451073236734e-02,3.4715633719325005e-02,4.4498391779880603e-02
1.3982795626453343e-01,4.7068704645784491e-02,3.9512020916051016e-01,8.3396878622671478e-02,2.0629825495082639e-02,7.0660396771330236e-02,1.6586433540441961e-01,4.0904162908466817e-02
1.2955640111040506e-01,9.7515435869615100e-02,3.5914650672896109e-01,6.1472021214544433e-02,2.1663916686077596e-02,5.9378356653937578e-02,1.6519014076910205e-01,8.3368040632147672e-02
6.9159789265701321e-02,1.2919992357035948e-01,2.2574986081018245e-01,7.9112900730044095e-02,7.5096158506568686e-02,1.2123230918643464e-01,1.2499256863276913e-01,1.5856012560330976e-01
1.4552794040293773e-01,6.7914334777710375e-02,4.2498496700314320e-01,8.8797806330676160e-02,3.5213991718105353e-02,8.8781937438569977e-02,4.5802946140660876e-02,6.1784136537874734e-02
1.2148020796999183e-01,1.0780050270534597e-01,3.2757414009657465e-01,6.3903389739819086e-02,3.1003667069369127e-02,6.7052717841217760e-02,1.5756807993637123e-01,1.0147676155635978e-01
8.6109577266620455e-02,8.6877433460417125e-02,2.8673532198794993e-01,7.9439608817481466e-02,6.3793419620879074e-02,1.3226537780968878e-01,1.2655242359123356e-01,9.4124700802745889e-02
8.7192709561803916e-02,8.4495901796686090e-02,2.9230781496631641e-01,7.9660611551850932e-02,6.4286144753089414e-02,1.3327757774869090e-01,1.2473086867407418e-01,8.9829853758738795e-02
1.6493571085758332e-01,6.7353494530815586e-02,3.8328397594842722e-01,6.2373288324755652e-02,8.3013169947665274e-03,5.6048220002651999e-02,1.8511260071754740e-01,4.4938173950856773e-02
1.3376813050821396e-01,1.2052198591371979e-01,3.3179140680511482e-01,7.6590152804144315e-02,4.4937041953162768e-02,8.6879345486557444e-02,6.0687203055420934e-02,1.1881434449363093e-01
1.9935793414667993e-01,3.7572652351900292e-02,4.5725933943653768e-01,8.6947187502206966e-02,2.7522424728685123e-02,7.6082861213881206e-02,4.2217376334097750e-02,3.6324258050792327e-02
1.1926358311600430e-01,6.4691194904732255e-02,3.6658819140752863e-01,7.9811263143355127e-02,3.3690468485713387e-02,8.7114429901660198e-02,1.5031820172342644e-01,5.9528248712324358e-02
1.4620121166406241e-01,6.6607951792410455e-02,4.3612322018384542e-01,8.9741052890671635e-02,3.1258093268527277e-02,8.2935494123049139e-02,4.6317363254322001e-02,6.0048521517643644e-02
7.7533121555258308e-02,1.2327030583218854e-01,2.5351627838231477e-01,7.8652989698821146e-02,6.7860075197407194e-02,1.1161202755426677e-01,1.2739938226176534e-01,1.4177610659262052e-01
8.1751225026018726e-02,8.5662051386961882e-02,2.8518464054183407e-01,7.9852708277505249e-02,6.8512755782199355e-02,1.4063086354873874e-01,1.2134851306261060e-01,9.2354039205902350e-02
1.3406220469269800e-01,9.8356421160171320e-02,3.3933555155597200e-01,6.4913865471617968e-02,3.4325442713137512e-02,6.9231072705568594e-02,1.4990368002450885e-01,8.8697867496615013e-02
8.9905880723328793e-02,7.8403823457969521e-02,3.1854058489127296e-01,6.5383971949293060e-02,5.8963422322309222e-02,1.1578732037995580e-01,1.4660109916811803e-01,8.4738202481642433e-02
1.0849136043007557e-01,6.6925896540077787e-02,3.5833714862454946e-01,6.7332066886355790e-02,4.3666767964441855e-02,9.4145445324212790e-02,1.5688144805881465e-01,6.5163028536085410e-02
1.0643824178119750e-01,6.8735486271479920e-02,3.5132219444551632e-01,6.6625856537052178e-02,4.6403463578047442e-02,9.8648291219798762e-02,1.5404559918938260e-01,6.8076843766743611e-02
9.8356880030479529e-02,1.1413103879993189e-01,2.8961031155893074e-01,5.6341483387833437e-02,5.1883211208616997e-02,8.8129149703545878e-02,1.5540949328573889e-01,1.2644686118325588e-01
7.5684023822840049e-02,1.0768727641670278e-01,2.8769312387033080e-01,6.3960262359218853e-02,7.0391632166412837e-02,1.1495225861462405e-01,1.2953251455751738e-01,1.3757657452855168e-01
1.2621755153352010e-01,1.1762673904368684e-01,3.2341981006655712e-01,6.6234894860832977e-02,5.1364522571883710e-02,9.2565200564767150e-02,7.5826281533873510e-02,1.2186688400540108e-01
8.6065377758165959e-02,7.9860038206860134e-02,3.0985560408309115e-01,6.4779603720240289e-02,6.2726111500376408e-02,1.2271162345281367e-01,1.4351322874858247e-01,8.8142024291871818e-02
1.0863379507960400e-01,1.0683986006987289e-01,3.1290666204985745e-01,5.6780561440869036e-02,4.4892185601890823e-02,8.2838934519610524e-02,1.5491350690512326e-01,1.1250737097487591e-01
1.5193486981138643e-01,4.3450337315000087e-02,4.0071753682523575e-01,6.5835964938663102e-02,2.5072534424391370e-02,7.9414211104213761e-02,1.6320253207043603e-01,3.4094254103947556e-02
9.8743271589700116e-02,7.3086753900011223e-02,3.4119480813704267e-01,6.6804477396736187e-02,5.0223730293178913e-02,1.0183740366642809e-01,1.5327313310606788e-01,7.4750842785014884e-02
1.0540199231088170e-01,6.9574521652027918e-02,3.4743777474350823e-01,6.6228221307983587e-02,4.7959514268214216e-02,1.0147843913793717e-01,1.5230770918264597e-01,6.9507405045648660e-02
1.2409159166044188e-01,9.6174856730406266e-02,3.5915090712823483e-01,5.0616622292216154e-02,2.8864739953546999e-02,6.0663840133313433e-02,1.7445203725027342e-01,8.4628378483930733e-02
1.7779492537046493e-01,8.4249021089164919e-02,4.3738789631242153e-01,6.7329848979954976e-02,2.2678870612860613e-02,5.9817584526901890e-02,5.7897815616710341e-02,5.9699064437008689e-02
1.1607930185598159e-01,6.3293292015160776e-02,3.6370761861031625e-01,6.6438461970120627e-02,4.1590509337803366e-02,9.4406293985403705e-02,1.5539450684246153e-01,5.9960985819312460e-02
1.8278185423257765e-01,3.7346014483834872e-02,4.7317856458124902e-01,8.4945248182720992e-02,2.9326462267469711e-02,6.2929219576981998e-02,4.5621864300788025e-02,4.8125084677475997e-02
1.0645797990031683e-01,6.8493543462931197e-02,3.4407917741393246e-01,6.5077107820248836e-02,5.0333776828832909e-02,1.0970602342918070e-01,1.4647687398718129e-01,6.8007003130139854e-02
6.6887479707327002e-02,8.0208112705141027e-02,2.8801002638281142e-01,6.2433109664046492e-02,7.8223364854934432e-02,1.5505877523895850e-01,1.2946742278245768e-01,9.5590745160162999e-02
1.6600540035923583e-01,9.1440444278614350e-02,4.2790431691732489e-01,5.6563077966562347e-02,2.6750778683630762e-02,6.4814510732235098e-02,6.7966487553754479e-02,7.4035137398719114e-02
1.0067868147901785e-01,7.0859078944308790e-02,3.5161979087735729e-01,6.7982468746576361e-02,4.6385308894143454e-02,9.5262478290515609e-02,1.5727901534313771e-01,7.0702246138872174e-02
9.3124585725909023e-02,1.1873746450598517e-01,2.7691839189198070e-01,5.5651804257191087e-02,5.5256264125872596e-02,8.9492669799901017e-02,1.5685091171806848e-01,1.3406349677879095e-01
8.3806482123109080e-02,8.1205813419961803e-02,3.0579855155746999e-01,6.4747033564140966e-02,6.4104177400486587e-02,1.2397657057687231e-01,1.4336558135813068e-01,9.0588109386077073e-02
8.3620389092467370e-02,7.9714952599570219e-02,3.0567584327792258e-01,6.4241935485011059e-02,6.5382568463967478e-02,1.2913993136596791e-01,1.4038127716386214e-01,8.8904336083051927e-02
1.2164488136926424e-01,9.9074707944807647e-02,3.5087203832636221e-01,5.0919541707516884e-02,3.1357325044718956e-02,6.2624126255609411e-02,1.7230138866237987e-01,9.0027167176932640e-02
6.5571482450464694e-02,1.1900817144646381e-01,2.3559888315233912e-01,6.1011799748863130e-02,8.3256106393556281e-02,1.2692193549671427e-01,1.3202467386904521e-01,1.6453892335872791e-01
2.0038884950893673e-01,6.6462017513387692e-02,4.5938054993763278e-01,5.9319167560715660e-02,2.0942789676889818e-02,5.1492876754207245e-02,5.8765526889660559e-02,6.0643931077727420e-02
8.6546592863643787e-02,7.8852471102753924e-02,3.1059442362767514e-01,6.4527696799112952e-02,6.3054554216140840e-02,1.2499646241287370e-01,1.4203017463155174e-01,8.6782721141891034e-02
8.9060226457771535e-02,7.3514363643924788e-02,3.2146398252075176e-01,6.4108318805727496e-02,6.2232271067249531e-02,1.3092267905095190e-01,1.3717501091896384e-01,7.8090202522061281e-02
1.2208328463561638e-01,7.8140176596268124e-02,3.8242998558221070e-01,7.7519125173815970e-02,5.3316420851156440e-02,1.0773798671289747e-01,5.7802301314062360e-02,7.7982995877228636e-02
1.3414159911262921e-01,9.5760138024894900e-02,3.4842648068010962e-01,5.2256708262017143e-02,3.0543813400539913e-02,6.5621626172909675e-02,1.6404411788658621e-01,8.9006688766409700e-02
1.4124855912905898e-01,1.0771706562489555e-01,3.8164652323756754e-01,6.0382067147056448e-02,3.9132136864090256e-02,7.4868734264750256e-02,7.0808229335023745e-02,9.9378924285085005e-02
1.2640178651967512e-01,9.5973955559784455e-02,3.5756594170169631e-01,5.0490961664576305e-02,2.8955307389982535e-02,6.1052641246353886e-02,1.7325762291209892e-01,8.5186723762850705e-02
7.3927601396566830e-02,1.3291675200886449e-01,2.1284257740985799e-01,7.5853873988105433e-02,8.5694009169741001e-02,1.4183093453843526e-01,8.3663072300849697e-02,1.7149042350361046e-01
1.2743045476662337e-01,7.5570432133039336e-02,3.8021709905680645e-01,7.6892759351439327e-02,5.2783093070134318e-02,1.1091132227390074e-01,5.8141979605782226e-02,7.4561111282679671e-02
1.8281356126303258e-01,4.6547868871800464e-02,4.5284171522755351e-01,7.5504061700617034e-02,2.7366351054143357e-02,8.0576291355784618e-02,5.7132848937490904e-02,3.9650333802798358e-02
9.1407371796353151e-02,1.1964339518721483e-01,2.7345641241495955e-01,5.5749600612642919e-02,5.6447630329832008e-02,9.0775659370697953e-02,1.5653060436808328e-01,1.3614719421685337e-01
1.0935529876415431e-01,1.1006807122958767e-01,3.1459268251715439e-01,5.2925841606931888e-02,4.2367560112874653e-02,7.3254462246148580e-02,1.6462976921232564e-01,1.1204914244027828e-01
1.0915800620680248e-01,1.0897687719532911e-01,3.0834798231275434e-01,5.5379206467515193e-02,4.5021938852216552e-02,8.0505562299463346e-02,1.5778069186330709e-01,1.1479429268948378e-01
1.0892151609271046e-01,8.0030886866918977e-02,3.2802949074317850e-01,8.8251025369637665e-02,7.0519736046690165e-02,1.2495381426300374e-01,5.7991261918039959e-02,9.4818967932263368e-02
2.9727492181753751e-01,3.4336719285025366e-02,3.9278760244336791e-01,7.9389975712884045e-02,1.8113319726842235e-02,5.0863148159391879e-02,3.9039171442655604e-02,5.2314910577569845e-02
1.0842476037615706e-01,8.5857909215296957e-02,3.4372024719372213e-01,7.7411549289369941e-02,6.4062311098363398e-02,1.2503142099709941e-01,5.8916093071917496e-02,9.1313394431481426e-02
1.4603491150225517e-01,6.4652351704681990e-02,4.2167236836102773e-01,7.7002947849441700e-02,4.0664372799122786e-02,9.2890782522137533e-02,5.7215444831767243e-02,5.9339128896692198e-02
2.1159879595420678e-01,6.0095542410115887e-02,4.7102467692589850e-01,5.7500599592849332e-02,1.7646987450532139e-02,4.8890734095873967e-02,5.6049540045883348e-02,5.4655695834026054e-02
1.3703109538241640e-01,1.1183933938359944e-01,3.5710663098546813e-01,6.2545136008338123e-02,4.3789015637704390e-02,8.1402201576210476e-02,7.2895190336539614e-02,1.0861255551978430e-01
1.2386225509081220e-01,9.3278573495722078e-02,3.6878697791721421e-01,5.0810209415512043e-02,2.6277752551563980e-02,5.8639893908567886e-02,1.7803203472322393e-01,7.8355995497377831e-02
1.3195226178998895e-01,1.1321681710646712e-01,3.6693800528654247e-01,6.1442600295510123e-02,4.3593826894430192e-02,7.8351563396811583e-02,7.1337972939740438e-02,1.0810531704091902e-01
1.3577642581175911e-01,7.1071919541795106e-02,3.8989616749257600e-01,7.6447320350468168e-02,4.9192561055036263e-02,1.0845848014960115e-01,5.8112276364593332e-02,6.7858864221754106e-02
1.1827717681266467e-01,1.0487476008010793e-01,3.2723599687049737e-01,5.2566439835713505e-02,3.7966883635633691e-02,7.0208383117425013e-02,1.6477081221215376e-01,1.0351960839475767e-01
1.0935856243835147e-01,7.7083123553066346e-02,3.3852778224218405e-01,7.8298655723858052e-02,6.5522817587210194e-02,1.4482286513993972e-01,6.0518370570687617e-02,7.7585429123137248e-02
1.0073775316146827e-01,7.1830114831142738e-02,3.4492250989637024e-01,6.6923286532367801e-02,4.8823292754230113e-02,1.0014393123649298e-01,1.5402582962887026e-01,7.2719455589002543e-02
1.4397980576216021e-01,8.9507377296274532e-02,3.6454064444885298e-01,5.0251102463618282e-02,2.4814460388775619e-02,6.0137462270199275e-02,1.6849071699865534e-01,7.8131482088570847e-02
1.9502474638394851e-01,6.6891647157535303e-02,4.6817352776418703e-01,5.9566834143840286e-02,2.1182196910050789e-02,4.9350165393034051e-02,5.5270892832077957e-02,6.1035821430000095e-02
1.4133650995148492e-01,4.3550397591057978e-02,3.8312395630639884e-01,7.4461651668490836e-02,3.6679571504171615e-02,8.2758661509638898e-02,1.5354260034953779e-01,4.6329316065510551e-02
2.5369440277824745e-01,1.7516128862707581e-02,4.4278387260348201e-01,9.5384735659412648e-02,2.0368978039086393e-02,4.5331723336162422e-02,3.7816714705205846e-02,5.3250880637693551e-02
1.6845311683535147e-01,4.6085127861310464e-02,4.4442118357732191e-01,8.3157546963447709e-02,3.7413968757808065e-02,7.9241373700317946e-02,5.0368671072263733e-02,5.2304463279456224e-02
1.0781722900266853e-01,6.8221369704779114e-02,3.5054400225573634e-01,6.6151719512978047e-02,4.6803888711660031e-02,1.0059146394642604e-01,1.5244948333482372e-01,6.7413108445398717e-02
1.7912049857696527e-01,4.1961462131868327e-02,4.4040450923637636e-01,8.2158857080686584e-02,3.5819690942826325e-02,8.4010617961012349e-02,5.2258381857499606e-02,4.4802238307322863e-02
1.4929308391878651e-01,8.6693111436772857e-02,3.7022390011767214e-01,5.0027817390318780e-02,2.2645591731140832e-02,5.8884988578698852e-02,1.6828541712925907e-01,7.3961799125683930e-02
1.4277375391617789e-01,1.0009490757567344e-01,3.8124883796496600e-01,6.8775183156349368e-02,4.3812662681035133e-02,6.9256868586760945e-02,6.5947045685827987e-02,1.0317228777198012e-01
1.1889804547728333e-01,8.0202240364510721e-02,3.6969054100687748e-01,7.7318258650634047e-02,5.6590168004085305e-02,1.1372639226164617e-01,5.8198265065103005e-02,8.1539201154205446e-02
2.1970902932197664e-01,5.5776409170699655e-02,4.7713431215649021e-01,5.6892895902359644e-02,1.5888766486469658e-02,4.7095790968264904e-02,5.2793279068169989e-02,5.1608418798682741e-02
1.3955281193614341e-01,5.0800430934735519e-02,3.8824348561504762e-01,6.4981025087197580e-02,3.2206246749166202e-02,8.9286619261163713e-02,1.5491128225831535e-01,4.1488078894366391e-02
7.5342070129091665e-02,8.0395037625016513e-02,2.9554412119381379e-01,6.3342431649084208e-02,7.1841182378346122e-02,1.4230548619870761e-01,1.3486063724291864e-01,9.2606524876221702e-02
1.3096380406650099e-01,1.1404550535949033e-01,3.6307030906196197e-01,6.1706351569123317e-02,4.4435319763623547e-02,7.9326191287549017e-02,7.1603312407477984e-02,1.0978766586354001e-01
1.3724359287541066e-01,6.9584734959014627e-02,4.0794052388576529e-01,7.7129278222978617e-02,4.5167144593330828e-02,9.8282247025366934e-02,5.7416414911660545e-02,6.5743815591524188e-02
1.1229284284859731e-01,1.0434571217519367e-01,3.2095135672934100e-01,5.6886200636089554e-02,4.2427230961270691e-02,8.0886312616560735e-02,1.5483846600464474e-01,1.0767234285540955e-01
7.4487137809799348e-02,1.2435842335348661e-01,2.4363488077773163e-01,5.7701843136791393e-02,6.9299489225506383e-02,1.0846647270070467e-01,1.4960905609867611e-01,1.5449237945033598e-01
1.1267034731208452e-01,6.2131327233565993e-02,3.7420241396920584e-01,6.9655574557168351e-02,3.7326830052044929e-02,8.4391793373608165e-02,1.6394568161683426e-01,5.8029146060529363e-02
1.1054052734387965e-01,1.0891779721986791e-01,3.1977669118792218e-01,5.2554428004000044e-02,4.0842768451370630e-02,7.1355381275230459e-02,1.6597560237918874e-01,1.0917228917804501e-01
1.2434040289927496e-01,9.1350004835990234e-02,3.7381112293057150e-01,5.1099896388561279e-02,2.4730781360835875e-02,5.7686643060713173e-02,1.8005191141026378e-01,7.4560394722474915e-02
1.2112402566462362e-01,9.8003858734951738e-02,3.5555857272912961e-01,5.0867020575301881e-02,3.0222953371687167e-02,6.1477023344164251e-02,1.7398139363047230e-01,8.7355234126991060e-02
1.1546687166687888e-01,6.3711169019155287e-02,3.6242666062358669e-01,6.6349544688819637e-02,4.2122053479041903e-02,9.5203233920286623e-02,1.5489864837109626e-01,6.0567088389832005e-02
1.2996887394284956e-01,1.1561500897459685e-01,3.3083315884541759e-01,6.5752690505035377e-02,4.9235690108259948e-02,9.0316878230378983e-02,7.5446615768159697e-02,1.1799451963839619e-01
9.9235357148093561e-02,1.1647864273181795e-01,2.9117408114552623e-01,5.4213556777563156e-02,4.9956753535755662e-02,8.1498371778563353e-02,1.6097624282170717e-01,1.2596513007858737e-01
1.1633237985489688e-01,1.0618175898389796e-01,3.2073996880922856e-01,5.3484220610503029e-02,4.0104201321669836e-02,7.3381267170584810e-02,1.6219100623710572e-01,1.0718116007260328e-01
1.3579780270170630e-01,8.4597235800566759e-02,3.6160061172341945e-01,5.8330967809732355e-02,3.1177710708959572e-02,5.4407911270968279e-02,1.6864696775902785e-01,8.4607531887251439e-02
1.6800006488040689e-01,6.2693825273964415e-02,4.0315153030727341e-01,5.3588393397905984e-02,1.6696719521405227e-02,4.4782683322469971e-02,1.7410589180726929e-01,5.7039503810020716e-02
1.0118197819167925e-01,7.1886430977272264e-02,3.4265763922947862e-01,6.6470965488193270e-02,4.9704118898940039e-02,1.0237457514134134e-01,1.5249969310674683e-01,7.3045874355512519e-02
1.5611364931064675e-01,7.8993266550665006e-02,3.8608493515207293e-01,4.7748055894598310e-02,1.7122985718914036e-02,5.4747032483657872e-02,1.7716061004533792e-01,6.1656033517244802e-02
1.1251276024863431e-01,1.0680733709805743e-01,3.2826348181484782e-01,5.2056420587422686e-02,3.8392068612145801e-02,6.8610418662503350e-02,1.6799289441837226e-01,1.0435012316816382e-01
1.8316243708244354e-01,6.9534649254378120e-02,4.8005448039501586e-01,6.4458624184467517e-02,2.1878809941579782e-02,4.4449757518036440e-02,4.7242472397754677e-02,6.1996839342878036e-02
9.9651848924267261e-02,7.2124421527264990e-02,3.4593565404378368e-01,6.7318833404828873e-02,4.8464078067705016e-02,9.8745763776763446e-02,1.5511527237456732e-01,7.2958748676657484e-02
1.4716740441221651e-01,3.5178381452526927e-02,4.0747714061277884e-01,7.7078743656965959e-02,2.7540094423782129e-02,6.3948751922177152e-02,1.6428179568353615e-01,4.3014181579004503e-02
1.3348986474911234e-01,5.1960971567272925e-02,3.8865413481362548e-01,6.7979782844608011e-02,3.0428849838108327e-02,8.0853738568715389e-02,1.6461854151801925e-01,4.5287368015178804e-02
1.2396329872209678e-01,5.5691133665499194e-02,3.8477454314669457e-01,6.9823684070872999e-02,3.2206536083457533e-02,7.9990299172451124e-02,1.6673009070230468e-01,5.0028604513714797e-02
1.4375895913922770e-01,7.9205380751142349e-02,3.7354977591802618e-01,5.7148322918937976e-02,2.7268798739331031e-02,5.1521575540947905e-02,1.6977597787623658e-01,7.7213470839696277e-02
1.4948712513848847e-01,6.3043963194636718e-02,4.2339243353432032e-01,7.6636830618141277e-02,3.9688862840967391e-02,9.2724727889888198e-02,5.7282290738972806e-02,5.7298927821004368e-02
1.4275227765895757e-01,6.0871001267803294e-02,4.1681305187827344e-01,8.3604412518626395e-02,3.6941625384324758e-02,9.7157423846756685e-02,5.4341754266520451e-02,6.8113889019984775e-02
1.1985616800379381e-01,5.6771038642289273e-02,3.4705062480038118e-01,7.3350718213854679e-02,4.0812701594691463e-02,1.0053125140860389e-01,1.5410969269877017e-01,6.9159097127807628e-02
2.1830054985796243e-01,2.5616160692902248e-02,4.8469568604104779e-01,8.5479181021794109e-02,2.4476841547893275e-02,5.8567880736536654e-02,3.4503286208092121e-02,3.9332463259441751e-02
1.3560912128281735e-01,9.0612458146613936e-02,3.3068896116768404e-01,5.7211661034948007e-02,3.2593301135473360e-02,7.1269783783691365e-02,1.6445445897074554e-01,9.7518016726792028e-02
1.4507747956094197e-01,6.3732297041950742e-02,3.8067753422904171e-01,8.2618686429538638e-02,4.9551137220784719e-02,1.1139058319281595e-01,5.2044679439362536e-02,7.3434296440957544e-02
1.8439026211581375e-01,7.9673461865174711e-02,4.4952040349157141e-01,5.8809693569220063e-02,1.9399777551190853e-02,6.4456682420466802e-02,5.8821764092146650e-02,6.2628562065521073e-02
2.2975018136871336e-01,5.5415250557253388e-02,4.7841308588731002e-01,5.8681105550876522e-02,1.9463286795914556e-02,4.8061248669249768e-02,4.3549482151179084e-02,4.9374429370736078e-02
1.0017175575120113e-01,6.6570783481233464e-02,2.8198875405079088e-01,7.2509963326188726e-02,6.5045458488955335e-02,1.3552099925326389e-01,1.3835204833806836e-01,9.6246733821199471e-02
1.2093973596938008e-01,9.7030480889086348e-02,3.0637170092607136e-01,5.8681379305243836e-02,3.6601828348705595e-02,7.9091565210012621e-02,1.6596155150405756e-01,1.1384387752355976e-01
1.8624075850992697e-01,3.7983067704438926e-02,4.4783915209822900e-01,8.6626469466048392e-02,3.7064349521950382e-02,7.9398201665238977e-02,4.1062910406437073e-02,4.9079954265183995e-02
1.9477294265238509e-01,4.4475738227847339e-02,4.5835603116647694e-01,8.4203151929626394e-02,2.4755036564864212e-02,7.1937631663561263e-02,4.6836894948816030e-02,4.2499516249240164e-02
1.4253752693428487e-01,7.3741318536802783e-02,3.6353709249070615e-01,6.2606150198971353e-02,2.4347687785533711e-02,5.9306600689818072e-02,1.6833770920167362e-01,8.5298330110307116e-02
1.9383129201317553e-01,3.6017812353176339e-02,4.4981997211078378e-01,8.5886268993195514e-02,3.7880030672773533e-02,7.8402264362688309e-02,3.9494789081985088e-02,4.4628636442437114e-02
1.8087821864630554e-01,6.1388796599711061e-02,3.9079926738879794e-01,5.8695004452335976e-02,2.2994831064998288e-02,4.8371128783459678e-02,1.6066944740823802e-01,6.0110340984851462e-02
1.8146105834812043e-01,4.7651746222039063e-02,4.5804159985500997e-01,8.5180642988074332e-02,2.4563629800508986e-02,7.4263612467240905e-02,4.8804899297493563e-02,4.6403871333807738e-02
9.1465950874749680e-02,1.0456105780472806e-01,2.1108568149915530e-01,6.9997638977144741e-02,7.8417243717695942e-02,1.2462464220363592e-01,1.3850772117063087e-01,1.6290585576131217e-01
1.2614240545666150e-01,4.6463541762247332e-02,3.9099678627766909e-01,8.2898381914921368e-02,1.7116784040603371e-02,7.4285568103763494e-02,1.7903690317779122e-01,4.8537841450831828e-02
1.5546571986129701e-01,3.7150805210342676e-02,3.7462324675753400e-01,7.9995258773999364e-02,4.1999500358752724e-02,8.4791126770947023e-02,1.4341717202210852e-01,4.7165571075584611e-02
1.3740648392581215e-01,5.2216325991408748e-02,3.5142083272168367e-01,7.2199704305289852e-02,5.3398662017470865e-02,1.0770092018369636e-01,1.3249560194625076e-01,5.4003069560736014e-02
2.2132565641047619e-01,2.5101574527006558e-02,4.8551333233450317e-01,8.7500440020726308e-02,2.1762754120869005e-02,5.4682095762393898e-02,3.3573782998199402e-02,4.1738190894631322e-02
1.6546082086084093e-01,3.7040235509672136e-02,4.0004013842404618e-01,7.3475115422428711e-02,2.4076675420568721e-02,7.2730489491894423e-02,1.6414426554137937e-01,3.2648510902157944e-02
9.8708622012386074e-02,6.5429803976682507e-02,2.7787877926784776e-01,7.2552425086116062e-02,7.0809061493450925e-02,1.4303253998934809e-01,1.3219816497898795e-01,9.5168029219729347e-02
1.2318770409725667e-01,9.7761553555513914e-02,2.9879863529231349e-01,5.9514931675863116e-02,4.0336575565813701e-02,8.0834666563180960e-02,1.6209041752265557e-01,1.1642960813950834e-01
1.1860827067165615e-01,1.0126270031267443e-01,2.7537539904518205e-01,6.1946091924926415e-02,4.8909280207378204e-02,8.8774551796159326e-02,1.5628795964628783e-01,1.2790994272623918e-01
1.0213397235521733e-01,1.0737288886423230e-01,2.3080709419019263e-01,6.5051117703873687e-02,6.2268061673305911e-02,1.0695927232501312e-01,1.5187625143930752e-01,1.5238283543463227e-01
1.1975206724847356e-01,1.0019900990331827e-01,2.8457435926670188e-01,6.0709369805924292e-02,4.4788473209175436e-02,8.5373379181600567e-02,1.5961997448244158e-01,1.2383679146819816e-01
1.1076595533806517e-01,6.1467595790256450e-02,3.0341569643422489e-01,7.2722986457612146e-02,6.4655240728662466e-02,1.3064738087493624e-01,1.3229968290825531e-01,8.1276725462038721e-02
2.1506227020625901e-01,2.6719028975556631e-02,4.8591515704035992e-01,8.8998630138504300e-02,2.0687668080052853e-02,5.4479265024508346e-02,3.4396066276430277e-02,4.4154307066745377e-02
2.1775974058785552e-01,5.7313152602651400e-02,4.8306451859557853e-01,6.0251526337457569e-02,1.5910541606758796e-02,4.8698648158229198e-02,4.4265255168732823e-02,5.3195727572989002e-02
1.7342290754484263e-01,8.2592183061372254e-02,3.8972872120494056e-01,7.2426772856380120e-02,3.7399309336655917e-02,7.0280197123324464e-02,5.9252561728068018e-02,9.2373981170048650e-02
2.1929283283870693e-01,5.5954252431439519e-02,4.8875953122285443e-01,6.2061506095320684e-02,1.1540376193879983e-02,4.6900668594090374e-02,4.1259546609601544e-02,5.2364356840793783e-02
1.9235088686911164e-01,3.3322150457144671e-02,4.7235407605937813e-01,8.6685806364388912e-02,2.8434143824973376e-02,6.8379576779397905e-02,3.9475251091340216e-02,4.6547171911283360e-02
1.5809815419458814e-01,6.5359367555202580e-02,3.8807628410416434e-01,5.9830333739036214e-02,1.9080751332482434e-02,5.2590437505939232e-02,1.6844898772033629e-01,6.9754680224011004e-02
2.0363705221314823e-01,5.9627838926225155e-02,4.9222252378416587e-01,6.6295132369575710e-02,8.2208336455679137e-03,4.6768845309772648e-02,4.2172475485763139e-02,5.6006274450765711e-02
1.2867091674610628e-01,8.9363034847721345e-02,2.9239182018241494e-01,6.9930287346856981e-02,4.4478234190513569e-02,7.7331856629781204e-02,1.6014642181783764e-01,1.1595299283238500e-01
1.2367977160594568e-01,9.8124114501303428e-02,2.9539748837175706e-01,5.9975706093177428e-02,4.2028959397318946e-02,8.1793441554251833e-02,1.6041858198242140e-01,1.1768993176786047e-01
1.4628660918515135e-01,1.0011333143212719e-01,3.6651582879656874e-01,6.6261579511117899e-02,3.6923137975660651e-02,8.3583346930421507e-02,6.8235682530897179e-02,1.0737810168493162e-01
1.1237581045947213e-01,6.0803581470006127e-02,3.2808993106921730e-01,7.3209428019571532e-02,4.6393118627973386e-02,1.0909125379103517e-01,1.5129843901409201e-01,7.8727341727391362e-02
2.3642349640134536e-01,5.1953523705353444e-02,4.8628779246372439e-01,5.8417317642191394e-02,1.4563792201561858e-02,4.6238988046942868e-02,3.9741755413921602e-02,4.7487797075092548e-02
2.0708985787621587e-01,4.1722038443433161e-02,4.5729344176466025e-01,8.3466468367069488e-02,2.4989603261361598e-02,6.9930482764571075e-02,4.5117459134423658e-02,3.9541211744186885e-02
1.5895585362508038e-01,4.1735038478995339e-02,3.9165066793728603e-01,7.1263930127737865e-02,3.2177527913695936e-02,8.0831770609985518e-02,1.5316232046292427e-01,3.7521122749966530e-02
1.6922750186563204e-01,5.3244600061382111e-02,4.1610597961184043e-01,5.9739287651379529e-02,5.7533837309224093e-03,4.6395149168635956e-02,1.7775245409745508e-01,5.1088998282117007e-02
1.3401000494678514e-01,4.4550042767109790e-02,3.9215288361443418e-01,8.0896610725890522e-02,1.8458653337677034e-02,7.4124981288195058e-02,1.7642013647022989e-01,4.5771710724016104e-02
1.4267496711337990e-01,6.0928474016198796e-02,4.1643917331869795e-01,8.3593299585294406e-02,3.7049604664173438e-02,9.7304843320393783e-02,5.4347761906687032e-02,6.8231110749908064e-02
1.1656263339110778e-01,5.7862881318474890e-02,3.4392414219201134e-01,7.3584741072945367e-02,4.0969848081037250e-02,1.0169246231224437e-01,1.5495996525266154e-01,7.1738222347751360e-02
1.4475272296357550e-01,4.4919186336870268e-02,3.8669962692033044e-01,7.3400633156785675e-02,2.9223905544487973e-02,8.1895494639766975e-02,1.6025519978233105e-01,4.5217255497499706e-02
1.3514847272556360e-01,4.6811020963995406e-02,3.8536318031341643e-01,7.5289079882311497e-02,2.6733585546322949e-02,8.1873644044266100e-02,1.6519007528937965e-01,4.9303391000198489e-02
1.6194841363659285e-01,3.5013355727597999e-02,3.8079574545653017e-01,7.9560723323840746e-02,4.1719322154673784e-02,8.2518896674616829e-02,1.4170844660052842e-01,4.2012055787190986e-02
2.2557246866108305e-01,5.5471804131722008e-02,4.8275156840021444e-01,5.9107140393673679e-02,1.6850705356223922e-02,4.7969043515513440e-02,4.3207358246023619e-02,5.0566395782131977e-02
1.2291317127650300e-01,9.3028813207227778e-02,2.7384255692840070e-01,7.1900823535801392e-02,4.9476773067898723e-02,8.3274279177261434e-02,1.5896747402772066e-01,1.2433690182960321e-01
1.0470466084093674e-01,5.8547608567106488e-02,3.0384710067121135e-01,7.3597232535819637e-02,7.4081752857488720e-02,1.4356244811368213e-01,1.2104147078624132e-01,7.6667917276941985e-02
2.0326194012867196e-01,6.2750635978615632e-02,4.7211823109331807e-01,6.2281716877291317e-02,1.8657146964083989e-02,5.2077511688786320e-02,4.8340019618847430e-02,6.0361861107530258e-02
2.0726629525697263e-01,2.8692068779984713e-02,4.8083435715717515e-01,8.5711313474567383e-02,2.6224644906544910e-02,6.2758596716067080e-02,3.6597269828051032e-02,4.1490161689738535e-02
1.6955379956842989e-01,9.0071222443368723e-02,4.0445050977170688e-01,6.2657340002492540e-02,3.0900598987642271e-02,7.2798174952947700e-02,6.2694405676126927e-02,8.4516915704056894e-02
1.2125605843786952e-01,5.8428801906071144e-02,3.2350853460560114e-01,7.2489966247713158e-02,5.7630387834351364e-02,1.1855714233496779e-01,1.3547024563378984e-01,7.1607154440844589e-02
1.3013148280287049e-01,4.8594958133125317e-02,3.2394188160108767e-01,8.5265423115374259e-02,6.4398228647532973e-02,1.1601550402067642e-01,1.2964789342579697e-01,5.9650966420051840e-02
1.3643765976111838e-01,6.6298944924937611e-02,3.7637776373131848e-01,8.3197965076829528e-02,4.8633038981733476e-02,1.1284647246657184e-01,5.4423794702229952e-02,7.9656042783019548e-02
1.5718556545074780e-01,4.3523720499267754e-02,3.8618642552871857e-01,7.0919087042384615e-02,3.5963777412682182e-02,8.4587071859842058e-02,1.4846610389029796e-01,3.9424191032144985e-02
1.3277996800002723e-01,4.8265994823802782e-02,3.2844555685133225e-01,8.3327606320720227e-02,5.7529116562206321e-02,1.0814613575854989e-01,1.3660402585489514e-01,6.4137189314069212e-02
1.5396400427253445e-01,7.3082136342440457e-02,3.5884463882173073e-01,6.2924431198766506e-02,2.8419321023791060e-02,5.8353866969939439e-02,1.6297968143719183e-01,8.2427064164121211e-02
1.1350995260758191e-01,1.0335324610087998e-01,2.6002171391213547e-01,6.3470374069548322e-02,5.4296002046789436e-02,9.5018781331456165e-02,1.5346630954527243e-01,1.3595091623988190e-01
1.2327687828858888e-01,5.5573221999670581e-02,3.5071975017089380e-01,7.3134147635407085e-02,4.0450590767523081e-02,9.9109913964401400e-02,1.5342174070682718e-01,6.6350388926227036e-02
1.3596286390696066e-01,4.6996034725603160e-02,3.3273262613114152e-01,8.3797910315368582e-02,5.9062605958508763e-02,1.0842228146166183e-01,1.3333951185331003e-01,5.8818396828743132e-02
1.0789105217639657e-01,6.2910130661823160e-02,3.1806222805622325e-01,7.3218369298928651e-02,4.8937098844164389e-02,1.1348249805232631e-01,1.5057818826580260e-01,8.4099030543736283e-02
1.4938393354410143e-01,7.6132845402362814e-02,3.8309521935233648e-01,5.3578076949142142e-02,1.5705009370390228e-02,6.0292292977155763e-02,1.7769702402457094e-01,6.4274880682598734e-02
2.2074778868396147e-01,5.7031957564511515e-02,4.8076472949883398e-01,5.9757538149338985e-02,1.7319134097774563e-02,4.8774184948782322e-02,4.4371359503925040e-02,5.2457172889378616e-02
1.8779833278631028e-01,4.5960192605655557e-02,4.5838363036790319e-01,8.3791486529319878e-02,2.5493526438617350e-02,7.4106602217595227e-02,4.7703808231482944e-02,4.3876981055633785e-02
1.3077789837990667e-01,4.2029468678552930e-02,3.6969943079552442e-01,8.1817329090538737e-02,3.5599840868162445e-02,8.5277680068790801e-02,1.5528172322957626e-01,6.3038761255983011e-02
1.2915620337885983e-01,9.5166759908347762e-02,3.0960463196948879e-01,5.8974791835957961e-02,3.8529382448790367e-02,7.7271434585826040e-02,1.6138835976467664e-01,1.0942500064090516e-01
1.5546185905168652e-01,5.4385620266846194e-02,4.5780621079084000e-01,9.0237387091079743e-02,2.1417539814837121e-02,7.5451579960405815e-02,5.3002243650548467e-02,5.5532614769483880e-02
1.3960601417257465e-01,8.9959678715523128e-02,3.3120230305159587e-01,5.7416204951917973e-02,3.3866622061077399e-02,7.0531803674357393e-02,1.6192960135209761e-01,9.5935517668696360e-02
1.8588631883465220e-01,3.3964782609409508e-02,4.8132152238501696e-01,8.9449948148299541e-02,2.3194574556322137e-02,6.3424053101571051e-02,3.9872895831938523e-02,5.0121099836836457e-02
1.4880935864005140e-01,7.9283448089443764e-02,3.7299982414165334e-01,5.3780102953075566e-02,2.0095795290185851e-02,6.1515489237756044e-02,1.7289947001219808e-01,7.1324561192629310e-02
1.1571680820169977e-01,1.0212398269425310e-01,2.6391596978434684e-01,6.4145917067902097e-02,5.5296734459376426e-02,9.4449149480083081e-02,1.5091184353417986e-01,1.3297247774336521e-01
1.6041184101095812e-01,5.3053989664163088e-02,4.5734668227191805e-01,8.8736098694071633e-02,2.2498880432226080e-02,7.5872715105544566e-02,5.2203100648932001e-02,5.3803317516574280e-02
1.7476909527238471e-01,3.8018829249318542e-02,4.6864917797797256e-01,8.8972984288615511e-02,2.7452247053945236e-02,7.0983656857891694e-02,4.2562379001228896e-02,5.4173155022396988e-02
1.3417626128097332e-01,3.9616588203346459e-02,3.7912338778069454e-01,8.1739106719046009e-02,3.2652209684645266e-02,8.1208140382860783e-02,1.5665112141000306e-01,5.9278543618585207e-02
2.8404201342461810e-01,1.8368667455356057e-02,4.0632015983375752e-01,1.2056151857834595e-01,1.5019013739714631e-02,3.4483499533278852e-02,3.1072021016747223e-02,5.9598563477840996e-02
1.0940439626061828e-01,6.0272916579783828e-02,3.0391828256868803e-01,7.3035796030568770e-02,6.8396841593969748e-02,1.3534357060423405e-01,1.2752438967467009e-01,7.8878010025868264e-02
1.8504998953044197e-01,6.4510456335367242e-02,4.8947938418087272e-01,6.5966921328523345e-02,1.0381152201704774e-02,5.0226357821198338e-02,4.7625766585440682e-02,6.2206192753423373e-02
1.3845401292994677e-01,9.3132100558470307e-02,3.1136143614446515e-01,6.1913970326303469e-02,4.5419724662365116e-02,7.6916714594469721e-02,1.4971911184762440e-01,1.0416390893932510e-01
1.0606087563524853e-01,1.0425224081747116e-01,2.4222930300076825e-01,6.6509379458077680e-02,6.3741652684869324e-02,1.0536686410537711e-01,1.4676485799301026e-01,1.4489779603423558e-01
1.0909231634829872e-01,6.2739776837345509e-02,3.1694727900981695e-01,7.3045220290104934e-02,5.0080847230979469e-02,1.1441979201889879e-01,1.4909380203905773e-01,8.3689465055319934e-02
1.2829530844205361e-01,8.9792002909264243e-02,3.4066291147637079e-01,5.6525980280805493e-02,2.7012584979199880e-02,7.0425657576843298e-02,1.7138416888596095e-01,9.4812806052950019e-02
1.2259390493863793e-01,9.8571071492949025e-02,2.9352036733900944e-01,6.0042756926423947e-02,4.2293393553468804e-02,8.2425282746169865e-02,1.6062976114561367e-01,1.1892686661046596e-01
1.1733648790137187e-01,7.5194908591677476e-02,3.0569250831095979e-01,8.4815217645195798e-02,6.7683240529848546e-02,1.4283639993736641e-01,5.6635844981629033e-02,1.0283914087424002e-01
1.2935905333216399e-01,8.5707211304336020e-02,3.1334942046531578e-01,6.7237285335012789e-02,3.7229674926212833e-02,7.1902924728240447e-02,1.6436826813369523e-01,1.0916986132114827e-01
1.4146497581891562e-01,8.6899098841757894e-02,3.4533410763142836e-01,5.5993831737988935e-02,2.8870010119322102e-02,6.7286176020597957e-02,1.6607531612505566e-01,8.8523500705459529e-02
1.1793153379422851e-01,5.6563389677287981e-02,3.5079002646742230e-01,7.3872448682201469e-02,3.8437879104553943e-02,9.8504248740047623e-02,1.5693651142759601e-01,6.8831425081176970e-02
1.4228632327250537e-01,7.4027467930588411e-02,3.8940690075663364e-01,5.6803536112810610e-02,8.7504801404486316e-03,6.0974992716867585e-02,1.8775964113625565e-01,5.7087044841909247e-02
1.4334500269313505e-01,5.9335724336679767e-02,4.3023979135138851e-01,8.4561760532774852e-02,3.2557364795240032e-02,9.1796932832629602e-02,5.4577905332230850e-02,6.4910421057438258e-02
1.0731710504242384e-01,6.4183749677205720e-02,3.0052325766815041e-01,7.2613216872707886e-02,5.8445056735647608e-02,1.2486922900649189e-01,1.4170782042067842e-01,8.8092978882219550e-02
1.6408000491485986e-01,5.5718663468771058e-02,4.1731434947855972e-01,8.1083483842066678e-02,4.1291454047863434e-02,9.6598069698504166e-02,4.9061044287533884e-02,5.6938619442226772e-02
1.1537669524088882e-01,6.0774224284283633e-02,3.1284614652752152e-01,7.2533673218209985e-02,5.8982720128423712e-02,1.2238918604233023e-01,1.3697270107856435e-01,7.8434194410648111e-02
1.2858661169481247e-01,8.8154183527459032e-02,2.9986724580931345e-01,6.8802741323044495e-02,4.1615195153064208e-02,7.5329417047335326e-02,1.6200693362309915e-01,1.1387860482281024e-01
1.6774073684479632e-01,8.7567434106416861e-02,4.2367156652635174e-01,6.1337868891739998e-02,2.5255894439999205e-02,7.0207593007981378e-02,6.2738609377220214e-02,7.8509080909004630e-02
1.8069799815012599e-01,5.0298673381459887e-02,4.3133331494872079e-01,7.9594309163870669e-02,3.9993463857633006e-02,9.0769558802688777e-02,4.5621117042066811e-02,4.5801756791721500e-02
1.0100602016750521e-01,1.0528572286659857e-01,2.3058641591356493e-01,6.7321915571095584e-02,6.7679288468862508e-02,1.1112287227406918e-01,1.4545298911090793e-01,1.5153195015088611e-01
1.0154501611404182e-01,1.0457219306493555e-01,2.3322653387275716e-01,6.7691396119907127e-02,6.8034375418038806e-02,1.1088392051302927e-01,1.4430799436325650e-01,1.4994575438366170e-01
9.9809581762359934e-02,1.0634864058062979e-01,2.2612467269036440e-01,6.6875392989176483e-02,6.7462840485440684e-02,1.1188447823472430e-01,1.4695709247251856e-01,1.5422997668706420e-01
1.2539794451835612e-01,9.2663177121330154e-02,3.2794739801178913e-01,5.7294478249526978e-02,3.0522520400758386e-02,7.3478893674027046e-02,1.6935202479703179e-01,1.0209596371052718e-01
1.1672208983532963e-01,1.0164736992384460e-01,2.7706655773557826e-01,6.1120819202717287e-02,4.6493719013884757e-02,8.7921285943101612e-02,1.5944580961794444e-01,1.2822128711737707e-01
1.5333777385597361e-01,1.0037780897570334e-01,3.5071581689611703e-01,6.8111059494787671e-02,4.2876667256948282e-02,8.5583999681397155e-02,6.6510614494617828e-02,1.0869504973016159e-01
1.3031436665944615e-01,6.9188131184277746e-02,3.5965974430367220e-01,8.3601216078398558e-02,5.2510350064991523e-02,1.1940635926924521e-01,5.5461694566387706e-02,8.6453329612754343e-02
1.5779115398924312e-01,2.7356120496249144e-02,4.1263826038061691e-01,8.1881968291810395e-02,2.1136937456240311e-02,6.3817982658969527e-02,1.6203258404498916e-01,4.2397358540266536e-02
2.3398474497579452e-01,7.3129807975763073e-02,4.0528268132323458e-01,7.3019136668539333e-02,1.5265654688059216e-02,6.6125999825532106e-02,5.0136665631832097e-02,5.1770782244129038e-02
1.6435993115828670e-01,4.3729564439882899e-02,4.4214445880509112e-01,8.8985494850161814e-02,3.5106014170128194e-02,8.2466850162146957e-02,4.5389973415153217e-02,6.1025116613249102e-02
1.1550688368054046e-01,5.8789365357915090e-02,3.3882698226248426e-01,7.3410256312442079e-02,4.2834126085527655e-02,1.0408703325518301e-01,1.5355005501219787e-01,7.3869741391853094e-02
1.2016831548841810e-01,5.7913253183612158e-02,3.3835909258805652e-01,7.2840189249703272e-02,4.5129176289619530e-02,1.0517429514918739e-01,1.4980440141318144e-01,7.1524592552680552e-02
1.2849139146982147e-01,9.7132731500539776e-02,2.9489840462070738e-01,6.1365504244303246e-02,4.5791610258762001e-02,8.2076198725449342e-02,1.5456784393670953e-01,1.1561457771354763e-01
1.3091017737875621e-01,9.2501384708035331e-02,3.2409179084568551e-01,5.7628049954167225e-02,3.3502542842855226e-02,7.3468392980505878e-02,1.6518277866802272e-01,1.0219557648049668e-01
1.3750331947375333e-01,9.3419043208366789e-02,3.1157046208447303e-01,6.0751564997127597e-02,4.3151839019744696e-02,7.6348911069309189e-02,1.5307955756359221e-01,1.0492597452036623e-01
1.2657617604556451e-01,1.0747140882954795e-01,2.5223970993304151e-01,8.7589248265875067e-02,6.6408017178526055e-02,1.1043078473243265e-01,7.4522538968812391e-02,1.4724519870995359e-01
9.9776233602945477e-02,6.6954115363260749e-02,2.8237859146850458e-01,7.2533722558532548e-02,6.3791726917954580e-02,1.3415810504655623e-01,1.3993727572306394e-01,9.6978706639690590e-02
8.8243409238207837e-02,6.7137596025317686e-02,2.5560162043229712e-01,7.2232757839209960e-02,7.9237795781244749e-02,1.5797208669291812e-01,1.2863703989917583e-01,1.0547577408895772e-01
1.1608128803935908e-01,6.0216092074266384e-02,3.2582385497701616e-01,7.2733794494864140e-02,4.9489111730870020e-02,1.1139270868208072e-01,1.4698773893187672e-01,7.7088900804240565e-02
1.0061391623002208e-01,6.6706968732649058e-02,2.8485934152826548e-01,7.2560332987462048e-02,6.2776534846598703e-02,1.3259980748628886e-01,1.4056110026499827e-01,9.6009007008323849e-02
1.0553772328933543e-01,6.4625701646566502e-02,3.0509486633689920e-01,7.2895015785197401e-02,5.4045929474810323e-02,1.2029806252511596e-01,1.4683146307582248e-01,8.8883524609508061e-02
9.1537935258110839e-02,1.0098830671297848e-01,2.1825242433088196e-01,7.2152284911907130e-02,8.2377736149313333e-02,1.2656867325210497e-01,1.3159065263239719e-01,1.5969014096041306e-01
1.1499702688541996e-01,5.8652832467590246e-02,3.4053708198707505e-01,7.3576475108108011e-02,4.1876342607691207e-02,1.0317205616572853e-01,1.5459681399183198e-01,7.3579993629052640e-02
1.1109706774265436e-01,7.6748349630432089e-02,2.8330011081903722e-01,8.5516100105396578e-02,7.4791749365251986e-02,1.5434005639246987e-01,5.7035572886983993e-02,1.0879142065035674e-01
1.2958101609855813e-01,9.6739328317811277e-02,2.9606808222392705e-01,6.1593130811870719e-02,4.6197480312241947e-02,8.1786543461245670e-02,1.5356442581954627e-01,1.1457435989609016e-01
1.5621603730200376e-01,8.6222276249720356e-02,3.8889449262269765e-01,7.2428580459055467e-02,3.4644144018870254e-02,7.3258897905196144e-02,6.2551058988097638e-02,1.0142925596547921e-01
1.4086886387457312e-01,6.1729865393998246e-02,4.1289617470477363e-01,8.3639249527541940e-02,3.7864564959305527e-02,9.8728513002404608e-02,5.4650778587583146e-02,6.9858512543494622e-02
1.7949188693527085e-01,2.1200365816987764e-02,4.1826034724352934e-01,7.9491826036808474e-02,2.1323280973022971e-02,5.9594728588296772e-02,1.5910379795847779e-01,3.3142184089821412e-02
1.7957195413537627e-01,8.3889611715008153e-02,3.7223725282510878e-01,7.6108221983774441e-02,4.4070151374744751e-02,7.2510243403013430e-02,5.8459889623107004e-02,9.1102046086603466e-02
1.8986365760952847e-01,6.7154199973153014e-02,4.6451063768061823e-01,6.4219350025739100e-02,1.9497963886091974e-02,5.4926505766955680e-02,5.1277592822759156e-02,6.7150988890206292e-02
2.1368308503048988e-01,3.2649008698748525e-02,4.6614444944629413e-01,1.1240654574748049e-01,9.8680299570337287e-03,3.7689195176453069e-02,3.2845887470612047e-02,6.0071528959794847e-02
1.5275736385349645e-01,4.5791044160246687e-02,3.7893216336399199e-01,7.1060398632644531e-02,3.9071455240891555e-02,8.8695418789875594e-02,1.4568817251997060e-01,4.3122690708824615e-02
1.8787912274375559e-01,3.6101142535951807e-02,4.5905054444491644e-01,8.6486606444316369e-02,3.3160884442373792e-02,7.4706687413368292e-02,4.0645361668639281e-02,4.8231434708881485e-02
1.0956696184329628e-01,9.9369123948456636e-02,2.6171132718277973e-01,6.9204733739628932e-02,6.5927641473713022e-02,1.0327231966389554e-01,1.3882523268706387e-01,1.3338329952036326e-01
1.3239943431121864e-01,5.4107132144912237e-02,3.4865333607905180e-01,7.2057730299651401e-02,4.6682035140592611e-02,1.0279554751899780e-01,1.4364256632761407e-01,6.1377359561194181e-02
1.2864143591599217e-01,4.7875356091048364e-02,3.8574599166623647e-01,7.6989484382873993e-02,2.4505720188293511e-02,8.1192668601399107e-02,1.6898118183953661e-01,5.1354018771878611e-02
1.4622359728780923e-01,8.1364776565138588e-02,3.6651650038549627e-01,5.4284057203877738e-02,2.2076786458215474e-02,6.2868414932754524e-02,1.7141534301241651e-01,7.5845986310530286e-02
1.3420440218647123e-01,6.6230458563232508e-02,3.8353345397357974e-01,8.3456402871702140e-02,4.5787529241801829e-02,1.1003411993459242e-01,5.5337799931982970e-02,7.9578098536994685e-02
1.4646983092227336e-01,9.1636243238302870e-02,3.7214136191812486e-01,5.7290883132402597e-02,2.6435069495205073e-02,5.2339049044402154e-02,1.6192403759596488e-01,7.3161109483082201e-02
2.8575956144457310e-01,4.4680917564062957e-02,4.2706618146448017e-01,7.1643321593906684e-02,2.2074032755441418e-02,4.7139924987454292e-02,2.9840330856062792e-02,4.0909049444453588e-02
2.4692455410561065e-01,5.3306413883382177e-02,4.6562285832597750e-01,6.7262198001453888e-02,1.8162513203890306e-02,4.1181655238231106e-02,3.4715367119795337e-02,4.5868281943860785e-02
1.1120405355858051e-01,1.1371527188503608e-01,3.0178676593372211e-01,6.1798615533823806e-02,4.3326692623221023e-02,6.8139193524309360e-02,1.5448079530612457e-01,1.2855919468492363e-01
1.3317294967491497e-01,9.5527924958670449e-02,3.6293772593559970e-01,5.6836953174510881e-02,2.4942458520097514e-02,5.1353461650151984e-02,1.6849204690934452e-01,8.8531148709115493e-02
6.7886015306348219e-02,1.2167866555318112e-01,2.2098155540712677e-01,7.1888469679972866e-02,8.4851839302501425e-02,1.1829275858289016e-01,1.2048814854596306e-01,1.8704680665721746e-01
1.4160195011309915e-01,9.5856140168697729e-02,3.6230046372750252e-01,5.9037147930444234e-02,3.0304546425442665e-02,5.5124150614173972e-02,1.5747241908167664e-01,7.9734023766516310e-02
1.1402933458278393e-01,6.7843579317533667e-02,3.5902109462438603e-01,7.4492539989578485e-02,3.9795115534041699e-02,8.3446694381975051e-02,1.5191577213401442e-01,7.4045016100120778e-02
9.5934245257771278e-02,1.1656473715361966e-01,2.8849507288588550e-01,6.7884249231591948e-02,5.5372613412648118e-02,8.3935765563508416e-02,1.4156084779899200e-01,1.3389374010332014e-01
1.0554853540883048e-01,7.3664864872148322e-02,3.3613708232055722e-01,7.3557160018261666e-02,5.2276474752664961e-02,1.0252997561880994e-01,1.3808737575162511e-01,7.9763368465019177e-02
9.4759458748677208e-02,7.7888866964479331e-02,3.1737627083102926e-01,7.3244301280213267e-02,5.9645911382802209e-02,1.1446929612803815e-01,1.3297720179709888e-01,9.0224426308379749e-02
1.2870101363998440e-01,1.2110854950218082e-01,3.2199426499389872e-01,7.3510615362476259e-02,5.0540104492935674e-02,8.2448505212740733e-02,6.7305022764297937e-02,1.3271569412924888e-01
1.1221616045148840e-01,1.1311512155694586e-01,3.0432635955120130e-01,6.1351184658130727e-02,4.2171919321408909e-02,6.6818013933086506e-02,1.5557117796330960e-01,1.2741534175418626e-01
1.5411223303290314e-01,6.3615147579822159e-02,4.3998973023401877e-01,8.5213966365985216e-02,3.4604610122880797e-02,7.5954075583665986e-02,4.9848612594141785e-02,6.0145821173880655e-02
1.1415273777786722e-01,8.3271546217396603e-02,3.4026576788889928e-01,8.6976441302873492e-02,6.6252944263502214e-02,1.2887227905163465e-01,4.9436295755083376e-02,8.6082478045986982e-02
1.1709576412842296e-01,6.7816054260469286e-02,3.5739704116626270e-01,7.3912160579178793e-02,4.5971165656195453e-02,9.3286300843067257e-02,1.4149051415473679e-01,6.5306861008631409e-02
1.0114224152873824e-01,1.3007584990185142e-01,2.6046073921911000e-01,8.1280833983269421e-02,6.7554024249477762e-02,1.0727649153005440e-01,7.1752698178595600e-02,1.5964676023951693e-01
1.1793474069777685e-01,6.7311335803080380e-02,3.5900378001940358e-01,7.3925339660273648e-02,4.4438728183042189e-02,9.0861095381618448e-02,1.4357826632681578e-01,6.5717671930529770e-02
1.6388090446992679e-01,1.0083614572658910e-01,4.0416799572406720e-01,6.6361770766354508e-02,3.4021949566149151e-02,6.3978737379755471e-02,6.0597413324650455e-02,8.3905343266926669e-02
1.5371774296999044e-01,6.6937345705975496e-02,4.1422900341709679e-01,8.4190061386411968e-02,4.6842558218250667e-02,9.6486347622495972e-02,4.6047700327912645e-02,5.0718407447745840e-02
1.3483536300094348e-01,5.5730209500617418e-02,3.8911223642871956e-01,7.5612461689848712e-02,3.1525092387315060e-02,7.3470127070819624e-02,1.5734619758805501e-01,4.7960393473105455e-02
1.5999267505451784e-01,1.0015118378308439e-01,4.1338411621262805e-01,6.4570884421499219e-02,3.0378719257688536e-02,6.0373857371882264e-02,6.1512553446390145e-02,8.7639356291086698e-02
9.2902101921447031e-02,7.9720444346900191e-02,3.1003380567636329e-01,7.2846520324314254e-02,5.9440219412129090e-02,1.1338490975195684e-01,1.3539745302923448e-01,9.7486925169888494e-02
5.6500793519029507e-02,7.5544716381214891e-02,2.7039855181083527e-01,7.0214318289343963e-02,1.0079892248901899e-01,1.8064120655057905e-01,9.1380708105967268e-02,1.1700642320542834e-01
1.2243530987654165e-01,1.0551225176303416e-01,3.3266009875065694e-01,5.8890885993266556e-02,3.3498069907533304e-02,5.7996571650756695e-02,1.6170951749737522e-01,1.0979326189258926e-01
1.1760046081967816e-01,1.0946745918789379e-01,3.1850909448939646e-01,6.0073986945468089e-02,3.7743883262874221e-02,6.2083773440690743e-02,1.5859352205399369e-01,1.1865521890308961e-01
1.1276918194562749e-01,1.1277352017350822e-01,3.0570798915345593e-01,6.1222963158653700e-02,4.1730246007294504e-02,6.6325569262975476e-02,1.5586423268354085e-01,1.2656379360256045e-01
1.1467369796766320e-01,1.1154109339077312e-01,3.1059576359071439e-01,6.0775903072938904e-02,4.0187091870736845e-02,6.4639507254809755e-02,1.5690177170294861e-01,1.2354979609492851e-01
1.1322954636124553e-01,6.9719692131397296e-02,3.5123245046768126e-01,7.3818076579952499e-02,4.5214709954752082e-02,9.1563108118131661e-02,1.4480795525891860e-01,7.3491838545158714e-02
1.1674747349833116e-01,1.1050015557030060e-01,3.1435793776968202e-01,6.1590067416512934e-02,4.0877870341101227e-02,6.5436560087251863e-02,1.5447560722621895e-01,1.1862248858301529e-01
1.0634973197307962e-01,7.3561101962920469e-02,3.3745507051174917e-01,7.3499543365783057e-02,4.9070854211035582e-02,9.7009478445588146e-02,1.4279187911596780e-01,8.2930755543838275e-02
9.4450811503374643e-02,7.6194430540785549e-02,3.2420180951266309e-01,7.3794632141211763e-02,6.1185609436414032e-02,1.1808483086932696e-01,1.2899081644532559e-01,8.2737704317141406e-02
1.4823106541051784e-01,8.3805302879586929e-02,3.8644619694022242e-01,5.5624213931029794e-02,1.8221854418610704e-02,4.8576604709923636e-02,1.7486325908381478e-01,6.4715259819207421e-02
1.8205962849017640e-01,3.5183666547161922e-02,3.9013726798470555e-01,8.0797363481435944e-02,2.3471189092344212e-02,6.5481126678614623e-02,1.7236139850741689e-01,1.7459375831090012e-02
1.1255174157282878e-01,6.8751786661092079e-02,3.5622176383384002e-01,7.4399471341586365e-02,4.0535334435402505e-02,8.4398615600191546e-02,1.5150316611422721e-01,7.6149678736923229e-02
1.5014601862614674e-01,7.9625695225665968e-02,3.8862779650618257e-01,5.6909892505892880e-02,1.4811415981194051e-02,4.8288644865705027e-02,1.8149289852666517e-01,5.8950356297337178e-02
2.3675218604418627e-01,2.4358778006371616e-02,4.7577702073477746e-01,9.0986232206465498e-02,2.7060789204420121e-02,5.1226761030465827e-02,3.1155676024621867e-02,3.0171041988734534e-02
2.0230304473128524e-01,7.0167052656012072e-02,4.6588107694883646e-01,6.5657354330781140e-02,2.4056439955046506e-02,4.5780150424946375e-02,4.7888920161425243e-02,5.6881731359450190e-02
1.6858752624187903e-01,9.6910108238812326e-02,4.1877763102733234e-01,6.4420648212133849e-02,3.0468765227270544e-02,6.0798552089559310e-02,5.9941180707402696e-02,7.7874343964099868e-02
1.5247861571898702e-01,4.6733577781675063e-02,4.0154265595648925e-01,7.6570992157177289e-02,2.7082819978359457e-02,6.8781192994842172e-02,1.6183658073611826e-01,3.1272726787692551e-02
1.0750284803925111e-01,8.9109878609855517e-02,3.2013304020166522e-01,8.5309400067035440e-02,6.6609241124136825e-02,1.2683949034057557e-01,5.2946492400370082e-02,1.0871062174566197e-01
1.1658366713392122e-01,6.8072309483098559e-02,3.5650722056517148e-01,7.3884383916210744e-02,4.5481912202563264e-02,9.2401386677558553e-02,1.4261023330776598e-01,6.7006350713571361e-02
1.2102587148178821e-01,1.2469199970741571e-01,3.0215026886012869e-01,7.5490244617918034e-02,5.5254968780679710e-02,8.8799239327649548e-02,6.8749529228370881e-02,1.4231331408079084e-01
1.0431911134314634e-01,1.1434258530017063e-01,2.9969283286418513e-01,6.6370578320620724e-02,5.0560639329355624e-02,7.7473084537453371e-02,1.4456033415859354e-01,1.2559049461313729e-01
1.4987126638316131e-01,6.6985202844974501e-02,4.2565676168528915e-01,8.4123837660038850e-02,3.9473051717336068e-02,8.3524211223198100e-02,4.9526607563441717e-02,6.3191693305359481e-02
1.1763093229086508e-01,6.0583799266657114e-02,3.4912698050460444e-01,8.3117918445220401e-02,4.5822035642071858e-02,8.2348957752699958e-02,1.4626542019401723e-01,7.9030339223648827e-02
1.3199582740647522e-01,8.9518634968562688e-02,3.5600650247631527e-01,6.4414798305987800e-02,1.8873125582412855e-02,6.1043934296891339e-02,1.6669116146239105e-01,9.0796305069841252e-02
2.5992489849402090e-01,-3.1808315449782389e-02,4.7893758921442658e-01,1.6384381055699432e-01,-5.5236245180936500e-03,3.0291109020757115e-02,7.4441423087483680e-02,-7.1680256690763279e-03
2.3767001847175082e-01,1.9188619551190736e-02,4.6313826569112471e-01,1.0887101272654541e-01,1.6031455165321382e-02,3.8588498089636852e-02,3.1128093365951761e-02,5.2072576296537304e-02
2.0917247999739730e-01,2.2959278650981817e-02,4.8983100373822958e-01,9.4874705725042030e-02,2.1805163855090043e-02,5.2596297295292721e-02,3.4325986493043865e-02,4.2914526554467591e-02
2.2163954284995910e-01,3.2689667195658960e-02,3.9321693070240266e-01,6.2535436585447440e-02,1.1576495109644090e-02,4.3517581972469167e-02,1.7740002430500490e-01,3.6606855291886030e-02
1.8594855949105860e-01,3.0844351206547140e-02,4.9103557224712130e-01,9.7578509148185846e-02,1.7154817572424031e-02,5.5663714225251258e-02,3.8011892929073400e-02,4.9695754177882190e-02
1.9373997638857376e-01,2.8132853518427411e-02,4.9155047745562763e-01,9.7012998790490537e-02,1.8128293437439821e-02,5.3995144385911242e-02,3.6721123092607839e-02,4.7453444915535208e-02
1.5105996344206857e-01,5.1494193337196736e-02,4.2229291253882029e-01,9.8359127061946244e-02,3.4301480173242922e-02,8.6372323266283565e-02,4.4653778803564276e-02,7.1866135082767235e-02
1.2705636461737335e-01,5.1148831762314932e-02,3.8226725777951653e-01,8.2568010551944723e-02,2.5324940528982334e-02,8.1085550569210282e-02,1.5804565363553386e-01,5.6460760468217221e-02
1.9251931770435710e-01,3.0591734451170808e-02,4.7138194674777451e-01,9.2820984097015169e-02,3.2903346102073669e-02,6.7013900736220405e-02,3.6350305704772323e-02,4.2941303470578396e-02
1.6688920843906097e-01,9.2264510128495070e-02,3.9714667883447763e-01,7.4199933923424749e-02,3.5624095178364665e-02,6.7737702778760789e-02,5.6853604972566613e-02,8.7260980566519222e-02
1.2015022553829761e-01,5.8465491562663764e-02,3.5751328493610707e-01,8.1914406885410657e-02,3.5834580946610024e-02,9.3199961619746877e-02,1.4661070655458341e-01,6.8070170528533550e-02
8.1468493009487719e-02,7.5524558880442044e-02,2.7211201599167611e-01,8.3866444302513693e-02,6.6745572025204619e-02,1.4515676988099627e-01,1.2211317338659926e-01,1.0860905947235336e-01
1.1422803288299745e-01,1.0551754714717042e-01,2.9288910897361242e-01,7.3305278197192389e-02,4.1823606985613181e-02,7.8381334571686473e-02,1.4706189508447740e-01,1.2680850378658834e-01
1.0518104898528582e-01,1.1107432908803448e-01,2.6778689605580419e-01,7.4436623513355338e-02,4.4966471476526888e-02,8.6970779781030627e-02,1.4701151941193599e-01,1.4224104109794727e-01
1.2688303156074668e-01,5.5042069848812464e-02,3.6625361289913827e-01,8.1476934237503462e-02,3.8360196069128653e-02,9.0935865911987060e-02,1.4304514725927689e-01,6.0353148953962925e-02
3.0627619295996944e-01,2.6046996730039962e-02,4.1243551081340313e-01,7.9332484360098043e-02,2.1652508547769109e-02,5.0446030608407993e-02,3.2938538226767282e-02,4.0200819728936604e-02
2.3290132754119203e-01,4.2437227144913655e-03,3.2933138967776893e-01,1.1056514139295306e-01,1.7553152266987702e-02,4.2097712371666804e-02,1.8570051527870107e-01,4.6826281756540022e-02
1.4884384419628074e-01,3.6590842556391903e-02,3.8871111352429866e-01,8.8758711962649076e-02,3.9192963840261795e-02,7.6299533486705332e-02,1.4017018516494492e-01,4.5982900795938100e-02
2.0017446514478010e-01,5.7417673380275050e-02,4.9532064742423870e-01,7.0369594773404154e-02,7.4980848917251654e-03,4.4441333019539099e-02,4.4094791777396052e-02,5.6010068013868694e-02
2.1783978625783670e-01,5.1501080003157569e-02,4.9227522421999143e-01,6.7398278307599355e-02,1.2237681421224462e-02,4.3949922475460895e-02,4.1297632688823527e-02,5.0656895061710186e-02
2.2159972974810882e-01,1.9030593933651158e-02,4.8749044322048285e-01,9.3717884636369209e-02,2.4059000276420616e-02,5.1002212010720763e-02,3.2478711559753223e-02,4.0366611419225096e-02
2.2063674290189941e-01,1.9033135265768712e-02,4.8805520957606152e-01,9.2454607684993459e-02,2.5790045492834052e-02,5.2704000335205940e-02,3.2557898928017845e-02,3.8709025262879018e-02
2.2691959682594878e-01,1.7708562354029584e-02,4.8527665887085353e-01,9.4260654890933035e-02,2.3903552399495279e-02,4.9427709929002882e-02,3.1752862723431564e-02,4.0772484515985183e-02
2.5037825030527910e-01,4.2193954677842774e-02,4.7675935118645840e-01,6.7535974480096378e-02,1.4779366237579606e-02,4.3436933047062094e-02,3.4778508948371846e-02,4.5577725904304200e-02
1.8459054741798003e-01,6.9331171101646993e-02,4.5718671228304991e-01,7.2861300197766377e-02,1.9266058508464273e-02,5.2220396082998784e-02,5.0508726440622778e-02,7.1916584646189677e-02
2.1533810552407351e-01,2.0792133966786863e-02,4.8875367984285639e-01,9.3175235998854855e-02,2.4564091274610175e-02,5.3186561992437993e-02,3.3365805520979577e-02,4.0168500490545628e-02
2.6409462020202074e-01,1.3072773947786321e-02,4.3914617394400313e-01,1.0903712746796762e-01,2.2162842631150492e-02,3.8569493978832435e-02,2.9259987741945655e-02,5.3018191090663969e-02
1.4918981727265765e-01,3.5046969065254216e-02,3.9404578615428587e-01,8.8138756878776328e-02,3.3613964024215376e-02,7.2781891160346321e-02,1.4534479846159085e-01,4.7260671415058610e-02
1.4918981727265765e-01,3.5046969065254216e-02,3.9404578615428587e-01,8.8138756878776328e-02,3.3613964024215376e-02,7.2781891160346321e-02,1.4534479846159085e-01,4.7260671415058610e-02
1.6158648936552822e-01,5.8257003253260893e-02,4.1226810186036228e-01,6.5758919868062524e-02,8.2624262819458241e-03,4.3824528816779618e-02,1.7008980548367578e-01,6.0067615865232189e-02
1.6522293300808177e-01,4.9318349581863090e-02,4.6387333336481262e-01,9.6331172564258341e-02,1.7502390673895907e-02,6.8964590793094263e-02,5.0328223992005754e-02,5.1389087467407078e-02
1.7591262922535111e-01,3.9129129973248120e-02,4.5067004894203738e-01,9.5171983383955425e-02,3.5639839613867415e-02,7.5775218145554796e-02,3.9120984535310856e-02,5.2408046234883716e-02
1.8167521736938436e-01,3.7196509583558794e-02,4.4953807782964939e-01,9.4797943400625098e-02,3.9971844186362321e-02,7.6401875404717795e-02,3.7282697492624500e-02,4.7244667112015915e-02
1.1897327136441223e-01,1.0233496974051176e-01,3.1017019806599483e-01,6.8669418409837993e-02,2.9664829524933867e-02,7.2110607173323987e-02,1.5835887669664236e-01,1.1881262034715068e-01
1.6968080020198292e-01,3.9807088571379080e-02,4.6274079561550602e-01,9.6033252067833114e-02,2.6833602916072379e-02,7.0992798712950139e-02,4.1078836448891168e-02,5.6681678900334015e-02
1.5320390448885970e-01,5.4311429918474506e-02,4.5405812099828685e-01,9.2754756362549970e-02,2.1971850853658614e-02,7.7920442363233214e-02,5.0795923476447909e-02,5.7175188291446744e-02
1.2948821434074370e-01,5.3361491638693172e-02,3.7132325596308285e-01,8.1290104952919204e-02,3.6944649725929445e-02,8.8479923988940196e-02,1.4446811668134091e-01,5.7522163732863764e-02
1.1668400314962575e-01,6.1128919606333133e-02,3.4722312400345873e-01,8.2071309042609508e-02,4.0022972417441315e-02,9.8536492438243334e-02,1.4251679237873796e-01,7.2641688264956580e-02
1.6485010886162085e-01,5.2038681633745171e-02,4.3882211474940880e-01,8.8810083082356772e-02,3.5869095884223684e-02,8.5100393076803366e-02,4.5365806301562013e-02,5.1961878157025243e-02
1.1260577985338405e-01,6.2612155385917759e-02,3.4607157849045389e-01,8.2392464014275746e-02,3.4828796820526094e-02,9.7029336988206510e-02,1.4854245233225732e-01,7.6792076358243269e-02
1.2985778670349318e-01,7.1955012700120405e-02,3.6007237264176062e-01,9.3315585554815825e-02,5.1284363444554996e-02,1.1650466299175059e-01,4.7683176373362633e-02,8.5491911031294970e-02
1.4244880980707111e-01,6.1881296836626569e-02,4.2398769156097410e-01,9.1493928740345759e-02,3.0158718260192504e-02,9.0658637459677865e-02,5.0778912764749273e-02,6.8857337489335105e-02
9.7031730779277126e-02,7.2910929412962275e-02,2.9842849377820879e-01,8.2783332349202071e-02,5.0185626958953587e-02,1.2090545620044772e-01,1.3630100378799020e-01,9.9050303800361367e-02
1.1799933786860604e-01,1.0361564165186972e-01,3.0369992192861822e-01,6.9715192035698800e-02,3.2848294637427680e-02,7.3897242129807403e-02,1.5557793904387615e-01,1.2195239285302949e-01
1.1252567630613904e-01,1.0728223458479701e-01,2.8646583781817797e-01,7.2272154681868081e-02,3.9470045609811259e-02,7.9742127296480642e-02,1.5042371503761279e-01,1.3136160414386922e-01
1.0950039801438070e-01,8.2431721547677819e-02,3.0498804018852727e-01,9.5429154079656103e-02,6.0833041926695149e-02,1.3931507324663858e-01,5.0761902571312134e-02,1.0967501552156268e-01
1.2871839371418231e-01,9.0434590600650414e-02,3.5532548183611690e-01,6.4514125417611465e-02,1.7081974602099141e-02,6.1795222389313273e-02,1.6862262122594182e-01,9.2358634068417586e-02
9.4260601870685259e-02,1.1478296528180400e-01,2.4469303984505922e-01,7.7655209792578991e-02,5.3461009314403854e-02,9.8138644591821950e-02,1.4142607919043015e-01,1.5591176573024770e-01
1.4726821540151147e-01,5.4176099498121279e-02,4.1104149388058614e-01,9.8998771005180494e-02,3.6585048227190088e-02,9.0425381733297935e-02,4.5381315266240063e-02,7.5696832055376861e-02
1.2786315756150332e-01,9.7454111972698085e-02,3.2480483292934820e-01,6.9810890736518194e-02,3.4795262088123405e-02,6.7476889883363922e-02,1.5113752309520495e-01,1.0707817732429467e-01
9.4182993098887655e-02,6.9842884829258156e-02,3.0490190811935330e-01,8.4098287538893757e-02,6.0548696171773567e-02,1.2850533601693301e-01,1.2410436323683460e-01,9.0631111620456908e-02
1.2022980432140334e-01,7.5896202163622223e-02,3.3409242346035573e-01,9.5168889041777366e-02,5.9370113848523490e-02,1.2910431352735330e-01,4.7275865956749902e-02,9.3097506876414840e-02
1.9927573148322067e-01,9.3928589279214433e-03,4.0073942380340583e-01,9.3668768972485369e-02,1.6037910725224622e-02,4.6147699453301882e-02,1.7071963921057562e-01,3.5413817977727677e-02
2.3953169656727225e-01,4.6184312935264107e-02,4.7516434849046990e-01,7.8516954298737562e-02,5.9426148879106666e-03,4.1222630347637693e-02,3.5215932685449057e-02,4.6876585851281537e-02
2.4023382098540702e-01,4.5652116021175658e-02,4.7880281370110633e-01,7.3002133383163526e-02,9.1872216920738728e-03,4.2209115596934063e-02,3.5444188606595352e-02,4.7386809423782324e-02
1.8925387789314896e-01,3.1105801425954382e-02,4.7650553102740562e-01,9.3630269463963217e-02,2.8163298141779036e-02,6.4523312499490088e-02,3.7368915282803443e-02,4.5875029391392506e-02
1.7860382385967538e-01,5.5202054977894384e-02,4.0918508641411949e-01,6.4433283735226082e-02,1.8912149486850199e-02,4.1501911668787438e-02,1.6119658307863252e-01,5.4123798634608616e-02
2.1400496346146755e-01,5.6210470954514889e-02,4.7469013362468676e-01,6.7724465875747222e-02,2.3666447466061735e-02,4.6513289222743712e-02,4.4263282542288382e-02,5.3770930368034979e-02
2.1017841245334931e-01,2.2534096035663906e-02,4.8628765219022158e-01,9.1529274258115745e-02,2.8615752892919715e-02,5.7910534560860115e-02,3.3918362010326164e-02,3.8084190190589819e-02
1.7375440474347845e-01,2.0364117624374019e-02,4.2105050500997560e-01,8.5359600580516268e-02,2.7500298049887795e-02,5.9176068649867096e-02,1.5133639950138120e-01,3.1278050025954553e-02
1.3130695957653465e-01,7.0330682073172821e-02,3.8383691789300767e-01,9.2192439226328443e-02,3.9505162693017036e-02,1.0561214823745389e-01,5.0961982683620871e-02,8.3939672000364549e-02
1.5097049442533800e-01,6.0279494932162503e-02,4.0806144982537501e-01,9.0623629294548522e-02,4.3532911849189414e-02,9.7634692535394377e-02,4.5212738230434424e-02,6.3569356380881237e-02
1.1742710305840939e-01,6.0520267390982423e-02,3.4990118053520791e-01,8.2025966181531865e-02,3.8537444385537252e-02,9.6953715847721472e-02,1.4402118435951758e-01,7.1700207792063250e-02
1.4483210385423570e-01,1.0208238503213339e-01,3.8095503844646722e-01,7.4303045137611240e-02,2.6761613808026333e-02,7.5095353216641389e-02,6.3994709502598321e-02,1.0715552189856523e-01
1.2328453178153950e-01,9.9983337421170979e-02,3.1713527805190311e-01,6.8848987407086046e-02,3.1321912987392279e-02,6.9871625587188679e-02,1.5584629341645725e-01,1.1336204943085877e-01
1.1812353217552804e-01,5.9508812646787500e-02,3.5485384469475850e-01,8.2056516608756278e-02,3.5267614155215038e-02,9.3985332497353219e-02,1.4743960985262447e-01,7.0320208166857731e-02
8.9978906753738333e-02,7.5234180197552222e-02,2.8228396701806463e-01,8.3155750493183439e-02,5.7779827829908516e-02,1.3228774768782806e-01,1.3020955518432398e-01,1.0555894810456905e-01
1.2004708973601867e-01,1.0105391049850540e-01,3.1586300802537942e-01,6.8014317056524415e-02,2.7666334909214708e-02,7.0636432142888561e-02,1.5997061627724757e-01,1.1576507640394709e-01
9.5084984884569221e-02,1.1118706169510620e-01,2.2368859381933318e-01,9.0091184318949163e-02,5.6599614177285353e-02,9.7252502617617850e-02,1.4753536846027374e-01,1.5612793640262701e-01
1.1997524405330716e-01,1.0108229763855604e-01,3.1129982317326660e-01,7.3801963496739162e-02,4.2618289201897072e-02,7.3081120489592297e-02,1.4381789537946085e-01,1.1497680397268706e-01
1.4803396673672362e-01,8.2735736057734474e-02,3.6974865973538290e-01,6.3592899944003051e-02,2.4458283665181508e-02,5.5506598244620620e-02,1.5985633386427442e-01,7.7446072333533872e-02
1.1457873832626925e-01,1.0421044475430197e-01,2.9812913685633752e-01,7.4569434097286835e-02,4.4245795247617681e-02,7.7663502140274537e-02,1.4372317010683167e-01,1.2329313351155800e-01
1.4768499121873535e-01,9.5016950954555382e-02,4.2962901850605123e-01,6.5030739684103195e-02,2.3482801814037575e-02,6.0773814349867727e-02,6.6832200097403746e-02,8.7029266537487909e-02
1.0767647916843238e-01,6.6880934069037543e-02,3.5269629650125950e-01,7.4293344347331911e-02,4.0812048249381672e-02,9.2507810911944904e-02,1.5030877507047108e-01,7.6729026024877856e-02
1.7221377860710937e-01,3.8852529887361931e-02,4.7799014656815936e-01,9.2646915863999452e-02,2.6749017528661059e-02,5.6711262977404017e-02,4.4650579113419374e-02,5.5326969164456896e-02
1.5711364305564471e-01,7.3756068250300399e-02,3.9696337242149277e-01,5.3926717626238317e-02,1.4158127518080418e-02,4.6376515014026537e-02,1.8376071419255852e-01,5.4235250397731763e-02
1.6654616972844133e-01,8.3490247196683562e-02,4.2692106669411728e-01,7.1361164472782748e-02,2.8057839045324700e-02,5.2174029661369803e-02,6.1675738988366785e-02,8.7719879412020071e-02
2.5189293701160032e-01,4.7926459478291786e-02,4.4358255783384298e-01,7.3719285021886349e-02,2.0731729798042661e-02,4.2431672941920663e-02,3.8623130402711842e-02,4.9812811020542129e-02
1.9642210769512594e-01,4.7473338598608431e-02,4.1925512272952220e-01,5.5461460224780171e-02,1.2611118069145213e-02,3.3705952959279015e-02,1.7822779564303093e-01,3.9062688246964537e-02
2.6293160938479154e-01,1.7494439202398734e-02,3.9451621861822200e-01,1.2915498826795982e-01,2.6752580818685274e-02,3.2906347234771614e-02,3.9433983433426981e-02,5.8036834861509574e-02
2.1489401498964486e-01,2.6341600400011465e-02,4.7719884280680680e-01,9.3693116484861033e-02,2.4840674344982598e-02,4.4924282436122488e-02,4.0152672478386796e-02,4.5501022281328310e-02
2.2594605781194377e-01,2.3093808970938955e-02,4.7858078425454859e-01,9.0121537291148454e-02,2.5788204983605907e-02,4.5084910838490623e-02,4.0724548058309794e-02,3.9573547436163842e-02
2.4769982993034614e-01,4.8869089135905784e-02,4.4820179477725275e-01,7.2965167709657011e-02,2.0202425447609605e-02,4.2050812156798116e-02,3.8962392128515141e-02,5.0225924684223620e-02
1.9060895634142686e-01,6.3656088345271630e-02,4.8337746335059739e-01,6.7295023088085021e-02,1.6827342413320439e-02,4.2221678956879435e-02,4.9136854980967433e-02,6.1814833160508321e-02
1.8603781798917857e-01,3.3900968105915349e-02,4.8251527003923539e-01,9.5103945054466552e-02,2.4227316920137954e-02,4.9558446319840112e-02,4.1844226680564554e-02,5.2519392863694135e-02
1.6470769888095887e-01,4.0581496989956417e-02,4.7902572663873311e-01,9.5082117923616025e-02,2.5534253601890034e-02,5.5886991177035078e-02,4.3987998446467003e-02,5.9569961515262095e-02
1.9973407635604412e-01,3.1178098670640388e-02,4.7331301763038996e-01,1.0154840999513559e-01,2.2915378079391504e-02,4.2791961166764696e-02,3.8475001008595924e-02,5.4947376084659563e-02
1.7875669082066173e-01,1.9689996115296007e-02,4.1261211103761203e-01,8.6079740660621712e-02,1.9304511263009073e-02,4.5438047794784664e-02,1.7326674326172661e-01,3.4819996131433925e-02
2.7884410260017894e-01,1.6127980329515609e-02,3.9860677214686296e-01,1.1242836652520605e-01,3.0243474627525753e-02,3.6411067099862020e-02,3.6734708081291347e-02,5.6261706845385270e-02
2.6561808196735198e-01,1.8987561708936632e-02,4.1195437817410335e-01,1.1127036886290685e-01,2.8632963987465905e-02,3.6303444479643524e-02,3.6200482438324959e-02,5.6334521135049540e-02
1.4462984791729036e-01,6.5552428670982973e-02,4.0666422483883080e-01,6.2843173414803999e-02,1.3439978542279218e-02,4.0869559369218593e-02,1.7685665542634807e-01,6.8157214593019280e-02
1.7230545127562971e-01,2.1350175615018386e-02,4.0617198059250886e-01,9.0092573401004544e-02,1.8419332413686873e-02,4.4994588438041633e-02,1.7546632473714971e-01,4.0048258270654960e-02
1.1076366602865960e-01,6.4561679797023361e-02,3.6059551573409221e-01,7.4597087360712980e-02,3.7708291430183886e-02,8.7818199861242785e-02,1.5371523212280355e-01,7.2824544951943584e-02
2.4494873018112123e-01,2.0687693256179307e-02,4.5405082246713652e-01,9.7166521758931118e-02,2.6570153049506919e-02,4.0356830783986726e-02,3.7566578901695055e-02,4.6711287543109443e-02
2.2031680235998261e-01,5.4910965649405008e-02,4.7333350786533801e-01,6.9351676184584016e-02,1.7325966128753000e-02,4.0736473824935629e-02,4.2480345919226684e-02,5.3458583787143479e-02
1.5171929928206776e-01,7.0924985441458893e-02,3.7750850194263486e-01,6.1235233612523268e-02,1.2800474484457515e-02,5.3837076700112604e-02,1.9516688722862016e-01,5.0979500769955458e-02
1.4110896736985634e-01,9.9164333365483109e-02,3.7103571064305202e-01,7.7798938562446324e-02,3.7288174078725984e-02,6.5920585899745837e-02,6.6941168774558801e-02,1.1725600328420557e-01
1.8561393279967936e-01,3.4105781087790554e-02,4.8262254209444794e-01,9.3663081016204880e-02,2.4886810824328049e-02,5.1017142235923976e-02,4.2589016014530925e-02,5.1441518765334183e-02
1.7410422796386110e-01,3.8637470600545641e-02,4.7686946840405475e-01,9.1683583886166140e-02,2.7453153775972575e-02,5.7551153724372847e-02,4.5083999652170484e-02,5.3946489285708041e-02
2.1703374899204908e-01,2.5205394096295710e-02,4.8340957845480792e-01,8.8715114787906321e-02,2.6006240133883363e-02,4.7563357650130277e-02,4.2086778593149604e-02,3.8664823983580426e-02
1.5321115866729454e-01,6.7618864786104224e-02,4.0106163184856686e-01,6.1393085582907951e-02,1.6667047286619240e-02,3.9564259736308220e-02,1.7319372097372296e-01,6.8413936461126160e-02
1.6595563699267055e-01,5.6105259545632252e-02,4.1387815686880403e-01,6.0694636677313188e-02,1.1753390508395131e-02,3.7958121685489739e-02,1.7907200795404871e-01,5.3847966872421049e-02
2.5065061469977967e-01,4.6999795255344937e-02,4.6960661915649049e-01,6.1548695934386527e-02,1.9899581785021162e-02,3.9780270526176560e-02,4.3861752543742763e-02,4.3792176665653756e-02
1.6356884522284140e-01,4.3178995616500029e-02,4.6775654000947059e-01,9.1785855874754949e-02,2.9604502074948167e-02,6.2712545966993188e-02,4.6554388126884685e-02,5.9180487362608392e-02
2.1354225477145819e-01,5.8054864864577491e-02,4.8312498792118785e-01,6.2284770395658377e-02,1.8555768650588864e-02,3.9905424866801223e-02,5.0931272133878186e-02,5.1891411804227905e-02
2.0933673629806382e-01,2.8018579267576973e-02,4.8527476644650080e-01,8.5951505522340321e-02,2.7935338745559441e-02,5.2329447695695412e-02,4.4587273168604190e-02,3.4939117506465597e-02
1.7618520747611158e-01,4.0296977642729520e-02,4.6765752812337402e-01,8.9133549243515547e-02,3.1167909031304054e-02,6.2754877123173694e-02,4.7129956716099236e-02,5.0849086250141902e-02
1.5567534750371859e-01,9.1042954457785291e-02,4.0024098997526575e-01,7.4671558797657273e-02,3.2648231729512936e-02,5.8095691975472145e-02,6.4488628360629630e-02,1.0055721406486756e-01
1.8584255559243101e-01,3.7640641742432417e-02,4.7034808128051314e-01,8.7539579498295383e-02,3.1644799700491846e-02,6.1630793123285420e-02,4.7216598758527580e-02,4.3956509838875800e-02
1.6159257796367696e-01,8.4435962262146683e-02,4.2689408832978393e-01,7.1583781290541285e-02,2.7630074256890156e-02,5.3169411381936031e-02,6.1338376410572923e-02,9.0821416827734716e-02
1.8670311287972821e-01,3.6173399352185096e-02,4.7513685708730036e-01,8.8066350006746744e-02,2.9851516425185669e-02,5.9016298234895889e-02,4.6294773901948638e-02,4.4989678340131019e-02
1.6784669987907469e-01,7.6059206312426880e-02,4.5863264815644650e-01,6.8958186267060878e-02,2.1593748875285822e-02,4.8020750587610683e-02,5.6581402800396800e-02,7.9007951820839736e-02
1.9474985336152581e-01,6.3496400382498264e-02,4.8121124911056418e-01,6.5443119734865607e-02,1.7967386233180730e-02,4.2082105138959311e-02,5.1141868762936742e-02,6.0529056747277377e-02
1.4263586790017629e-01,1.0500997059655343e-01,3.8577951668343186e-01,6.7916067591225843e-02,3.2232137783366741e-02,6.6994850753239910e-02,6.9982637131464270e-02,1.0651734445014954e-01
1.9563453424243818e-01,3.3896747914594710e-02,4.7697313421222554e-01,8.6383488307555420e-02,3.0583699807084808e-02,5.8413164053164664e-02,4.6557166100187113e-02,3.8363784348707533e-02
2.0456768046289564e-01,6.4016533006186233e-02,4.7396430095862269e-01,6.3412605078133344e-02,2.0843755220585916e-02,4.0858079071531404e-02,5.5362883404864373e-02,5.6628568890287861e-02
1.6066908949462613e-01,5.4309368295633792e-02,4.5476231850359716e-01,8.6368886734797770e-02,2.8866009023227269e-02,7.0583108426760591e-02,5.5526461602014306e-02,5.2490567379312486e-02
1.3552137365667188e-01,4.4327412149133716e-02,3.9008363532846291e-01,8.2267529185846386e-02,3.3077006175183159e-02,6.9152700328637559e-02,1.5518924979295534e-01,5.5358334496118336e-02
1.0326727494078421e-01,6.7261636543007819e-02,3.5197265878880313e-01,7.5422435640791832e-02,3.8119092798098130e-02,9.0264586023225554e-02,1.5524382270401044e-01,8.0653125343314216e-02
1.0862903113770318e-01,1.0356987065599271e-01,2.9253720652972781e-01,7.4298393182388456e-02,4.1831859079771341e-02,6.7175165066988868e-02,1.6066876693545740e-01,1.3148633309245733e-01
1.7163380892695992e-01,6.2713718652762387e-02,4.0973570923950664e-01,5.9171484355016006e-02,1.6738737542433824e-02,3.4882493148622511e-02,1.7157346987256375e-01,5.6420761043263372e-02
1.2433857805135821e-01,1.1709883133121579e-01,3.3122147248135980e-01,7.3066521093342315e-02,4.2497779666817032e-02,8.0755024084978144e-02,7.3250553373570684e-02,1.3461742159885451e-01
1.8588449860092865e-01,6.9979957289724962e-02,4.6690853225303641e-01,6.6226288278091586e-02,2.1072822095906149e-02,4.4396162800738777e-02,5.5846028534543728e-02,6.7785422891674149e-02
2.0021738721548243e-01,4.3185564918021904e-02,4.4998243121475906e-01,8.8309262064403940e-02,2.7738901759508633e-02,6.1222291403111584e-02,5.4371057116235300e-02,4.0653131632795908e-02
1.6895949439163913e-01,9.0402395926218404e-02,4.3213150015676399e-01,6.2704554478975660e-02,2.4765105403168237e-02,5.5954409905428618e-02,6.7127748175423496e-02,7.5974826825838573e-02
1.2916311150199344e-01,5.1109271143011760e-02,3.7282261557210278e-01,8.3165966611363468e-02,4.1103849004989867e-02,7.9937919469057137e-02,1.4748549067409886e-01,5.7651515937269679e-02
1.2825364000448136e-01,7.0196755349325457e-02,4.1027351502115150e-01,8.5802121697585443e-02,3.8763135337813046e-02,9.0699447210015119e-02,5.6893087342206071e-02,7.9224442865804157e-02
1.2844932339180373e-01,8.9623107065971458e-02,3.4280882971496895e-01,6.8448856100083541e-02,3.0112692141012743e-02,5.2154530618381462e-02,1.6510666731595305e-01,1.0408591532763778e-01
1.3078844496179592e-01,8.5806479908427949e-02,3.5505139259399371e-01,6.6819768648924582e-02,2.6811312491681262e-02,4.9627994160726496e-02,1.6718683162196837e-01,9.8621914838600916e-02
1.7407910008841157e-01,8.3293848003446747e-02,4.5214045909795503e-01,6.1637032267347881e-02,2.0343604148618102e-02,5.5065344108675564e-02,6.4466857260498722e-02,6.4921364855879529e-02
1.5035226392843423e-01,7.9168643618996670e-02,3.7489267609937060e-01,6.5531918434209427e-02,2.5243892966420482e-02,4.1987597093346499e-02,1.6517743108722430e-01,7.9842169575523092e-02
6.8643455845030080e-02,1.1804854347414070e-01,2.4538232238609478e-01,7.2174685290823326e-02,6.5154716575429233e-02,1.0686501416463608e-01,1.3644395036931917e-01,1.7546308422039747e-01
1.0061836551866320e-01,6.9073153355548825e-02,3.4539525420314338e-01,7.5263189610651926e-02,4.0010383152369627e-02,9.3360579453740614e-02,1.5360880100530641e-01,8.4467412572901523e-02
1.3509225921018589e-01,6.4528706957505996e-02,3.7468374379234842e-01,9.7037253700115331e-02,5.5900583356183434e-02,1.0521442837172158e-01,5.5692355668742435e-02,6.7832255786387630e-02
1.3830275790916841e-01,6.9167218010615428e-02,4.0185445440632472e-01,8.4011804797436529e-02,4.3607419776742505e-02,9.5187416822004101e-02,5.6250265407788561e-02,7.1223457196454232e-02
1.4630970798559020e-01,6.2936110848050661e-02,4.2964772568550696e-01,8.4008734756132172e-02,3.6027700542476684e-02,8.3221306720338575e-02,5.6116749020587116e-02,6.3438114604825693e-02
1.2566024211857171e-01,9.3248587642405012e-02,3.6253057877836886e-01,5.7864981700782768e-02,2.1922423265664626e-02,5.3708412396327627e-02,1.7363149836683395e-01,9.1869795714593153e-02
1.5883305762217412e-01,5.8564826498149702e-02,4.3912720599343202e-01,8.2448363504472821e-02,3.5282731812858077e-02,7.9628650547304280e-02,5.5585408806731504e-02,5.3153410805324854e-02
1.3480570476978582e-01,1.0852410475272126e-01,3.7431923131641415e-01,6.8897992421227058e-02,3.3796401246477495e-02,7.0534257287663410e-02,7.0580280115894276e-02,1.1512918577944972e-01
1.7537734078480241e-01,8.9455196898123382e-02,4.3230525187038754e-01,6.2553129383485756e-02,2.5452788870884844e-02,5.4064611088893919e-02,6.7312615429953329e-02,7.2336289782075555e-02
1.4921849472453860e-01,1.0175135396764631e-01,3.9667980583306278e-01,6.6867097078765800e-02,3.0597315289653305e-02,6.3950372569903421e-02,6.9382063814492245e-02,9.8968614791601933e-02
1.5477766913358038e-01,5.3457608017147690e-02,4.2449078146939717e-01,9.1260698112935426e-02,4.1173719356941786e-02,8.0528762799425058e-02,5.1093738377465218e-02,6.4622417985817290e-02
1.2652550659236050e-01,8.9947824930940001e-02,3.4179801610745353e-01,6.8354429689920906e-02,2.9907476092364733e-02,5.2757113055720735e-02,1.6560971653151688e-01,1.0571863906951874e-01
1.2754104000573843e-01,8.6197739034662629e-02,3.7973999336046960e-01,5.7536099966679639e-02,1.6683898322492924e-02,5.2156320242076323e-02,1.8084892363831304e-01,7.8267775997857864e-02
1.1268721461830178e-01,6.2713026772539468e-02,3.6650562252044205e-01,7.4963971718639041e-02,3.5361863974875903e-02,8.4470540744663355e-02,1.5647431249612870e-01,6.9914070649998869e-02
1.4873307994660784e-01,3.8008630264848457e-02,4.0539053423337873e-01,8.0981219626425419e-02,2.9992692672762521e-02,6.2627322386964432e-02,1.5666260859652292e-01,4.4060859502354985e-02
1.2667690479923394e-01,9.2882661725854895e-02,3.6348083605434561e-01,5.7757685429132399e-02,2.1831372713026733e-02,5.3348670271719752e-02,1.7356181304939614e-01,9.0975746930546234e-02
1.6478885919713998e-01,5.7450053481968723e-02,4.3978267048052183e-01,8.1476348544770469e-02,3.6817942372222967e-02,8.0191664459891634e-02,5.5096201636226416e-02,4.6877294975075985e-02
1.2286856838416847e-01,9.7929443340653732e-02,3.4887376563078371e-01,5.8938178501233500e-02,2.5778708899057354e-02,5.6055703073607355e-02,1.6930856450422982e-01,1.0120708168352310e-01
1.1583742395559901e-01,7.9536086333493128e-02,3.6057561699312451e-01,8.5749808916501982e-02,5.0954828972778816e-02,1.1092868473648236e-01,5.7671570895758355e-02,9.6071146863107984e-02
1.3948104130069514e-01,1.1007428796295428e-01,3.5644553196824086e-01,7.5217995946741875e-02,4.1289362168718681e-02,7.2375762697123716e-02,7.2675031335897450e-02,1.1071287671055009e-01
1.0221835311905998e-01,6.8801472636612709e-02,3.4598599909106520e-01,7.4921597605502988e-02,4.0658161599577886e-02,9.3781212890571647e-02,1.5232880405104063e-01,8.3060788986064144e-02
1.1997666176679686e-01,1.1925104149911879e-01,3.2191386230580088e-01,7.3561114889909310e-02,4.3940184714638911e-02,8.3633798481103458e-02,7.3743129115698455e-02,1.4062809434689669e-01
1.3009862482977308e-01,7.1999629096531154e-02,3.9518802755736676e-01,8.4796278386479657e-02,4.3537648852728233e-02,9.6987232959669753e-02,5.6797133391800890e-02,7.9919818217325883e-02
1.1387661503303290e-01,6.2149882351351611e-02,3.6821618718510035e-01,7.4898638729001696e-02,3.5040368327975024e-02,8.3783407879054667e-02,1.5662443444858429e-01,6.8613188022522073e-02
1.6375498940009578e-01,8.6556899440616425e-02,4.4891591634419770e-01,6.3202447710110868e-02,2.0383835126485280e-02,5.6788402445967515e-02,6.4722532660947296e-02,7.0801205229678824e-02
1.4573203276403615e-01,6.6395298825810967e-02,4.0949412273995639e-01,8.3469993384867949e-02,4.3566169085355530e-02,9.3314152514802948e-02,5.5661319429174454e-02,6.2144452726531921e-02
1.3472697020908042e-01,1.0950453679716557e-01,3.6864215383161597e-01,6.9440041423218996e-02,3.5058609153345396e-02,7.1454445359897187e-02,7.0943466356547968e-02,1.1698814812181121e-01
1.2472402496082856e-01,9.5951473260621700e-02,3.5481164151791589e-01,5.8422348616956186e-02,2.4237708209781213e-02,5.4795823824171253e-02,1.7082831021699391e-01,9.7069658943505874e-02
9.0732614026612271e-02,1.1751473599418751e-01,2.7065169747916140e-01,6.6173439363981401e-02,4.7440466393974492e-02,8.3108371147661619e-02,1.5392293608835217e-01,1.5300354696867144e-01
1.3679417049484399e-01,8.0939935230062446e-02,3.6935111112010266e-01,6.5218928820206398e-02,2.3745278716939138e-02,4.6233394595417761e-02,1.6867274094566320e-01,8.9962593809333788e-02
1.0963880608208425e-01,1.0196272000432147e-01,2.9858786463668607e-01,7.2767383920101084e-02,3.9309856571272769e-02,6.5186375886007453e-02,1.6239958463836585e-01,1.3016436428303421e-01
1.8817663926451506e-01,5.4003503629497032e-02,4.2088758774377372e-01,5.6197718370134611e-02,1.4324555265455445e-02,3.2109972393531729e-02,1.7396961179235473e-01,4.3798653073495231e-02
1.4427810315180542e-01,9.7697084375228699e-02,4.2072508033087197e-01,6.5590449085126720e-02,2.5046824320558266e-02,6.2327944826355758e-02,6.7556180429069343e-02,9.2482384374449028e-02
1.1401576069163488e-01,6.2036015949849720e-02,3.6856045221817402e-01,7.4915231278899097e-02,3.4919302905411717e-02,8.3603630459076927e-02,1.5676137847616112e-01,6.8419252885412882e-02
1.5356355783229753e-01,7.4136586608577110e-02,3.9513009897104973e-01,5.4744127350029821e-02,1.3858684007770435e-02,4.7639678948596179e-02,1.8510269886368461e-01,5.5388386263843715e-02
1.2418141485970575e-01,9.5836841008404297e-02,3.5515481983679376e-01,5.8396356062402094e-02,2.3983849235520303e-02,5.4899079494662724e-02,1.7127256657126569e-01,9.7011657382233940e-02
9.8585585829571429e-02,7.0636737967158969e-02,3.3926159212469970e-01,7.5025773329984460e-02,4.2031549006479728e-02,9.6521957652171128e-02,1.5171502710743415e-01,8.7629765075042568e-02
1.0896933030866245e-01,1.0859540866109106e-01,3.1165610672584959e-01,6.2228465260658006e-02,3.5173198402285874e-02,6.6490438379812944e-02,1.6203828217918942e-01,1.2620719871855968e-01
8.8075107201630101e-02,7.6609771981572108e-02,3.1214676485918613e-01,7.4192985969543337e-02,5.1872700908505445e-02,1.1285056583997043e-01,1.4302077334942256e-01,1.0095524541993063e-01
1.6665266376834106e-01,6.9887933805686808e-02,3.9789858893499519e-01,6.2035857602590422e-02,2.0813706612402103e-02,3.5666610722241351e-02,1.6710454201633890e-01,6.3101033627732409e-02
1.3148462520928614e-01,1.1177042143603645e-01,3.5857145510676758e-01,7.0335669900227077e-02,3.6912762844342688e-02,7.3893762875810787e-02,7.1530713680703573e-02,1.2221954334893401e-01
1.4244358082140551e-01,1.0112131901097525e-01,4.0603404580961444e-01,6.6354558654384124e-02,2.7889891191769042e-02,6.4406812740862629e-02,6.8630648824918386e-02,9.9388488055695418e-02
9.9415109745489991e-02,6.9756053046151345e-02,3.4369920727236802e-01,7.3945602476846881e-02,5.0089341991629219e-02,1.0693871219643780e-01,1.3805956476140516e-01,7.8080974548426885e-02
9.4599982774202632e-02,7.3570680485629536e-02,3.2609966729951534e-01,7.4249008317290768e-02,4.8297648893131435e-02,1.0601850802827816e-01,1.4494130895418489e-01,9.2558789866022728e-02
1.0580741603585679e-01,6.7712773661308151e-02,3.4967018519586046e-01,7.4408466600557568e-02,4.1231411333879309e-02,9.3552860822584238e-02,1.5037989034234087e-01,7.9012279642400055e-02
1.0412294408397993e-01,1.1146953053645633e-01,3.0064930790027750e-01,6.4509227344161660e-02,4.0307927194859323e-02,7.1372842591308466e-02,1.5673639760095628e-01,1.3299484301386133e-01
9.3609566262781357e-02,7.3212557772086226e-02,3.2717090219647027e-01,7.3961057706558059e-02,5.1629342599129255e-02,1.1088750725657041e-01,1.3980049147187321e-01,8.9515839580604856e-02
1.0025391577340229e-01,6.4395291783390873e-02,3.2643056022239963e-01,8.6532429432498975e-02,5.5346705516748688e-02,1.0618029861673760e-01,1.3987480585462370e-01,7.9308651933969979e-02
8.9602076411150880e-02,7.5654900552708959e-02,3.1607390642077743e-01,7.4069225714025161e-02,5.2148122284689534e-02,1.1280693561872332e-01,1.4169161363380586e-01,9.7656720284933551e-02
1.0154634100247904e-01,6.8308754613785105e-02,3.4828859297955750e-01,7.5389405440116034e-02,3.9062679495563961e-02,9.1903691736882315e-02,1.5452291780584237e-01,8.2959989665516098e-02
1.1336792743313927e-01,1.0562196413868752e-01,3.2297287187186074e-01,6.1232181599643262e-02,3.2262709833139315e-02,6.2939674170424925e-02,1.6407100588014975e-01,1.1876093033465904e-01
1.1731819323705261e-01,1.2103338676693606e-01,3.0753401148927240e-01,7.6033870672001569e-02,4.7999419531981308e-02,8.7862438651163791e-02,7.4988402381866576e-02,1.4435199930343567e-01
1.0862292202394010e-01,1.0756178257591287e-01,3.1560330838522144e-01,6.1407319628496340e-02,3.2979164242639324e-02,6.5408968569419232e-02,1.6480905994295972e-01,1.2448023074608569e-01
1.1527991449754746e-01,7.4222497592199316e-02,3.3599275646833382e-01,9.7091288821506735e-02,5.9723499944839713e-02,1.1591349719202743e-01,5.7125990213975762e-02,9.9990182000465277e-02
1.2215168789103259e-01,9.9680970312974501e-02,3.4350204927590111e-01,5.9524706228349392e-02,2.7555049632311313e-02,5.7036970853055848e-02,1.6723540278153629e-01,1.0453762239972313e-01
1.0153045504569856e-01,6.9734021361660098e-02,3.4219838468493491e-01,7.4597659437229263e-02,4.2554434326855295e-02,9.6421972749932847e-02,1.5007437559883841e-01,8.4309918962829342e-02
1.0187351736380855e-01,8.5091542212516788e-02,3.2127234223528967e-01,8.6938000982181227e-02,6.2079783239897379e-02,1.3137448327344167e-01,5.8653787030857975e-02,1.0769022697944128e-01
1.7372969421023185e-01,6.7201559258745630e-02,4.0058009676627815e-01,5.2007333793089992e-02,1.3554941857836672e-02,4.4757720835175013e-02,1.8592328359997015e-01,4.3073768006054870e-02
9.3541661086664382e-02,7.4055710144273243e-02,3.2387110723481477e-01,7.4208243306100791e-02,4.9130597084001533e-02,1.0746350107615198e-01,1.4422813983887223e-01,9.3692512636761399e-02
1.1772949214252608e-01,1.0140529329059463e-01,3.3768471786953702e-01,5.9824033408791742e-02,2.8152740096526248e-02,5.9073571865445901e-02,1.6772526113695552e-01,1.0930224836492444e-01
1.1906968932009661e-01,1.0264844955227798e-01,3.3389971275210328e-01,6.0600021436303400e-02,3.0353921921410395e-02,5.9489426765865210e-02,1.6453786338700702e-01,1.1084979724899661e-01
1.4583526678474809e-01,7.3636502877176616e-02,3.8822578481955800e-01,6.2987816048787712e-02,1.9648119112133926e-02,4.2081609998877875e-02,1.7102177028050428e-01,7.7699300171579153e-02
1.0916355843733690e-01,8.1776002106139625e-02,3.3806839896329516e-01,8.6693577885878240e-02,5.9190612668232237e-02,1.2506207417307399e-01,5.7937902298096457e-02,9.7596737431458941e-02
1.1155243560291572e-01,1.0535643808993854e-01,3.2388038706006278e-01,6.0794793304869532e-02,3.1000068245971346e-02,6.3036890441963409e-02,1.6614996085639405e-01,1.1903204804393958e-01
1.1997315748800143e-01,7.7870554883071708e-02,3.6470701398737299e-01,8.5511377816381434e-02,5.1172998299831622e-02,1.1027610346052633e-01,5.7329426631488017e-02,9.0523703300164141e-02
8.2970862003321266e-02,7.6480844833883788e-02,3.0958026821430024e-01,7.3826794209745653e-02,5.7997681096946682e-02,1.2318899722440377e-01,1.3528326852602357e-01,9.9603601577452919e-02
1.3614355442418474e-01,5.2265424697156448e-02,3.9556848346061396e-01,7.3304345860689554e-02,3.0292195947956829e-02,7.2796377727772546e-02,1.5860284028393784e-01,4.6246350318116899e-02
7.2645505247670952e-02,8.6405615755972692e-02,2.7690577301314517e-01,8.9509305877777307e-02,8.0263687718400201e-02,1.6921479227135686e-01,5.9552971285425638e-02,1.1841573049534666e-01
1.0504494139938830e-01,1.1113725516454702e-01,3.0151242783819554e-01,6.3584520318116594e-02,3.8697481384513420e-02,7.0264861660513350e-02,1.5895394596213078e-01,1.3256615691168835e-01
1.5083702395803328e-01,6.1564544952836711e-02,4.3198226080128399e-01,8.3348979794021699e-02,3.6123184069602958e-02,8.2405941585257145e-02,5.5913092082831746e-02,5.9788495882367065e-02
1.4294988838827338e-01,9.1135668291987562e-02,3.7278228493124932e-01,5.8034054281851863e-02,2.4193136519840203e-02,4.7055742964967139e-02,1.6543191074057662e-01,8.1087568834541879e-02
1.3442957297018213e-01,9.3702190159041451e-02,3.6252498326696858e-01,5.8117083705593493e-02,2.4534529049198110e-02,5.1069955794263391e-02,1.6787225840042441e-01,8.9612661405786997e-02
9.6167598755504999e-02,7.2815557669968292e-02,3.2929096090269566e-01,7.4188510353448020e-02,4.7908267935422626e-02,1.0504083991745684e-01,1.4474858721924871e-01,9.0260114110750245e-02
1.6129146411880896e-01,3.2857528638260990e-02,4.1670911350738293e-01,7.9596714594609028e-02,2.8243178197109805e-02,5.7903014335777929e-02,1.5708692054124831e-01,3.3945613582443752e-02
8.3159696663241287e-02,7.7846117707984941e-02,3.0409428632751234e-01,7.3871203320804046e-02,5.6615049863796736e-02,1.2111004280220619e-01,1.3832861801692503e-01,1.0406776056926460e-01
1.0397735093091096e-01,6.8276278765814505e-02,3.4988277819367447e-01,7.3848600734378475e-02,4.7684839846461435e-02,1.0233733818445230e-01,1.4003214738093228e-01,7.4403556470483606e-02
1.1956765775797322e-01,1.0369993852606214e-01,3.3590236578650079e-01,6.3724148479768067e-02,3.4664225599043981e-02,5.9783089727781513e-02,1.5647739775286632e-01,1.0887264602409640e-01
1.2532351494926339e-01,9.9307720132181629e-02,3.4547476203909716e-01,5.9791757556271773e-02,2.8231535392786184e-02,5.5896757272461066e-02,1.6530429922216397e-01,1.0234596043610598e-01
1.1100018565787462e-01,6.5030273411756476e-02,3.6409893725194259e-01,7.3696137913670343e-02,4.5136851657010021e-02,9.6805377148707836e-02,1.4034115864333857e-01,6.4814489156609950e-02
8.4531014042131480e-02,1.1348748450496270e-01,2.8932053127408014e-01,7.0729044173386227e-02,5.2124842880534608e-02,8.6327348055601993e-02,1.4376605411780166e-01,1.4488063983178173e-01
1.0421061875398467e-01,1.2248021294014411e-01,2.8698191196086559e-01,8.2853498754481475e-02,5.6449637644942666e-02,9.8992620586378102e-02,7.7664905571597609e-02,1.4881116979360431e-01
6.5371708680400833e-02,8.3549205455275111e-02,2.7453199349655438e-01,9.0551244192245223e-02,8.5369465795626889e-02,1.7958713621552924e-01,5.8075882618464518e-02,1.1607294087925626e-01
9.9236625795243769e-02,7.1223756754282080e-02,3.3610539779671456e-01,7.3998277579027619e-02,4.7854259946892873e-02,1.0406775000048649e-01,1.4315104247971092e-01,8.4818723891418257e-02
1.3469401528420211e-01,9.0055738349176143e-02,3.7090343881776872e-01,5.6932050038996852e-02,2.1157996142084398e-02,5.0495943861075442e-02,1.7292202120278558e-01,8.3991336195799321e-02
1.0239163851378702e-01,1.1235990119320764e-01,2.9645672476813634e-01,6.4573842592507452e-02,4.0968937630286778e-02,7.2738513305599231e-02,1.5679217510075150e-01,1.3582413228560153e-01
1.2898285810617172e-01,9.8919420935584368e-02,3.4958519291617107e-01,6.0741904683645355e-02,2.9457053279686288e-02,5.4209747947026286e-02,1.6173622320253978e-01,9.8713470604354897e-02
8.4646143200233379e-02,7.1608834177093100e-02,3.3390402350807041e-01,7.4274598345541482e-02,5.8302877480495861e-02,1.2295570579298604e-01,1.2949220223798460e-01,8.3634167228410147e-02
1.3909189128791247e-01,5.1169286842138895e-02,3.9862973665290630e-01,7.2982187780523400e-02,3.0004791132883572e-02,7.1736300737636705e-02,1.5835113828263009e-01,4.3457773785910536e-02
9.7466112509535921e-02,1.2703985250772012e-01,2.6208940714103079e-01,8.2160955293982443e-02,5.9748729402963691e-02,1.0622131062149423e-01,7.8725817259375941e-02,1.6468822627427185e-01
9.0711377861516646e-02,1.1694972469072430e-01,2.7329516939379556e-01,6.6675088763272800e-02,4.7909984032853063e-02,8.3145122474371905e-02,1.5271316726826795e-01,1.5144504947762913e-01
9.6926265114280416e-02,7.0137374115260553e-02,3.4226079221791422e-01,7.4020528599183705e-02,5.1614486848771103e-02,1.0975745613588896e-01,1.3628513300167885e-01,7.8701707864252388e-02
1.1854313129431891e-01,1.0403922617255454e-01,3.3013311211769875e-01,6.1713489442770983e-02,3.2626677683448971e-02,6.0535291688778491e-02,1.6143764707901942e-01,1.1285667739727298e-01
1.0710662963419926e-01,1.1008976929141193e-01,3.0611138436974134e-01,6.3425735395674240e-02,3.7892850968781637e-02,6.8734475771375148e-02,1.5904119358997790e-01,1.2941461656206404e-01
1.0895284627657266e-01,1.0876521866630405e-01,3.1106493197530349e-01,6.2414628375749501e-02,3.5590597019900874e-02,6.6709861744615961e-02,1.6149085542393216e-01,1.2646305994432647e-01
7.5751593808344134e-02,1.2049456779142488e-01,2.4632536417802195e-01,6.9219843661051814e-02,5.7850710533092854e-02,9.8425436691548462e-02,1.4626574274363904e-01,1.7049585112051618e-01
7.9451129796872424e-02,7.2957175181126876e-02,3.2501826240933701e-01,7.4151884233473755e-02,6.1127885012405507e-02,1.2875015803581258e-01,1.2794269955554616e-01,8.9230530578525286e-02
9.2085903626915405e-02,7.4611346886405347e-02,3.2109418842071485e-01,7.4109788218818945e-02,5.0626822802588456e-02,1.0995448739589787e-01,1.4268648847473947e-01,9.4778206982782248e-02
8.8218340978023876e-02,1.1321723054923531e-01,2.9235753848147300e-01,6.9881590178231923e-02,5.0035438496950302e-02,8.3257458985921240e-02,1.4574388588502526e-01,1.4186613705527382e-01
1.3719105811549009e-01,1.0179728233617567e-01,3.5563618097534222e-01,7.2951563275271025e-02,3.5072667289571792e-02,8.3938499516136689e-02,7.1436842512678955e-02,1.1735095657153556e-01
2.2392771433497741e-01,5.3506187656445305e-02,4.8273444163178841e-01,5.9782131189015209e-02,2.1086078291698371e-02,4.1014137321526173e-02,4.7924212020823344e-02,5.4294713870777299e-02
1.5962364163964571e-01,6.6178063350146574e-02,3.7870419123002608e-01,6.4085001458764085e-02,2.3354645885702931e-02,4.7758976942782888e-02,1.6627698532152815e-01,7.7187814779974551e-02
2.0718047752200927e-01,5.6592121578257090e-02,4.8813836188400339e-01,6.3845478819185827e-02,1.5241083642370406e-02,4.5011617430176280e-02,4.8218848292666976e-02,5.6725816694173273e-02
1.7014334900950545e-01,5.1222297852839126e-02,4.2392504902316430e-01,8.2081856475257564e-02,4.2629183757905878e-02,8.7004132396085287e-02,5.0032256531151079e-02,5.7079554287149122e-02
1.2480179528439587e-01,5.4579773503883607e-02,3.4186775771746991e-01,7.5678690198608775e-02,4.8155246997349445e-02,1.0077641768613584e-01,1.4306974118406302e-01,7.2492847005717120e-02
1.3198017614363855e-01,4.1842294269062844e-02,3.6145478613951065e-01,8.5548555305587887e-02,3.8929441072543522e-02,8.5277655288866133e-02,1.5187518047609766e-01,6.6749571464668922e-02
1.0644949257410639e-01,6.1916530550438269e-02,3.0605402722896696e-01,7.7513408979708209e-02,5.5204134561143627e-02,1.1903873072088440e-01,1.4085063693151167e-01,9.1214502158139615e-02
1.4171028320511642e-01,4.4910136963651828e-02,3.8280762801629836e-01,7.4891377590093941e-02,3.3266642003193181e-02,7.9453443084520028e-02,1.5702858090810995e-01,5.2575049071230402e-02
1.3204026493957438e-01,8.4808221164302741e-02,3.0938547521332976e-01,7.3617987562094978e-02,3.7935066242677423e-02,6.7173260082320871e-02,1.6159795017758566e-01,1.1306966780945328e-01
9.6212932702225140e-02,6.4406913931853008e-02,2.8257181603481962e-01,7.7882584528182211e-02,6.4346261256416834e-02,1.3457581698020271e-01,1.3461846448564577e-01,1.0158402198954029e-01
1.2137956954586362e-01,4.3701456106880851e-02,3.6192706476963804e-01,8.7537335254228521e-02,3.4403125066286497e-02,8.6607671111296344e-02,1.5680484206023981e-01,7.0813317655000985e-02
1.1421898280646477e-01,5.8725205564557549e-02,3.2689559593912071e-01,7.7164454497750570e-02,4.7929084031436864e-02,1.0733666259379353e-01,1.4608629870076678e-01,8.1847020811828583e-02
1.4906809384873593e-01,2.8322833539250865e-02,4.0971081648699947e-01,8.4870088028181079e-02,2.3006817574155347e-02,6.3764190632965345e-02,1.6290912293037163e-01,4.7697115673948555e-02
1.4065573385851007e-01,7.3847194046063297e-02,3.8960638483516596e-01,5.8580552016827318e-02,1.1293140014430053e-02,5.7804145317542376e-02,1.8499854315615344e-01,6.3361324637178751e-02
1.1079695408634323e-01,5.7091060089680283e-02,3.4657420659338423e-01,7.9256289890431680e-02,3.6196651165125569e-02,9.7988784827027914e-02,1.5815345857731916e-01,7.5821061019851851e-02
1.2250008721275693e-01,5.3366561858687454e-02,3.5568873462143596e-01,7.7169999766243919e-02,3.7713801275171661e-02,9.3130336066514122e-02,1.5471203244267448e-01,6.8832734990220371e-02
1.1408433955867496e-01,5.8664773721132372e-02,3.2821855048112447e-01,7.7282764846218710e-02,4.6945453743481358e-02,1.0652640818489585e-01,1.4711559585276779e-01,8.1512310146344857e-02
1.3428569964482809e-01,6.4894538346607092e-02,3.3999015326883975e-01,8.8303053484737742e-02,6.4613692138114437e-02,1.2551095660510020e-01,5.1870615894553600e-02,8.5911886133946791e-02
1.5657438284859190e-01,6.3118404638824760e-02,3.9205525452198170e-01,6.3289868976976069e-02,1.7635307119542854e-02,4.7673904267582896e-02,1.7074069916769805e-01,7.1576521583956693e-02
1.3448990789962348e-01,4.8421490085214389e-02,3.7162660111979240e-01,7.5569292921917261e-02,3.5874967172099537e-02,8.5163973331746343e-02,1.5484365668224698e-01,5.9092589956692261e-02
1.2928530761179977e-01,5.2401657860055399e-02,3.5300971920430357e-01,7.5391098499343071e-02,4.3858212124407644e-02,9.4583124469372767e-02,1.4680985293172941e-01,6.7419212807498935e-02
1.2735138092984932e-01,9.4036683064670362e-02,3.0991789253781926e-01,6.4142557487940066e-02,3.6801776607158963e-02,7.1566111602407265e-02,1.6097326755380628e-01,1.1568055181576289e-01
1.2540468142072156e-01,9.5299478771282586e-02,3.0325757504021394e-01,6.4899042247629046e-02,3.8786387123987347e-02,7.3596721091759423e-02,1.5964527003909063e-01,1.1945996109667832e-01
1.1605352203859866e-01,9.9690056402326171e-02,2.7555250023282762e-01,6.8391009992534210e-02,4.8175152756818711e-02,8.3619678717716542e-02,1.5341253480693204e-01,1.3520015598441659e-01
1.5031275543092776e-01,7.0174416336103829e-02,3.9342010149656104e-01,5.7151147341307780e-02,1.1159880450326062e-02,5.5546979346255292e-02,1.8575948481756141e-01,5.7355605327024613e-02
2.1345767980013616e-01,5.6180503849264922e-02,4.8198001308842658e-01,6.1947657064163844e-02,1.9259370506933448e-02,4.3641010498117215e-02,4.9118292384265037e-02,5.7242625964272709e-02
2.7264096020178202e-01,1.7697088911455362e-02,4.3154295163856726e-01,1.0522915912603259e-01,2.3696711630847203e-02,3.4236353218278184e-02,3.1683049079271657e-02,5.7685703288661815e-02
2.1534941758888543e-01,2.3086006659925707e-02,4.8878148827231016e-01,8.6650251297949843e-02,2.6357114214982835e-02,5.1625818427653743e-02,3.8430483181475503e-02,4.2727800838476528e-02
1.4721615683971911e-01,6.5182712600370507e-02,3.9042007426842601e-01,6.4891589860334942e-02,1.5714793840443841e-02,5.0674065547064273e-02,1.7297029276458525e-01,7.4362550460576229e-02
2.3294383641471167e-01,1.9339773529484808e-02,4.8655853919786346e-01,8.7381468705570481e-02,2.5016876486572241e-02,4.5188928362934179e-02,3.5516456119360031e-02,4.2962655571622384e-02
1.9889141506001295e-01,6.0231825540140657e-02,4.7936691419521854e-01,6.4963273471545638e-02,1.7427230782415242e-02,4.7228326822519907e-02,5.1107553595548666e-02,6.1792311461338775e-02
1.4013955362636571e-01,7.1105667173781265e-02,3.8984397472425319e-01,6.2610950479476762e-02,6.4228233746842075e-03,5.9905031926330114e-02,1.9376737089783075e-01,5.3490999128280960e-02
1.9637110508689848e-01,2.8110699620980711e-02,4.8784754927958601e-01,9.0812726985904368e-02,2.3438770296360729e-02,5.5538452358868035e-02,4.0759572467898610e-02,4.7717591396723449e-02
1.5471623332152426e-01,4.2564307030120069e-02,4.5352041917153801e-01,9.4799382803737481e-02,2.8993422544903055e-02,7.7209162558277949e-02,4.8414043104810921e-02,6.3975409640183070e-02
1.6679220050981883e-01,3.6070002081038263e-02,4.8444055392560237e-01,9.6455532890408174e-02,2.0049123693480022e-02,6.2844980820438670e-02,4.4677465396957855e-02,5.5494528123556167e-02
1.3535166557384792e-01,5.6398586145997361e-02,3.7596175527986703e-01,9.7505881525061150e-02,4.7210071223461297e-02,1.0528962120398437e-01,5.3600456158287409e-02,8.6716928434300025e-02
1.3351041850773471e-01,7.4153670891037152e-02,3.6243205751836705e-01,6.8550603701555732e-02,2.0841709201326993e-02,5.8388674191425467e-02,1.7137472820563876e-01,9.0652089155678642e-02
1.2048031278230228e-01,4.5307381185690755e-02,3.8847914832340336e-01,9.3520163576865142e-02,1.2070796710176690e-02,7.0048270095492526e-02,1.8840618658328609e-01,4.7824115499909059e-02
1.9762822383888554e-01,4.2624500899567000e-02,4.1500282606462813e-01,5.7722468181616110e-02,9.3212927016148323e-03,3.9452373544513482e-02,1.7883225256414140e-01,4.3317338783040144e-02
1.4539719166787679e-01,6.1524164654473669e-02,4.0523190893526140e-01,6.4984560118147544e-02,1.0019053549981666e-02,4.9654529561943821e-02,1.7706704358971773e-01,6.6744039851750467e-02
1.0868652450255120e-01,1.0312312388557320e-01,2.6363487735381325e-01,6.8444178530149016e-02,4.5928816480559242e-02,8.8663217888875656e-02,1.5833344139392633e-01,1.4204165398788499e-01
1.2375128821172003e-01,5.1699447456273182e-02,3.6416155934007355e-01,7.7566445563182873e-02,3.4277857261354766e-02,8.9321724370770225e-02,1.5812379373389762e-01,6.5076871107840120e-02
1.3966845370870268e-01,5.8773143881112093e-02,4.2446565084511534e-01,8.8582765132663832e-02,3.2784307318850153e-02,9.2334240354472033e-02,5.6599534199547524e-02,6.8675754798360328e-02
1.4305345329612398e-01,4.0568184897687098e-02,3.5826312229688329e-01,8.4029535904152644e-02,4.7804923147701996e-02,8.5972953405244731e-02,1.4248070082914874e-01,6.0991134754329802e-02
1.6327372718718439e-01,8.9314882477227880e-02,4.0565976145078858e-01,6.6507515789469937e-02,2.9170208703711731e-02,6.8143357586684938e-02,6.6044660441946582e-02,9.0338081091160913e-02
1.9196574705101380e-01,4.1542842244366031e-02,4.6280064090709550e-01,8.2927662620601583e-02,2.8861009960354237e-02,6.7548359462340321e-02,5.0214374066964121e-02,4.4003796194879971e-02
1.2690268181816478e-01,5.3745373187476367e-02,3.4505013089913750e-01,7.5398698227504196e-02,4.8021070544650588e-02,9.9325021967898983e-02,1.4266560013056293e-01,7.0586148123753537e-02
1.0936420326929482e-01,5.9522397417274928e-02,3.3102688816603171e-01,7.8534654155760913e-02,4.2222454358415040e-02,1.0484545917446146e-01,1.5276052435220100e-01,8.2309341124611440e-02
1.0532316382103446e-01,6.1361754045272145e-02,3.2317008433267991e-01,7.8959248495248976e-02,4.3514833229501164e-02,1.0852942187988672e-01,1.5243574652232092e-01,8.6565736089955603e-02
1.0468578715489764e-01,1.0882317910650764e-01,2.0474741302574248e-01,1.0476948562127227e-01,8.0229593684391753e-02,1.2467944988961172e-01,8.0543616244638322e-02,1.6424345162048568e-01
1.3106889494692203e-01,6.0531590029504201e-02,3.4260921781292553e-01,9.8927302935406108e-02,5.6698078981001584e-02,1.1709237712286903e-01,5.4732267598662357e-02,9.4001668895530369e-02
9.4688419206363617e-02,6.6684693085138261e-02,2.8156083294733986e-01,7.8600695951826310e-02,5.8647794832284099e-02,1.3069062470162462e-01,1.4138554328155570e-01,1.0426229172539202e-01
1.3355861287281906e-01,5.1055528992193649e-02,3.5412612570011709e-01,7.4407787778474246e-02,4.9644364728997054e-02,9.6119587765885431e-02,1.3885214878116528e-01,6.4422210537985872e-02
1.4604758506179769e-01,9.4225408783611950e-02,3.9829605422610365e-01,6.9279694773340408e-02,2.6761145279448728e-02,7.4741438750557332e-02,6.8999836228386388e-02,9.7901072940146897e-02
1.0588573933219307e-01,6.1322198129071394e-02,3.2228902339956789e-01,7.8777973821551273e-02,4.4256575029063105e-02,1.0894716491612851e-01,1.5163427330842594e-01,8.6691389341178399e-02
1.1131020135121900e-01,5.6553380526261993e-02,3.4940006786762146e-01,7.9349921729714862e-02,3.5255467919219186e-02,9.6764771327058532e-02,1.5896927144809883e-01,7.4522613743505828e-02
1.5722742690151051e-01,7.4895598892496126e-02,3.8011685076362217e-01,5.5352075760901995e-02,2.1017867218433954e-02,5.1833468551306557e-02,1.7183193959608262e-01,7.1227157730452989e-02
1.1974346862166475e-01,9.6888123667085477e-02,2.9988774965553971e-01,6.5075038392293214e-02,3.6471371516029680e-02,7.6319258974818380e-02,1.6321674600567998e-01,1.2191288522853215e-01
1.5050444440656299e-01,5.3897361543973135e-02,4.4446207071239635e-01,8.8219560657844878e-02,2.8630883368199894e-02,8.3251090450583015e-02,5.5355930897798278e-02,5.9780643999162345e-02
1.3347200171575455e-01,8.8391344507341207e-02,3.3718594600756774e-01,6.1273062645877605e-02,2.8629204126045762e-02,6.4785366767692948e-02,1.6711824805628031e-01,1.0004410218310596e-01
1.1761056878742937e-01,9.8139998415892035e-02,2.9360753400285988e-01,6.5661103871541726e-02,3.7865733882789611e-02,7.8385510026268257e-02,1.6258750789092560e-01,1.2546968092290800e-01
1.1260139912969783e-01,9.9733622259223512e-02,2.8925884726050061e-01,6.6084385042097668e-02,3.6720183967492825e-02,8.1017985047471208e-02,1.6482253712784767e-01,1.2840831851162868e-01
1.2844417159994007e-01,5.2775537377955553e-02,3.4553386585232804e-01,7.4944919769731888e-02,5.2810006310339080e-02,1.0162831280822436e-01,1.3635314724272160e-01,6.8577870642435451e-02
1.4101994470646254e-01,4.6975840434488894e-02,3.7367658879252974e-01,7.4118365504755854e-02,3.8848122739029406e-02,8.4027230696062175e-02,1.5033256214278773e-01,5.6293772107521088e-02
1.3505180828097468e-01,8.9354178844062715e-02,3.3087202680056588e-01,6.1803710591916312e-02,3.1898487741733303e-02,6.5066367959089558e-02,1.6374793710224825e-01,1.0340450733816893e-01
1.0666012008934701e-01,1.0352356030109898e-01,2.5362878121761090e-01,7.0042970930451823e-02,5.1863809282354116e-02,9.2726866381172918e-02,1.5339501409333017e-01,1.4753917122301810e-01
1.0952574605113173e-01,5.9398458164534124e-02,3.3175103487673119e-01,7.8543703436833270e-02,4.1979476302717013e-02,1.0450924500299637e-01,1.5295425333659704e-01,8.1987260056725214e-02
9.1837304295947705e-02,6.5143930405554454e-02,2.7344420013216908e-01,7.8017863949847194e-02,6.7791586741559981e-02,1.4102611890574593e-01,1.3251852337298903e-01,1.0573710925047555e-01
2.8265970845407912e-01,4.1173860713826650e-02,4.4342793662020591e-01,6.7455552995815210e-02,1.8832752499630415e-02,4.2011960191525907e-02,3.3862262343069487e-02,4.8554885412004277e-02
1.9015955881899499e-01,3.0012455316337543e-02,4.9097526206231978e-01,9.6648730311278672e-02,1.8140051061666034e-02,5.2338330172980965e-02,4.0324815633153245e-02,5.0872684241132823e-02
2.1062772143324732e-01,2.7583176334637808e-02,4.8030134669373931e-01,1.0269019366925274e-01,1.6154219975282776e-02,4.3296147748677870e-02,3.6490611524842308e-02,5.3029871229804154e-02
2.1875069684532339e-01,5.4019898992133920e-02,4.8622959243525360e-01,6.1009267087655972e-02,1.8301574052272330e-02,4.2490325403041609e-02,4.7573076896208759e-02,5.4597399460357125e-02
1.9318650705139864e-01,3.0425078514548818e-02,4.7411716120963587e-01,8.7809242955323316e-02,3.0600691349326525e-02,6.2959517984578731e-02,4.2372719849672648e-02,4.8004820306267591e-02
2.1092834340461994e-01,5.5063571572398995e-02,4.9217952948768146e-01,6.8155239961757583e-02,1.0077461668345182e-02,4.4452671300324868e-02,4.3504737763418011e-02,5.3076257661047489e-02
2.1442552090364717e-01,5.4060446671511740e-02,4.9204214798187923e-01,6.5435723036580309e-02,1.2057153239852108e-02,4.3872890398972464e-02,4.4290178367112971e-02,5.2992368680185753e-02
1.2866611212652437e-01,8.3522743821911147e-02,3.1944345979047539e-01,7.2468994297700651e-02,3.2669260392632994e-02,6.6727982199690103e-02,1.6548619332137279e-01,1.1025115397015292e-01
2.6386172235120658e-01,4.3505855342208813e-02,4.7195205194961526e-01,6.0271081161765737e-02,1.7914030985615319e-02,3.9624054959592668e-02,3.6672200946934241e-02,4.7785401915022473e-02
2.3480169078668878e-01,1.9120505683377514e-02,4.8536735140690312e-01,8.7830124282150118e-02,2.4789343763072187e-02,4.4483689616032961e-02,3.5185349172601396e-02,4.3445269836426915e-02
1.1412114723112816e-01,5.8675975266485984e-02,3.2002697146637032e-01,7.6620296725378317e-02,5.4535488972073311e-02,1.1302777088359928e-01,1.3902389059726239e-01,8.3165861524253912e-02
2.1214340734757944e-01,5.6513826948387046e-02,4.8191175515975521e-01,6.2222118932369265e-02,1.9026014605220739e-02,4.3962580505728925e-02,4.9265024762047409e-02,5.7600383611652567e-02
2.0190449059872867e-01,5.7664013560793932e-02,4.8989074240108027e-01,6.5403970025618235e-02,1.3458505762149096e-02,4.5997679369347462e-02,4.8230213101043862e-02,5.7280145987142324e-02
1.4603984592608349e-01,9.3241398568889050e-02,4.0524480272566948e-01,6.8945653851470987e-02,2.5061272034225136e-02,7.3839176341884541e-02,6.8800147708867124e-02,9.4994030432974511e-02
1.2341126150412757e-01,4.6546245232060329e-02,3.8870946371348591e-01,8.1821980345521031e-02,2.1954718066944268e-02,7.8132814538202686e-02,1.7237911161189284e-01,5.3351794869185565e-02
1.9454011677664934e-01,3.1673092022013044e-02,4.6283784656149873e-01,8.6745324551883732e-02,3.5898654946584452e-02,6.6625760751866728e-02,4.2487644954089819e-02,4.7861858799372270e-02
1.9390326915669215e-01,4.8136527103314446e-02,4.1815199456075375e-01,5.5284729743432785e-02,1.6424286965889958e-02,3.5674298931797258e-02,1.6946202202512151e-01,4.9830750806511497e-02
1.3544935723669960e-01,4.7149356286566656e-02,3.7712046595975435e-01,7.5889714781567114e-02,3.3306514680413686e-02,8.2566818907008177e-02,1.5770128151696525e-01,5.6589752089571697e-02
1.4075515112690251e-01,4.5626584315916173e-02,3.8030012218782272e-01,7.4843018504686207e-02,3.4294056383680223e-02,8.0714423852602316e-02,1.5587738849420396e-01,5.3868933110437771e-02
1.5653317210055734e-01,5.6213669657129602e-02,4.0830307988909470e-01,8.4335730562723171e-02,4.3566217096589241e-02,9.4670128720592078e-02,5.2250558089957738e-02,6.6184100160820089e-02
1.4958939392380630e-01,3.0423991139601814e-02,4.0129438845446858e-01,8.3538090785030911e-02,2.7755733900836108e-02,6.7419987626330835e-02,1.5862028117959170e-01,4.9869919589974811e-02
1.2653797474681697e-01,8.5541324980112507e-02,3.1006018701577515e-01,7.3500657242726433e-02,3.5015280899208197e-02,6.9114208424458951e-02,1.6458337937944861e-01,1.1460457067562876e-01
1.0873830860097902e-01,5.5408919075392978e-02,2.9424677694391910e-01,8.9292385607042196e-02,5.9224380691021483e-02,1.1670756864981993e-01,1.4189108031071129e-01,9.1512819313102414e-02
1.6838698301043128e-01,7.2246849083942730e-02,4.5127743142099636e-01,7.1571092756011687e-02,1.9635934418834051e-02,5.7679654003108261e-02,5.7939751398518501e-02,7.9322078497400361e-02
1.6882599029281045e-01,7.0102124628573403e-02,3.9050239999896497e-01,5.2956663554946076e-02,2.0379822160831670e-02,4.7459362456598250e-02,1.7187178919926227e-01,6.2730387977980806e-02
1.3243433208817812e-01,8.3063656085438156e-02,3.1878048720175611e-01,7.2427436284868724e-02,3.4490409981054578e-02,6.5462501506867249e-02,1.6364308322368851e-01,1.0938526889536544e-01
1.4037164723532544e-01,4.3665554694919395e-02,3.8858361477979719e-01,7.6227323398978669e-02,2.8958275440217444e-02,7.6746387703067201e-02,1.6259914446011839e-01,5.0260230344482092e-02
1.4376981050478124e-01,4.5198131624819886e-02,3.8026120006590358e-01,7.4038631766786683e-02,3.6191376479866796e-02,8.0615182826213994e-02,1.5315320167274446e-01,5.3029147998951455e-02
1.3216415702529682e-01,4.2109394685115265e-02,3.9451930762190784e-01,8.5712734953941591e-02,1.6726885992848984e-02,7.0221992765947761e-02,1.8090962306211003e-01,4.5629346032733394e-02
1.4073947030519376e-01,5.6837734737268372e-02,3.5557652263975298e-01,9.7484484368128940e-02,5.6494174000501926e-02,1.1111312570278546e-01,5.2558217875080006e-02,8.6087119690298794e-02
1.5095860823521784e-01,3.6788038180936178e-02,3.7225925610543797e-01,8.2601882263812848e-02,4.4385593599841039e-02,7.9129431829490962e-02,1.4392936358914987e-01,5.4869627927552185e-02
1.0052982815828368e-01,6.4467791507188968e-02,3.0076995858586458e-01,7.8637671439879223e-02,5.1623063776420293e-02,1.1973378482977440e-01,1.4622851770487205e-01,9.6043998925463309e-02
1.3882260288220633e-01,8.4212870671537141e-02,3.5345800394588817e-01,5.9527132876878067e-02,2.4771123120540511e-02,6.0710863587137433e-02,1.6989823516908362e-01,9.0036516353453111e-02
1.6367787260580102e-01,7.3398397620357561e-02,3.8277048255590257e-01,5.4376092508530968e-02,2.2320872661356374e-02,4.9136120004735447e-02,1.6963526042469224e-01,6.9047301359463534e-02
1.4887605977103485e-01,9.7450305038427401e-02,3.6927074107753732e-01,7.0905744702764728e-02,3.4954083552599199e-02,7.7704477104487468e-02,6.9053083540363117e-02,1.0859912075101127e-01
1.1155171015624706e-01,5.6293460297526299e-02,3.5074769330020139e-01,7.9398455400281162e-02,3.4805228602297851e-02,9.6183174031539642e-02,1.5936430281343178e-01,7.3900086790358019e-02
1.7140040354167849e-01,6.5420326091657932e-02,3.7639717686958213e-01,6.3759310666193780e-02,2.8835184513215664e-02,4.3195757956738703e-02,1.6038930489747780e-01,7.5198809392042390e-02
1.3958916682834224e-01,7.7633232039117400e-02,3.4122938344164938e-01,6.9683410263749135e-02,2.9484175534070921e-02,5.9378825713352408e-02,1.6530540825163928e-01,9.8319592124759242e-02
9.0902173985653797e-02,1.0078733820308793e-01,2.0593634459244067e-01,9.0576627565608470e-02,7.3054982316551331e-02,1.0926345158453167e-01,1.4754017181230819e-01,1.5984261802915753e-01
1.2237768279662081e-01,5.1562340995347671e-02,3.6631625814852309e-01,7.8117377722614720e-02,3.2673348200699448e-02,8.8538134372844995e-02,1.6001197899513450e-01,6.4524887890045124e-02
1.4012386969214333e-01,8.6582016814596610e-02,3.4152781399471610e-01,6.0517171536286621e-02,2.9964841667483436e-02,6.1581003583655786e-02,1.6458937820744118e-01,9.6871121975223601e-02
8.9530486595804898e-02,6.7575922109626430e-02,2.6704728400967492e-01,7.8488665465190066e-02,6.5144546409056592e-02,1.4073888740502535e-01,1.3670739547120059e-01,1.1016946476293699e-01
1.6127796990330645e-01,5.5150792410294823e-02,4.0605851764471912e-01,8.3515294790068723e-02,4.6529642643511324e-02,9.4674283645316618e-02,5.0698923491381151e-02,6.4131468804246500e-02
1.3075053146433138e-01,7.8768926297801661e-02,3.4246689621814402e-01,7.0289836535491090e-02,2.6048937252497899e-02,6.2270732586882968e-02,1.6883883179045628e-01,1.0012164625489306e-01
1.2061939830909650e-01,5.0342265614229616e-02,3.1479243805895707e-01,8.7931030220678566e-02,5.9429516078268602e-02,1.0838803305888929e-01,1.3795031646836972e-01,7.8868060727482134e-02
1.1869343212641560e-01,9.4101942007074807e-02,3.1894518054332904e-01,6.3744735071389641e-02,2.9021626262265614e-02,7.3066790727557202e-02,1.6956688659058891e-01,1.1195544860396038e-01
1.4605449828392839e-01,5.4353512680273310e-02,3.6864568385874014e-01,9.6370101708106892e-02,5.3940275200682591e-02,1.0574085771081961e-01,5.1460173154926271e-02,8.1498384485513151e-02
1.1951189234216120e-01,9.4040503393491445e-02,3.1848343389373762e-01,6.3699659257442504e-02,2.9493794444685129e-02,7.2864605055795631e-02,1.6902602710586120e-01,1.1209123824244299e-01
1.0884612511141016e-01,5.9483821182682278e-02,3.3228662525967506e-01,7.8732038283934810e-02,4.1362327335510853e-02,1.0428541433246127e-01,1.5366904370544957e-01,8.2008292851661058e-02
1.0954937838613753e-01,5.9380207752345586e-02,3.3185735103759689e-01,7.8545062591067874e-02,4.1943816218149528e-02,1.0445997018082877e-01,1.5298274019841060e-01,8.1939944214476951e-02
1.2175607655425705e-01,9.6098887599061142e-02,3.0278620698000197e-01,6.4797974714083315e-02,3.6438823058726144e-02,7.5016302844148258e-02,1.6273434512045309e-01,1.2013236130015727e-01
1.0727249134694362e-01,5.9166665124936457e-02,3.3726218149467840e-01,7.9417797977370155e-02,3.8446375859560365e-02,1.0220935260057976e-01,1.5666092934080791e-01,8.0564770536818694e-02
1.2781346585557199e-01,8.5936528855452277e-02,3.5332313252019887e-01,6.0900862301126527e-02,2.1128384024700572e-02,6.4636822342817743e-02,1.7484571917483652e-01,9.1362666550414473e-02
1.0527665478481620e-01,1.0456404238619538e-01,2.5241801391500368e-01,6.9555261420528924e-02,4.9515047481420237e-02,9.3007703186007651e-02,1.5629981153578870e-01,1.4820461470992380e-01
1.4226429626293072e-01,4.7635502548788691e-02,3.6857519382847481e-01,7.3402530504392813e-02,4.5229531124108123e-02,8.7740099133769331e-02,1.4220137005672770e-01,5.7024801231642198e-02
1.2314868758553020e-01,9.6777334680606314e-02,2.9367882984994376e-01,6.6192743310721600e-02,4.2660926709249765e-02,7.6510022709954870e-02,1.5657656851118354e-01,1.2482786874148212e-01
1.2361593028570195e-01,9.6188127639228585e-02,2.9900306208381927e-01,6.5334318529246246e-02,3.9636760551947495e-02,7.5133804680986307e-02,1.5935515554737914e-01,1.2191779755737721e-01
9.4562319100139916e-02,6.6721266469132706e-02,2.8118464597702780e-01,7.8600170320265159e-02,5.8791552853735669e-02,1.3092127425735500e-01,1.4128848215771009e-01,1.0442236777589604e-01
1.2437834422242071e-01,9.2680423606252740e-02,3.2162429134969811e-01,6.3111518166594591e-02,3.0416247634025173e-02,7.0590565310715211e-02,1.6729093141303789e-01,1.0974575854187668e-01
9.0080525929646424e-02,6.6613525915247773e-02,2.6844740354903684e-01,7.8269522186295015e-02,6.6808490960346772e-02,1.4173937486630611e-01,1.3457676032108612e-01,1.0883197008867453e-01
1.0125386920408912e-01,1.0635866873450912e-01,2.4314196801198704e-01,7.0076468208032941e-02,5.0461073866650837e-02,9.6761025054942121e-02,1.5699599941456527e-01,1.5338318971265846e-01
1.2731475046596938e-01,6.8896451047812918e-02,3.3767116615624215e-01,8.8813217813304104e-02,5.8145247643408449e-02,1.2494534562727745e-01,5.5589864689430085e-02,9.4201073112438527e-02
1.7021979022682271e-01,6.2212956284165892e-02,3.8809351231549927e-01,6.1968172758457493e-02,2.3345416757633550e-02,4.3224067317409944e-02,1.6495900303801436e-01,7.0466727871282317e-02
1.1134730876025425e-01,1.0173912179760189e-01,2.7322828779703556e-01,6.7524890474360624e-02,4.2994578460965216e-02,8.5256294744033082e-02,1.6002826050000105e-01,1.3679407218058334e-01
8.9257744818486764e-02,1.0306420140404610e-01,2.1827636272774512e-01,7.6137590021551627e-02,7.1054370344608084e-02,1.1507970682589384e-01,1.3899459901314515e-01,1.6978939611889904e-01
1.0945561304519044e-01,7.3373391655702516e-02,2.8616687777591820e-01,9.1369469688455190e-02,7.3166186960222271e-02,1.5105957015300245e-01,5.6740457563475524e-02,1.1034039293674977e-01
1.0059503103494330e-01,6.4018011697085903e-02,2.9287447020196850e-01,7.7913905099580752e-02,5.8562940546121003e-02,1.2624797978443758e-01,1.3933025689775960e-01,9.7650283271938254e-02
9.7104183551360093e-02,6.5943930284736940e-02,2.9215447787112675e-01,7.8859111270669205e-02,5.3627150923103377e-02,1.2404042471666948e-01,1.4538002198546723e-01,1.0026309665064356e-01
1.0251110349304186e-01,6.3647424805168704e-02,2.9971440617750672e-01,7.8051642146127892e-02,5.4708068251996679e-02,1.2136231068330668e-01,1.4265005647810028e-01,9.5211050900923577e-02
1.2898033364479408e-01,1.0930107275391050e-01,2.9596048312725898e-01,7.8479682673383233e-02,4.9559134000083459e-02,9.7581721903960972e-02,7.3653170427442891e-02,1.4129021589074278e-01
1.1509370544904247e-01,5.7884708037866307e-02,3.3372465616255137e-01,7.7402844481254479e-02,4.4504221952096946e-02,1.0365067299771540e-01,1.4931352517817242e-01,7.9318144187230502e-02
1.0712766042575124e-01,1.0133679222916085e-01,2.5677357948974033e-01,7.1502161651650090e-02,5.6662062654547506e-02,9.3140577174098738e-02,1.4744546142729276e-01,1.4643602420854340e-01
1.2755930756486095e-01,9.4567582799167244e-02,3.0546003871333566e-01,6.4810031535574630e-02,3.9429015371176442e-02,7.2349165415185102e-02,1.5841790500041281e-01,1.1806769778085734e-01
9.8231365897251899e-02,5.7517043718607587e-02,3.0252139054729960e-01,7.7363226513986624e-02,7.2044796670775985e-02,1.3730803039448117e-01,1.2213853444048722e-01,8.9030904181275530e-02
8.8901761108687083e-02,1.0735203829483148e-01,2.0885366296416577e-01,7.4365533404986847e-02,6.6154658339036637e-02,1.1474102011496591e-01,1.4645726586677765e-01,1.7307241652865862e-01
1.3439502698700007e-01,9.0681542363564377e-02,3.2386255915611228e-01,6.2642572841697011e-02,3.4730220018885212e-02,6.6382081093830342e-02,1.6117965567423684e-01,1.0735943721630994e-01
1.3777630770390850e-01,4.6388844804055224e-02,3.7892208473955996e-01,7.5479552967692390e-02,3.3484404039217562e-02,8.1558662446683347e-02,1.5721457093184282e-01,5.5228682668308361e-02
8.9671135345930769e-02,9.7555219068389668e-02,2.2767953309299005e-01,7.9000290085873420e-02,7.7853634726180079e-02,1.1656273569150569e-01,1.2784056719473172e-01,1.6811916896029308e-01
2.2382686354513429e-01,3.3344185540317421e-02,4.3955395185827378e-01,1.1710437579675535e-01,2.1543705936058196e-02,3.0838002337821038e-02,3.2920333326069730e-02,6.5310155370585474e-02
2.2178986718840471e-01,5.8896043626017816e-02,4.7218277392697450e-01,7.0588167644379043e-02,1.6026387414961825e-02,3.8072320591936881e-02,3.8588619272171901e-02,5.6748079528650935e-02
2.3140215257757740e-01,6.1871507435461527e-02,2.3684722102579628e-01,8.0303544947166641e-02,2.6069937968619727e-02,7.6391232463868405e-02,2.1628508206669617e-01,3.5597489226506442e-02
2.2520474562022452e-01,2.8740076982747220e-02,4.7423728772483154e-01,9.4596111138835245e-02,2.4005383885963166e-02,4.3013747533714182e-02,3.6122039566758794e-02,4.3220822480211231e-02
2.0674466357710980e-01,3.2122272258359223e-02,4.8226508578445842e-01,9.3683932879930126e-02,2.3685150082869970e-02,4.5008996937654179e-02,3.7903738725047792e-02,4.7271986451993528e-02
1.9390708578480226e-01,6.4769518569667159e-02,4.8697709231548525e-01,6.6953590844939292e-02,1.5555317064381504e-02,3.8328324155526235e-02,4.4953375992646316e-02,6.4829403818525339e-02
2.4173048001610611e-01,5.5083029787112284e-02,4.6071679242653490e-01,6.9811338975803675e-02,1.7806916861596130e-02,3.9807762056085202e-02,3.7212718227747452e-02,5.0625809895164596e-02
1.9666322736731875e-01,7.0659707533716642e-02,4.6677903618795874e-01,6.5321309580658279e-02,2.2453129800253532e-02,4.3266349242718348e-02,5.4441388752808559e-02,6.0711569508999294e-02
1.7251893416250327e-01,5.3113588224535990e-02,4.6023723884548967e-01,8.6031930733162176e-02,2.7748311845166948e-02,6.6627093388762465e-02,5.2636912444244649e-02,4.6841059593115783e-02
2.1454776576901757e-01,3.0052609159650918e-02,4.8426964390796190e-01,9.0744603326539039e-02,2.4677043747297227e-02,4.7143637045657057e-02,3.8474745007604429e-02,3.9357987638725063e-02
1.5550605234151271e-01,3.0603901266091655e-02,4.1925529441437626e-01,8.3795169960928270e-02,2.1333549966349192e-02,5.0601960336644401e-02,1.6567875846240021e-01,4.3316932936161165e-02
1.7519665343894861e-01,5.6382427208271226e-02,4.1757753016406668e-01,5.8603187404701232e-02,1.1809333873091169e-02,3.5694216974215327e-02,1.7625786336178284e-01,5.0244606656258635e-02
1.8993309519232221e-01,8.3297691903277446e-02,4.5451290867208433e-01,5.9796299332063561e-02,2.1755724806447815e-02,5.2718069081624803e-02,6.2439013275426496e-02,5.4594788243221247e-02
1.4513810299200205e-01,6.0882288831659137e-02,4.4890531413300117e-01,8.6143257746139013e-02,3.0337778064294562e-02,7.2316029872020848e-02,5.4311459636055770e-02,6.6499728423322732e-02
2.0412775483082909e-01,6.4671025189657699e-02,4.8219645594052007e-01,6.3287213293276884e-02,1.8724564698710193e-02,4.0570423741370272e-02,4.9942443267207245e-02,5.6059188484411750e-02
1.5218372403536526e-01,7.4138481184701177e-02,3.6260654903383127e-01,6.5497241921527366e-02,1.2602383719073655e-02,5.4157779039505971e-02,1.9757858460598168e-01,5.4377603141135648e-02
1.4238575818548399e-01,5.1394938447069480e-02,4.0146930493132110e-01,7.3369538793594508e-02,3.0376337669696173e-02,7.2523103611843456e-02,1.5631871234207662e-01,3.8054844209914861e-02
6.2049979744399561e-02,7.9459135511851908e-02,2.3568032442370271e-01,8.7832709440474291e-02,9.9479116348420327e-02,1.9747723808756940e-01,5.6684072599912191e-02,1.3608387044302717e-01
1.8529146224001339e-01,5.8893333511703345e-02,4.2054245228242354e-01,5.7726449616987432e-02,1.4961306679203803e-02,3.4272315380448296e-02,1.7010788403262045e-01,4.1877251805181419e-02
1.5091394290722354e-01,5.8445173827536272e-02,4.5649345991513351e-01,8.9904856165184371e-02,2.6722706909017971e-02,6.5636645270919378e-02,5.3520288150709777e-02,6.3152602714416070e-02
1.2103377032777084e-01,5.3471301883334516e-02,3.6037389305242223e-01,8.2460076939694288e-02,4.2558463253305603e-02,8.1709639531508699e-02,1.4906165576369090e-01,7.3165746344514712e-02
1.5572395252699583e-01,5.0161722678926463e-02,4.4611480116093660e-01,8.9936168373946676e-02,3.6097306729743373e-02,7.0647022042528221e-02,4.7450116473297360e-02,6.8628376183806142e-02
1.8571649536066942e-01,5.7143953494140018e-02,4.2132321546375967e-01,5.7238187628240830e-02,1.3934713257021777e-02,3.4466852321763518e-02,1.7177828867303438e-01,4.1838430302339927e-02
1.3064876376875142e-01,5.0510088067582656e-02,3.9718540275291736e-01,7.7347156883724566e-02,2.4609177574183006e-02,6.6527887096666127e-02,1.6995310975368721e-01,5.0730039330372741e-02
9.6453509487401848e-02,7.1169649412047703e-02,3.2392354465436191e-01,7.2467467948309841e-02,5.3536730744120804e-02,1.0940867547221174e-01,1.4034885337045019e-01,9.3950604535560450e-02
1.3160322923829390e-01,9.2457839579102530e-02,3.6425973322509808e-01,5.6433772585555660e-02,2.3891589101133426e-02,5.1487209455394430e-02,1.7036760664309664e-01,9.2022066337376585e-02
1.6306729952470614e-01,9.4637126210713698e-02,4.2392429088609551e-01,6.3332382708783733e-02,2.7006098828805357e-02,5.7982929705495345e-02,6.5655135475999660e-02,8.3317396948014599e-02
1.4159355486237662e-01,4.3805444630279640e-02,3.9374924476647394e-01,8.1526123447057980e-02,3.4660981165106020e-02,6.9228656989512152e-02,1.5169345823709549e-01,4.9561218079033638e-02
1.4775393407332491e-01,5.3463326714001523e-02,4.3485028588915664e-01,9.0398704470659702e-02,3.8288072894142280e-02,7.4434066620368403e-02,4.8529525661107360e-02,7.6372480409671539e-02
1.5593476784490179e-01,9.7750254742192552e-02,4.1338690817111640e-01,6.4194010009003530e-02,2.8759143893748916e-02,6.0084791104680756e-02,6.6545530872755637e-02,9.2195548244051836e-02
1.3792882807442181e-01,8.7095700657112501e-02,3.7940567594146185e-01,5.5314129981687866e-02,1.9825464583482100e-02,4.8789231576324144e-02,1.7433033009029969e-01,7.9529276370814153e-02
1.3828319271703546e-01,4.3443193698829270e-02,3.9404457538657417e-01,8.1512865614235194e-02,3.3028308242717089e-02,6.7248493675230642e-02,1.5424383167874128e-01,5.4758342496148762e-02
1.8197105251855925e-01,4.1239344708823324e-02,4.6919195576532025e-01,8.8216084845511383e-02,3.2164052777300667e-02,6.3270303443214979e-02,4.4820684272280004e-02,4.5418852684010295e-02
1.5303899894980513e-01,4.3142145747903510e-02,4.0316870536050325e-01,7.8343029089250824e-02,2.1706227420168301e-02,6.1845295595843196e-02,1.7431591757363513e-01,3.3008935461645315e-02
1.5056838328833566e-01,5.3189954518142978e-02,4.3362101244665835e-01,9.0273586127219238e-02,3.8975277463829054e-02,7.5397893332337054e-02,4.8571305666952044e-02,7.3272141227999910e-02
1.0389711660285132e-01,6.2632562346736975e-02,3.2275356301106212e-01,8.4836493734072080e-02,5.6227612810589786e-02,1.0415572720018623e-01,1.4077736211985284e-01,8.4567750813440645e-02
1.3764952792890259e-01,1.0782256982476257e-01,3.7034012200049998e-01,6.7466780884070682e-02,3.6635090653344138e-02,6.9206356147989728e-02,6.9628771944683726e-02,1.2000845002921980e-01
1.5401280610237045e-01,8.7643578249808507e-02,3.8659565121695616e-01,5.7875359474200791e-02,2.3220958953676447e-02,4.5890097660444461e-02,1.6319412609762954e-01,6.4384909447535624e-02
1.4652055486422372e-01,1.0243737681626022e-01,3.9519397096606973e-01,6.5565923838511786e-02,3.1949095607836347e-02,6.3809266665158890e-02,6.7933840599564768e-02,1.0537916669220866e-01
1.6211417789103635e-01,9.9394490654819867e-02,4.0226113369780714e-01,6.7192984876985953e-02,3.2378804608171982e-02,6.1640597635719170e-02,6.6975712368246870e-02,8.6964197148330966e-02
1.5560975965930743e-01,4.3133604570287469e-02,4.0815936731901514e-01,7.6232901677489209e-02,2.2772942627590460e-02,6.2900476249345666e-02,1.7039423271937579e-01,2.9275734493759132e-02
1.2106963568542825e-01,5.7407967893851782e-02,3.8184938279015690e-01,7.4445999370006663e-02,3.1736325032386249e-02,7.5928995665043214e-02,1.6034887306432208e-01,6.3154972655345754e-02
1.2095848170467700e-01,6.0046150257886524e-02,3.7379391351762853e-01,7.3371740536602684e-02,3.6575074373277457e-02,8.2259414154401828e-02,1.5345093263798665e-01,6.4149408783575959e-02
1.1794884534417295e-01,1.0377254421108208e-01,3.2340168944300690e-01,6.0663141310729127e-02,3.5874587653020672e-02,6.2309585662297634e-02,1.6012354642315144e-01,1.1887014169966442e-01
1.3600813305871856e-01,8.6850909520812675e-02,3.4959887033977055e-01,6.7134775673716576e-02,3.1235669455847069e-02,4.9412108836207974e-02,1.6284342396353271e-01,9.9368216126043005e-02
1.2155198092474978e-01,9.5966122558856226e-02,3.1474812517331618e-01,7.1030951821949739e-02,3.9626154249406687e-02,5.9253327242716675e-02,1.6009142425834441e-01,1.1971321379131541e-01
1.1717158717416729e-01,1.0391770021866821e-01,3.2235889602264173e-01,6.0352910839846396e-02,3.5677283212853031e-02,6.2353771649844167e-02,1.6082115953056386e-01,1.2030918407766431e-01
7.6094839686519936e-02,1.0765993006623795e-01,2.4977164661848464e-01,7.3657833555010571e-02,7.5902970212185519e-02,1.1016570105427122e-01,1.2264259621686924e-01,1.7678648916983156e-01
1.3024006855508985e-01,5.4545365663650813e-02,3.9046409719922015e-01,7.4080637005500313e-02,3.0694659316599718e-02,7.3915559963161750e-02,1.5951200474503607e-01,5.2647814003117327e-02
1.2335042701466253e-01,1.1705836871132547e-01,3.1516405289971366e-01,7.3435361707728394e-02,4.8833294618787278e-02,8.4242734286797002e-02,7.3321831191340392e-02,1.4325919297559889e-01
9.6621941290092481e-02,1.1238435344199604e-01,2.7723492408545775e-01,6.4656593914824645e-02,4.9917817607170137e-02,8.0614187317354993e-02,1.5222017266652990e-01,1.5043000058750469e-01
1.1501378799829869e-01,6.4008784674668653e-02,3.6091254393699684e-01,7.3280422377329832e-02,4.4834364345203041e-02,9.4727835220381584e-02,1.4290981858411253e-01,6.6381806138369442e-02
1.0958272310876108e-01,1.0776442189718283e-01,3.0423171955274170e-01,6.1606843569715262e-02,4.0455730957729287e-02,6.8243272927598422e-02,1.5834977326169963e-01,1.3297014923500097e-01
1.3191956940784738e-01,9.2122064616400448e-02,3.6529086535132677e-01,5.6347468003931353e-02,2.3600918525901814e-02,5.1288759988242220e-02,1.7065552317662053e-01,9.1279341723976920e-02
1.1393259675114975e-01,1.0593518679477125e-01,3.1488743048996526e-01,6.2768871849550115e-02,3.9869793504055812e-02,6.6527979625275846e-02,1.5609238391007724e-01,1.2311217953228437e-01
8.5581535100616349e-02,6.7815523109095610e-02,2.9408739937923806e-01,8.6776539718940421e-02,6.7699557553784206e-02,1.2512072788901132e-01,1.3513466044725461e-01,9.5182119104424104e-02
1.3715340254800881e-01,9.2004273301053083e-02,3.6681755751817519e-01,5.6901954047521026e-02,2.4565667554371871e-02,5.0666625397184840e-02,1.6778303140453488e-01,8.6799928460772460e-02
9.1979526884031285e-02,7.2768402672220275e-02,3.1427287472285781e-01,7.2190088669751004e-02,5.6140169576113633e-02,1.1387963582731500e-01,1.3930991157562325e-01,1.0049073198854813e-01
1.1655427142356554e-01,1.0411814247855956e-01,3.2131274620279499e-01,6.0261627903483737e-02,3.5742567458580302e-02,6.2557326139917935e-02,1.6104765678742944e-01,1.2137277672104768e-01
1.2002287993842309e-01,9.9715296066495943e-02,3.3860778312305934e-01,5.7940364677917723e-02,2.9779199816743387e-02,5.7301240274234895e-02,1.6682748479014675e-01,1.1251987447758456e-01
1.2271494379711308e-01,9.8786276281087410e-02,3.4234038584147786e-01,5.7954579224385336e-02,2.9294206282595076e-02,5.6415118943581637e-02,1.6648971765187279e-01,1.0872805760847636e-01
9.4029945029008521e-02,1.1350706924314360e-01,2.6978197692092576e-01,6.4496370928350102e-02,5.1329847390333506e-02,8.2792326998694793e-02,1.5231071037497010e-01,1.5600340168668067e-01
8.9929877417068371e-02,1.1406520810679657e-01,2.6359435888739063e-01,6.5596606960142176e-02,5.4458533062345792e-02,8.7143324702616515e-02,1.4994219407048362e-01,1.6002329602558266e-01
6.7569769506470062e-02,8.0363810828351631e-02,2.4000851888222391e-01,1.0521324366969248e-01,9.4197795524644828e-02,1.7878474149336238e-01,6.4721959197402312e-02,1.1925143940978150e-01
7.5503293590760037e-02,1.0928324301727428e-01,2.6170145024439501e-01,7.2255314499191467e-02,6.8462786610566886e-02,1.0427260186342936e-01,1.3217629255530505e-01,1.6580044070707542e-01
1.7182952220357212e-01,9.2282986880076939e-02,4.2985442212920971e-01,6.3092847280656728e-02,2.6476943513656093e-02,5.6462068712220446e-02,6.5020669222458916e-02,7.4111592048090549e-02
9.8043632742545517e-02,1.0855087435618553e-01,3.0060359680226834e-01,6.8323401647574306e-02,4.9968677822227525e-02,7.9648484249208701e-02,1.4629830740197391e-01,1.3282145105483312e-01
1.1405183146052680e-01,1.0529668208251368e-01,3.2061931485984208e-01,6.4779012788707652e-02,4.1093526308124205e-02,6.7282774694206279e-02,1.5263645659891426e-01,1.1739179851947353e-01
8.7353944307658526e-02,1.1804724567929317e-01,2.4614639389727341e-01,7.2550130465468127e-02,5.6634500802670053e-02,9.4305228320917159e-02,1.4625445942971299e-01,1.5924197001854293e-01
2.7149541613320749e-01,2.6037019728524943e-02,4.5991465091666761e-01,8.8663867587276388e-02,1.1086752712656800e-02,3.7736565414222989e-02,2.8464424009494529e-02,4.6215463654013494e-02
2.4746373051134937e-01,3.3216541830870826e-02,4.7558568584232430e-01,9.4956077943806019e-02,6.7096856339167637e-03,3.5357804455488487e-02,2.7254750473262871e-02,4.5622533355635181e-02
2.5338579785310406e-01,4.5425595116305988e-03,4.7030706472613681e-01,1.1079803729818229e-01,1.8255291236841914e-02,3.2444468084847945e-02,2.7378343398094782e-02,5.3928490627745372e-02
2.7033046550076428e-01,2.6841723069790418e-02,4.7661043216453336e-01,7.3283279342333821e-02,1.3941207088946790e-02,3.7021167046873887e-02,3.0979967539253136e-02,4.7980059311214074e-02
1.8162555225094576e-01,6.1426669887312442e-02,4.8556402664788173e-01,7.4191203798134722e-02,1.7415832417377396e-02,4.3946152856525554e-02,4.6565101170477921e-02,6.8089900537968789e-02
1.9302228780697456e-01,5.3695645069924330e-02,5.0366844995183424e-01,7.3241048785174900e-02,1.3046217910693761e-02,3.9945063670975021e-02,4.2259536941911709e-02,5.9444856344900196e-02
1.9172662457508427e-01,5.3859059726490729e-02,5.0547212275628384e-01,7.3951958926523328e-02,1.2241335968160729e-02,3.9704274700731269e-02,4.1505083692184523e-02,5.9275907635466883e-02
1.9480191383248857e-01,5.5524863456953358e-02,4.9055901832741944e-01,7.1362644247750864e-02,1.7591913970859376e-02,4.1830946932123733e-02,4.6366293584753776e-02,6.2504051269689054e-02
1.4629004155156380e-01,6.1424687091556747e-02,4.1369247568136325e-01,6.9884993043046864e-02,1.4243040434611939e-02,4.0846571907541748e-02,1.6478747378663669e-01,6.9871882725239406e-02
1.1831048526358905e-01,4.6886842885301740e-02,4.0174517156043354e-01,8.6040063007291043e-02,2.4284298263850840e-02,7.2461238772979567e-02,1.6032773387841653e-01,5.5113071819579744e-02
1.3963517735993286e-01,3.8832540195975186e-02,4.0800080864602367e-01,7.9901164817713116e-02,2.7775861243545051e-02,7.0628421345984849e-02,1.5728467309050911e-01,4.6011566434274002e-02
1.4568771366192113e-01,5.5751002170170441e-02,4.3192761963348686e-01,8.9977105534519958e-02,3.8337932798869455e-02,8.7354834475147386e-02,4.8142286713523101e-02,6.5202116185846454e-02
1.6689820854600823e-01,4.2672408543691871e-02,4.6743783531456745e-01,8.9392826864988978e-02,2.9602863664595185e-02,7.2545890829372128e-02,4.7544924177136016e-02,5.0102858581554985e-02
1.4419169241740923e-01,3.4580904531826509e-02,3.8972450378129420e-01,8.5525652743647221e-02,4.1921859037935702e-02,7.6339224305462403e-02,1.4272017590708902e-01,5.1269489730726578e-02
1.1664681830449584e-01,5.1061151701395052e-02,3.4187221663041462e-01,8.9231607111998804e-02,5.4176842344481516e-02,9.8216044879219644e-02,1.3708932248116754e-01,7.2870178780334985e-02
1.3451758725149141e-01,6.2685665255508727e-02,4.1064565310982287e-01,9.1120526053838843e-02,4.2676323336064324e-02,9.5449762415729028e-02,4.8421430315255191e-02,7.4785186473908208e-02
1.0339798759170085e-01,1.0776237762620203e-01,2.9921743936243539e-01,6.9480304646247382e-02,3.9854033066992277e-02,7.4214878760623354e-02,1.5459988166741659e-01,1.3102461522191411e-01
9.2498615575960258e-02,7.1007098617992301e-02,3.1943026272187719e-01,8.1465157544769240e-02,5.1529960547195594e-02,1.1036444301262059e-01,1.3868061987522509e-01,9.4185071803991854e-02
1.4442398844240328e-01,5.8788291174552740e-02,3.9975336291149766e-01,8.7925274115884397e-02,5.0459055973290444e-02,1.0134331554713116e-01,4.9125068915573382e-02,6.9132619448809413e-02
1.6746841178008753e-01,4.3149961555760709e-02,4.6279187116735282e-01,8.8059433806003437e-02,3.1779952865056631e-02,7.4742335018194314e-02,4.7811185999243930e-02,5.0384478689886353e-02
7.9316007823266491e-02,1.3276519130687725e-01,1.8775598980568350e-01,9.0909542528383652e-02,8.1922184153444877e-02,1.3735152258711208e-01,7.4464727128662214e-02,1.9258805553558431e-01
1.1403812893955025e-01,1.0124427327971385e-01,3.1684423254052646e-01,6.7787803037715075e-02,3.8076967957464354e-02,6.8543984406378544e-02,1.5472863256956410e-01,1.1980852939124993e-01
8.7703998665592517e-02,7.3942759069749037e-02,3.0431541113439220e-01,8.0901350949908357e-02,5.6993141234978326e-02,1.1871930828992323e-01,1.3523120209205264e-01,1.0048347310865749e-01
1.0733020972907756e-01,1.0042781960516721e-01,2.7612289911946941e-01,8.2606758804766284e-02,5.3524327585529725e-02,7.7503125868110714e-02,1.5019700885077319e-01,1.3260813612239078e-01
1.9859120048913481e-01,4.5672499940239454e-02,3.3413794580064637e-01,7.8644446559169426e-02,1.1672528635760510e-02,5.9337359688449137e-02,2.0011192438227163e-01,4.3419304442403654e-02
2.3268769388058455e-01,3.8226275744622902e-02,5.0121111574922939e-01,7.5323318814923934e-02,1.0020446295486159e-02,3.5744035967847303e-02,3.2772171565652167e-02,4.9791146060421142e-02
1.9277378900152944e-01,2.0630564259011549e-02,5.0688013637020857e-01,9.9601712816110882e-02,2.0048749179313506e-02,4.7826752205176438e-02,3.3634072417441971e-02,4.7442563292900836e-02
2.2978591128980655e-01,1.0501509377048253e-02,4.8985939152121960e-01,1.0875966512716817e-01,1.6555500186045291e-02,3.4863383651318129e-02,2.8000451567112901e-02,5.1465014017806621e-02
2.3280534664390040e-01,1.0324324425022747e-02,4.8469367608280051e-01,1.1170705428874035e-01,1.6043064885981010e-02,3.3253932065480850e-02,2.7257464869713605e-02,5.3142622205284692e-02
1.7174837670897025e-01,4.0293346876023185e-02,4.3084851664220181e-01,7.5001919850040746e-02,2.1481478228684917e-03,3.5535878326579583e-02,1.7442366690285477e-01,4.6356929316065235e-02
2.1313326162618237e-01,2.5645775475971879e-02,4.1962835306144680e-01,6.5395170401802455e-02,7.2440790612190364e-03,3.5183700800450302e-02,1.7620225551843829e-01,3.9646165519194213e-02
1.8421587427500002e-01,5.5804330724270965e-03,4.3984965033360229e-01,8.7151482229507138e-02,1.8050807531665970e-02,4.5381929173015499e-02,1.6197684737082957e-01,3.2083795267280370e-02
2.1646373912953343e-01,1.3614459254153288e-02,5.0029293904300765e-01,1.0581912009015931e-01,1.6616327311556947e-02,3.7952695177135919e-02,2.9317013349637672e-02,4.9446295745774679e-02
1.7385277375474567e-01,2.7768020424677940e-02,5.0880413575016359e-01,1.0487656678856352e-01,1.7482568386210040e-02,4.8092349856992601e-02,3.2558020176230863e-02,5.2491085726237646e-02
1.1455356274409306e-01,5.0885324186149890e-02,3.9186516086556566e-01,8.4748001230989523e-02,2.8031332676190832e-02,7.7210379797997636e-02,1.5650388215479577e-01,6.0523823810175112e-02
1.7865369238976353e-01,3.6971107746843555e-02,4.7526175460827780e-01,8.8594569338229623e-02,2.7829228198383717e-02,6.8149608725589797e-02,4.7458938684503148e-02,4.4999459343902551e-02
2.0379927988217117e-01,5.4987465410074633e-02,4.7598226484096962e-01,6.9441849601594205e-02,2.3227422984508285e-02,4.2520045349890671e-02,5.0518700564318689e-02,6.2831458410596217e-02
1.5312491721621893e-01,8.9125029093844371e-02,4.2681637276645229e-01,7.1843999466446276e-02,2.6306350268185921e-02,6.2086967505865176e-02,5.9574827610971645e-02,8.8721630853200686e-02
1.7357533469466718e-01,7.3251214477329601e-02,4.7031264260699629e-01,6.8672189555322741e-02,1.7216896111605200e-02,5.4082806830446951e-02,5.5860692744055300e-02,6.4728155850668281e-02
6.8911913362678004e-02,1.1952903776307763e-01,2.0222014292209697e-01,7.6389787486100938e-02,8.1180076274351601e-02,1.2339034729600711e-01,1.2922822545901286e-01,1.8545017982184850e-01
8.6449779730601112e-02,7.3899946495394261e-02,2.9870160043885913e-01,8.0004836921332007e-02,6.1151001121405445e-02,1.2423066869661439e-01,1.3217475689229499e-01,1.0150050197374597e-01
1.0086857896773480e-01,6.5823374775165172e-02,3.3546585028413911e-01,8.0660983663386171e-02,4.8599870740402062e-02,1.0394988900168699e-01,1.4001359735371313e-01,8.5140008245066998e-02
7.5483869458896402e-02,1.1581029707094213e-01,2.2944273775664040e-01,7.5524546662603859e-02,7.3335520279851157e-02,1.1192706807662538e-01,1.3377103174067898e-01,1.6991481989107174e-01
1.0247766769627459e-01,6.4895659309615730e-02,3.3748452363837017e-01,8.0337844961931540e-02,4.8669498383018837e-02,1.0345718457118529e-01,1.3978990625906573e-01,8.3637232052713520e-02
9.2444866090921118e-02,6.6787140204760773e-02,3.1605831742017243e-01,7.8028569717826859e-02,6.4369455373599158e-02,1.2515921631062740e-01,1.2753182237196833e-01,8.8914343537793095e-02
8.8474194648741178e-02,1.1709405024360291e-01,2.4902716083007720e-01,7.2455837567982115e-02,5.6596148966697533e-02,9.3597828952136850e-02,1.4600636583697224e-01,1.5754928907258678e-01
1.9580866335582731e-01,6.3147430562528806e-02,4.7728136880183519e-01,6.4927546048528059e-02,1.6927243515967416e-02,5.1483302371950916e-02,5.5139152056887457e-02,5.4931305972319308e-02
8.4637525410257902e-02,1.1557936973886936e-01,2.4452005591458625e-01,7.3582976606217598e-02,6.3354872601119647e-02,9.9898748106142354e-02,1.4109081479129962e-01,1.6011286668489627e-01
1.5675855738227318e-01,8.6360689204832142e-02,4.3795886754482050e-01,6.6552371404631591e-02,2.5568317203582776e-02,5.8544882465910018e-02,6.7782720308183678e-02,8.4463480439078170e-02
1.1027026389077857e-01,9.2376345341488073e-02,3.6240435400894172e-01,6.1155860448066798e-02,2.6172741024010522e-02,5.9089881502736474e-02,1.6953300157458234e-01,1.0583746430620841e-01
1.6186679293006354e-01,4.5367163878497166e-02,4.6861979823370337e-01,8.6493463024098702e-02,2.9456470942541939e-02,7.2985965784306439e-02,5.6077888228005801e-02,4.9454567643709542e-02
2.8632231336056757e-01,-9.9768726274543570e-03,3.8826480458592422e-01,1.4900702429659921e-01,2.1839858446166083e-02,3.9867500706496604e-02,4.6593483000896461e-02,4.9022653736886933e-02
2.6276017988550621e-01,6.8124431988564865e-03,4.1525747432840482e-01,1.2977229574280952e-01,2.3167091390410142e-02,3.8372985084474898e-02,3.5107297657971506e-02,6.0583435150853945e-02
1.0244868374222670e-01,6.1524145245570754e-02,3.6332015767376863e-01,7.3651727666325217e-02,4.5934122538601435e-02,9.6722439661234838e-02,1.4584240168647225e-01,7.6988310532603230e-02
1.3275087741717359e-01,7.1428745830008841e-02,3.9210413378737935e-01,6.7057584420272418e-02,2.2364820844652321e-02,4.5994633867087770e-02,1.6818571369374574e-01,8.7647842640000251e-02
2.1248293290939671e-01,1.9549846744968669e-02,4.5485297463841512e-01,1.2946641689410501e-01,1.9605535490834509e-02,3.8854008051291737e-02,3.0217330199077522e-02,6.4941738889696510e-02
1.4530851485997148e-01,4.4252833465938501e-02,4.5541110066552937e-01,9.4756151636254587e-02,3.6412653017478563e-02,7.5928739531510150e-02,4.7651887539684065e-02,6.9514878883632239e-02
1.7691321544250185e-01,2.6222042535228036e-02,4.9952334366898288e-01,9.9972067185324101e-02,2.3005602413210258e-02,5.3598239511213445e-02,3.9669501103893667e-02,5.4454788111760431e-02
2.4104362701868629e-01,1.1463251719700430e-02,4.5681719180149338e-01,1.1219703695617589e-01,2.2093418622965627e-02,4.0844452386703159e-02,3.4905508189419107e-02,5.4770943821395857e-02
2.4689014777085785e-01,8.6262883700213896e-03,4.6696245716181539e-01,1.0410643669728877e-01,2.2309667367414899e-02,4.1624589765332391e-02,3.7570657404513159e-02,4.7670517267130570e-02
2.7507977040130122e-01,1.6561158687143588e-02,4.2259093289972238e-01,1.0797711652489668e-01,1.6553573070150693e-02,5.6588710634669845e-02,4.2158948137940036e-02,3.1239557387963614e-02
2.8219629635262056e-01,2.8453293444236166e-02,4.3835087499393943e-01,7.7874986131100721e-02,1.9413780928020655e-02,4.6965144193454093e-02,3.8420772599656913e-02,4.6645656635893741e-02
9.9445847783844299e-02,5.8300972736344235e-02,3.7653407685242252e-01,7.8109261940240551e-02,3.6169564202210180e-02,8.6766869758432535e-02,1.5656736920632944e-01,7.7573458428629810e-02
2.1088402711028476e-01,4.6271744682016072e-02,4.9445097604016630e-01,7.4852809344806037e-02,1.4418826723381720e-02,4.3761832878124692e-02,4.0846676051674601e-02,5.5506593350773875e-02
1.3917174536420687e-01,6.7677914256837293e-02,4.0059558006068030e-01,6.6114626024792539e-02,2.0424360168180045e-02,4.3493564872496331e-02,1.6926190605417482e-01,8.1038754025083412e-02
2.1654254897544470e-01,4.4869268388906390e-02,4.7527460482697126e-01,8.7619986500257069e-02,1.4484382770077244e-02,4.6052540925402306e-02,3.3343939451357586e-02,5.6941940616888731e-02
2.1286654748662687e-01,1.5626988878713211e-02,4.9579805203094596e-01,9.7640915526920072e-02,2.1823384765737888e-02,4.6958286203702612e-02,4.0401702798559862e-02,4.4186082295967696e-02
2.4210934862087602e-01,1.0877344283790790e-02,4.5950521282621831e-01,1.1012454926099437e-01,2.2149907268425466e-02,4.1099327603646776e-02,3.5502131800191412e-02,5.3178246228268264e-02
2.0245482088790434e-01,1.8551701389899488e-02,4.9812903205620634e-01,9.8010323624199355e-02,2.2060337728425149e-02,4.8762962874637758e-02,4.0356344499495746e-02,4.6447761357753435e-02
2.3909430577119706e-01,3.8457437524874294e-02,4.9133206774976607e-01,6.7820829341202232e-02,1.5127833445929533e-02,4.0828960323370328e-02,4.5063590802967853e-02,4.5963205277332310e-02
2.3870023955599676e-01,3.9204640437316252e-02,4.7336815104074859e-01,7.7811095976253977e-02,1.5801321382897606e-02,4.4565641623381329e-02,3.7820579170389862e-02,5.1695480588202891e-02
2.0977505037997765e-01,3.0733768566332729e-02,4.5271097948462863e-01,9.7001702699255773e-02,2.4471558559521000e-02,6.0544293235019774e-02,5.4873431069030004e-02,4.2576083020741437e-02
2.8694857183130634e-01,2.7077044029675309e-02,4.3014021307253136e-01,8.0239332927189003e-02,2.0047958493033338e-02,4.8226219935888638e-02,3.8113170905114804e-02,4.6575247478076794e-02
1.6519372158540555e-01,1.2944552640127055e-02,4.2882155974162878e-01,9.3053949474235759e-02,1.6520316229837559e-02,4.7980226765400272e-02,1.7210619255062728e-01,3.9903973177792366e-02
2.3953569229420088e-01,9.7794806981452709e-03,4.7613467680367527e-01,1.0181121563224793e-01,2.1938435137571387e-02,4.2556077119531084e-02,3.8316628730724368e-02,4.5794377143492465e-02
2.1730594278025553e-01,4.4736085079960630e-02,4.7750622535221582e-01,8.5278649371850659e-02,1.4572577790236114e-02,4.5716693606354768e-02,3.4285491932741607e-02,5.6698857898260895e-02
1.4962676688360507e-01,1.7096402818468092e-02,4.2222028848027549e-01,1.0029773187929260e-01,1.5645149913437167e-02,4.8954756932288644e-02,1.7256727710185077e-01,4.8779477004894885e-02
2.4555196418286876e-01,8.5469296192218075e-03,4.7115338838347576e-01,1.0239255126705112e-01,2.2200484382974433e-02,4.1948905431696999e-02,3.8181430220047642e-02,4.6019341893068860e-02
1.9954193148191124e-01,4.9781540718340629e-02,4.9992703256095955e-01,7.3054819916242561e-02,1.4576555484660962e-02,4.3825631453804408e-02,4.3616909010290257e-02,5.7943135915976128e-02
2.2687007595564904e-01,1.1835428826297806e-02,4.9179287704585528e-01,9.6797407881753311e-02,2.1780055314839852e-02,4.4965593224103657e-02,4.0716570576941447e-02,4.1263476731621271e-02
1.8321597945949966e-01,5.4551493529855256e-02,5.0179370419722436e-01,7.5636381000667996e-02,1.4514745240939262e-02,4.5532686234878092e-02,4.2555930902839365e-02,6.3657697488003748e-02
2.2630010973538889e-01,1.3335096313013948e-02,4.7980792927764615e-01,1.0425457904699550e-01,2.1462436428336749e-02,4.3423150574026105e-02,3.7111025578604746e-02,4.9303447161504019e-02
2.3599808961272314e-01,3.9556886358454904e-02,4.8363849878910675e-01,7.2917006019716360e-02,1.5340220025586434e-02,4.2995912035874793e-02,4.0932213794396773e-02,4.9884098492060373e-02
2.3121944435461086e-01,4.0659316696742040e-02,4.9381836716886462e-01,6.8677866809324820e-02,1.4937612543781564e-02,4.1221529717026216e-02,4.4959509136430105e-02,4.8006747187085252e-02
2.4002368544159045e-01,1.1812822784645545e-02,4.5630288243095279e-01,1.1297426291109555e-01,2.2030186443517952e-02,4.0778090996379815e-02,3.4665982263942248e-02,5.5371457177826613e-02
1.7183851088477306e-01,2.7680121434951202e-02,4.9957865029463688e-01,1.0134950221809516e-01,2.2863494499727324e-02,5.3996656580833031e-02,3.8869053514592203e-02,5.6860148407827903e-02
2.7119759107724539e-01,5.3112787483753096e-03,4.1852513649850853e-01,1.2132587275271653e-01,2.4237707665327207e-02,3.9112890729992952e-02,3.5679909647740683e-02,5.8177599666322279e-02
2.2019309374647533e-01,1.3298334483957820e-02,4.9836704740512566e-01,9.3942491221444685e-02,2.2186936770994557e-02,4.6800710565523707e-02,4.2594099483684200e-02,3.8522418490392105e-02
1.7906366405912991e-01,7.0889229681434782e-02,4.3660993640400886e-01,8.8482100499501753e-02,1.8382080874938742e-02,6.5663213976352192e-02,5.1669776504181898e-02,6.0501200339789750e-02
2.7581367533082557e-01,2.6582245812111462e-02,4.2326449818205120e-01,9.4274957246677824e-02,1.8917853409643061e-02,5.1659145220019263e-02,3.6816670885404287e-02,4.5139645158636249e-02
1.8132478758059911e-01,2.7161470268976459e-02,4.9304476141765974e-01,9.2751977568573812e-02,2.7009217481459107e-02,5.8533115917506845e-02,4.5727641004000744e-02,4.7428876068881833e-02
1.2523764609909466e-01,8.0106218542070978e-02,3.9287714423431036e-01,5.9931616848101908e-02,1.8300771930462395e-02,5.2504299199098436e-02,1.7626594946532609e-01,8.1503053955722646e-02
2.3291712671828019e-01,4.0678745328896974e-02,4.7622426696052195e-01,7.8552400462229860e-02,1.5457983226609120e-02,4.4628674226508583e-02,3.7491506359893345e-02,5.2798081239744249e-02
2.5647994061448126e-01,7.0250002837591828e-03,4.5542263576559971e-01,1.0650242828325669e-01,2.2936726592304148e-02,4.0755203405053959e-02,3.7086808351106011e-02,4.9474493141432908e-02
2.1220662049572797e-01,4.6488539128792805e-02,4.9969241233427009e-01,6.9166802431992386e-02,1.4936957592719204e-02,4.1835094470360580e-02,4.6786531983311237e-02,5.2813313766975907e-02
1.7685370379882165e-01,3.4558547012281553e-02,4.6762014197313162e-01,9.0185810496996158e-02,3.5033975719810637e-02,6.8141401308825261e-02,5.2483247419305122e-02,4.4452358300682990e-02
1.7657264499013095e-01,1.1050114579972951e-02,4.3938272009883611e-01,8.5339357999691945e-02,1.8049477364182210e-02,4.7306542088777916e-02,1.6964369106037563e-01,2.9691742795484082e-02
1.9049454457449702e-01,2.4716022821991153e-02,4.9400921884392979e-01,9.0627572943480686e-02,2.7214726993121923e-02,5.7301907322860460e-02,4.7483246429385832e-02,4.1312068921857369e-02
1.7318043538257527e-01,5.9612912925716230e-02,4.9711274483059198e-01,7.3483409716239664e-02,1.6525125370739135e-02,4.6802533587755359e-02,4.7287007187503123e-02,6.9086159985502493e-02
2.0362596547822742e-01,3.3609158147505147e-02,4.4452689174001181e-01,1.0226117866861874e-01,2.4690504047541858e-02,6.1114021055161186e-02,5.3470297097801801e-02,4.8297233898572253e-02
1.7949380726738329e-01,5.7942416347840343e-02,4.9681336942365223e-01,7.2155233779122516e-02,1.6600135409672312e-02,4.5770891428550162e-02,4.8379645082659246e-02,6.6460800611581758e-02
1.5959010971958895e-01,4.5188219152637502e-02,4.5816218556116550e-01,1.0820110801613256e-01,2.3458334392848015e-02,6.4867359754322798e-02,4.9779169956178967e-02,5.9893347583926129e-02
9.1539801803955309e-02,6.6712069337179644e-02,3.4476438575097801e-01,7.4485238316307920e-02,4.8760914930868281e-02,1.0316029511905134e-01,1.4561062531471447e-01,9.1444285529871897e-02
1.6050948522167865e-01,4.4305746253216621e-02,4.7250426375894350e-01,8.9784957305075311e-02,2.7201914528843470e-02,7.0832113686451079e-02,5.4736394070767670e-02,5.0990344823239192e-02
1.4030915901012470e-01,3.5107687858311511e-02,4.0952469987273127e-01,8.2697515994822376e-02,3.3643152254109424e-02,6.7353972673648246e-02,1.5435563991882786e-01,4.7315698282723917e-02
1.6239351269175989e-01,7.8562106726629180e-02,4.6224141442245281e-01,6.6186575571173648e-02,2.0332356884250984e-02,5.7258203429562810e-02,6.4190149412804862e-02,7.2114005191387609e-02
1.5534615226305168e-01,8.4938895056741195e-02,4.4485639107860087e-01,6.6601814797615150e-02,2.4082698911207578e-02,5.8901663501750343e-02,6.6394942559917236e-02,8.2626154657026288e-02
1.4158514022928109e-01,4.9219923528524979e-02,4.7098332754579669e-01,9.8762326035644152e-02,2.5380567301118911e-02,7.1117454437225211e-02,5.1165613868671286e-02,6.1572299950466279e-02
1.5875148229137340e-01,3.3719132761040368e-02,4.9033094717578268e-01,9.7467373307231375e-02,2.7089754314413093e-02,6.1960397943995937e-02,4.2460725481496993e-02,6.0280941829815082e-02
1.5931983829676913e-01,4.5239117835694322e-02,4.7072166961843548e-01,8.8612132227624818e-02,2.8165204443286317e-02,7.2082855499202458e-02,5.5130133193031575e-02,5.1350419366812942e-02
1.6272583349442160e-01,4.5846047035138740e-02,4.6637405134665277e-01,8.5369081125860530e-02,3.0497533648551286e-02,7.3866235637072175e-02,5.6637293543455869e-02,4.8646271567960413e-02
1.4599230873254884e-01,4.8142381875854692e-02,4.7116905707366785e-01,9.5509017657149864e-02,2.6200940328364505e-02,7.1714663814983870e-02,5.2308103809921618e-02,5.9136670612638491e-02
1.6355284987287330e-01,4.3495559738700590e-02,4.7297241838581050e-01,8.8767034909702294e-02,2.7342522692133997e-02,7.0496477387417975e-02,5.5208175691025436e-02,4.9125817975605932e-02
1.5660803951823302e-01,3.6812943244408820e-02,4.7862826260899660e-01,9.5120316351013465e-02,3.0626774985462665e-02,6.6862559419970713e-02,4.5285196231421507e-02,6.1233415169342963e-02
1.1329071877929071e-01,4.2973754346317804e-02,3.9248834743257194e-01,8.6639720549912536e-02,3.4648928751339556e-02,7.4988499928832858e-02,1.5460210660402296e-01,7.1151784345644217e-02
1.3570393662041541e-01,4.5067569959533531e-02,4.1194245633964133e-01,7.3118511641154599e-02,3.1763235094080314e-02,7.2667408887267970e-02,1.5611824354845050e-01,4.3212679949322118e-02
1.0349540023649537e-01,9.7725728512762872e-02,3.0731461041945091e-01,7.4142430298394429e-02,4.3755919717736763e-02,6.6793426730835936e-02,1.6012128172964990e-01,1.3270731309304887e-01
1.1628511449820103e-01,9.0034399273750426e-02,3.3477044521673116e-01,7.2097076169223659e-02,3.7330870443827324e-02,5.7727964402834037e-02,1.6206481708931419e-01,1.1614751284634239e-01
1.3759593490576277e-01,3.2997779344657023e-02,4.1419768279480590e-01,8.3965482264515695e-02,3.0195256909017028e-02,6.4954500209380442e-02,1.5722682846819225e-01,5.0840362776928383e-02
1.4054371925576956e-01,5.8970504906862981e-02,4.2612585818616244e-01,8.4742285917768820e-02,4.1531036413515215e-02,9.0488433045766647e-02,5.7449860524353302e-02,6.6079300064639024e-02
1.1619340412402271e-01,4.3191090066413890e-02,4.0902965790070078e-01,8.4787217065185327e-02,2.2804393968710982e-02,7.0223191010786265e-02,1.7188150626829321e-01,5.4326275295711372e-02
1.2517839642680606e-01,4.1837318072508095e-02,4.1174234743679688e-01,8.0942748989078758e-02,2.4001841795032522e-02,6.9404618024354825e-02,1.6943503301419272e-01,5.0004234552453272e-02
1.4388155431701694e-01,4.6812297370673779e-02,4.4341263698403166e-01,9.4295086719894144e-02,3.9420975019051709e-02,7.9881058696685159e-02,4.9357613211524438e-02,7.1146489803342719e-02
1.7024354499784014e-01,5.8410413281061252e-02,4.1788481825837070e-01,5.5509652407092505e-02,1.0771621762941717e-02,4.3611832369996578e-02,1.8671725214210633e-01,4.4264480473282901e-02
1.3714474900523951e-01,5.5764205171913293e-02,4.4836434391290131e-01,8.8129325568157335e-02,3.4392363196657970e-02,8.2997223972508180e-02,5.4764573706270935e-02,6.6927043892634930e-02
1.4728869208374926e-01,3.5340485900927317e-02,4.2354489582540383e-01,7.6242983109076942e-02,2.3152789565170345e-02,6.3678343485119943e-02,1.6870639770462925e-01,3.5144633536452557e-02
1.8791949023390916e-01,6.7730519592175839e-02,4.5554566582218919e-01,7.1473841335874005e-02,2.5562154137264627e-02,4.3456070210097363e-02,6.4832896909544677e-02,6.8897069673774833e-02
1.1620314319046134e-01,6.8040138078733478e-02,4.0653469043429713e-01,8.7760010340113312e-02,4.4465263485068254e-02,9.9304334064027389e-02,5.4879935407582611e-02,8.8557136255236826e-02
1.6934120958706911e-01,6.5737288457951057e-02,4.7854375327217213e-01,7.2001682370779432e-02,2.0747349030057365e-02,4.8347341909011014e-02,5.3943705917037538e-02,7.5846893540618632e-02
1.0866216495910282e-01,9.7124359092381318e-02,3.4631814690701818e-01,6.1435234633818017e-02,3.0879334227605373e-02,6.1484362843838507e-02,1.6583007000807798e-01,1.1534258398228238e-01
1.3219886350235382e-01,5.8718084191066285e-02,4.3915204112871653e-01,8.7853692987412330e-02,3.6729628760539965e-02,8.6670214235272575e-02,5.4840235176279034e-02,7.1636847338657786e-02
1.3655744922399107e-01,5.7258590158465003e-02,4.4136590929949215e-01,8.7174847736598032e-02,3.6405544827241169e-02,8.5442190031317269e-02,5.5294426994192576e-02,6.8402140527389979e-02
1.3580824216203297e-01,5.5747117121247698e-02,4.5007186775354002e-01,8.8773175306001331e-02,3.3799553145812157e-02,8.2553008599240127e-02,5.4417220185919164e-02,6.7449481102793932e-02
1.1849589789280159e-01,4.8606895514191818e-02,4.0026770879383766e-01,7.7585485128237999e-02,2.9936253808119706e-02,7.5965780433307706e-02,1.6160009414310897e-01,5.8481006163757544e-02
1.5671687496332357e-01,8.0761754477764874e-02,4.2532239965317908e-01,7.5684280342540142e-02,3.1247049459331339e-02,5.5678508807596970e-02,6.3206114768190602e-02,9.5524588742196923e-02
1.3481186908284146e-01,8.0676379458810649e-02,3.9087107957600803e-01,5.8411483024425302e-02,2.0182524095291220e-02,4.8631448974434756e-02,1.7333915628981009e-01,8.0622827258091057e-02
1.4945983502734345e-01,5.5760356197709519e-02,4.3287300857430960e-01,8.3618896381777927e-02,4.1059211807870172e-02,8.7759585122104855e-02,5.8755027581695964e-02,5.6192041031922733e-02
2.5152672769402601e-01,3.5517694404083991e-02,4.7673761611567467e-01,7.1054116768228648e-02,1.6101418465189608e-02,4.2624140927424635e-02,4.1574317213835359e-02,4.6626822284912453e-02
1.2671173383334866e-01,5.8573432065090331e-02,4.4716023973688335e-01,9.0441568537576442e-02,3.4142553732124284e-02,8.4578572646809583e-02,5.3425387190601310e-02,7.3319195407856239e-02
1.4128999943600462e-01,7.2921192696117271e-02,4.0514873988251771e-01,5.8030858998590548e-02,1.5486188694174945e-02,4.7656503980492412e-02,1.7893077970589447e-01,6.7750245822317895e-02
1.1383777105559749e-01,7.1504326459609177e-02,3.8457534204115262e-01,8.6615578243035660e-02,5.0417516143615101e-02,1.0746779667315870e-01,5.6265292585104008e-02,9.3358552245391954e-02
8.7247826805228315e-02,6.8964139694037016e-02,3.3540061980830771e-01,7.4031932723445854e-02,5.2065846115839087e-02,1.0839403688389566e-01,1.4331399162113004e-01,9.6438272123835891e-02
1.5341602797361542e-01,7.4853764804423198e-02,4.0565192944719713e-01,5.6477370665384490e-02,1.8170716632486945e-02,4.0382072800142450e-02,1.7331825576122922e-01,6.5993855931022347e-02
1.2410781417551164e-01,8.1802438471205996e-02,3.8916756964711363e-01,5.9885467336445924e-02,1.9425713144159709e-02,5.2834746291730905e-02,1.7506139377126909e-01,8.4564462819647357e-02
1.1014647129012844e-01,1.1649331009687260e-01,3.1800284633100206e-01,7.5608362517906091e-02,5.0682179898985831e-02,8.8745171909842407e-02,7.4293962891160331e-02,1.4880393853427623e-01
1.3269857716506187e-01,3.8564257497356431e-02,4.1553659009944627e-01,8.0762322962933786e-02,2.2593176808640592e-02,6.6774592018402842e-02,1.7137004219759330e-01,4.4762361844005068e-02
1.3144463419158894e-01,1.0255065836677006e-01,3.8411231349508784e-01,7.0921362406513463e-02,3.6387175630026074e-02,7.1237181716808110e-02,6.9906747470527122e-02,1.1668508308033486e-01
1.6627745203777028e-01,4.6627334959154769e-02,4.6101134667301652e-01,8.3054877982545433e-02,3.3140685910807322e-02,7.5632403156179917e-02,5.8179015661197306e-02,4.4792692428512852e-02
1.6905600088964021e-01,4.1890127622257474e-02,4.7428384147381758e-01,8.7347699873310342e-02,2.7341483995037556e-02,6.9572955797137764e-02,5.5920298830404835e-02,4.5742349388219507e-02
1.3434816705323327e-01,6.1716685604801126e-02,4.1806710564451588e-01,8.5275332599934681e-02,4.3183684955691033e-02,9.3849656881690016e-02,5.7069523850210163e-02,7.2067954852615648e-02
1.4454101662951049e-01,7.6456662296866609e-02,4.0012191797475438e-01,5.7260793285484765e-02,1.8293046901346564e-02,4.4878218710826250e-02,1.7459117895634038e-01,7.1731619437352456e-02
1.1444053165993898e-01,7.1886154648049747e-02,3.7804214811225351e-01,8.6123534789085160e-02,5.2693261944748722e-02,1.1034737425700447e-01,5.7170284444301556e-02,9.2506586217566369e-02
1.1202931122465083e-01,9.7901915340491294e-02,3.4289160173715660e-01,6.1553280197539501e-02,3.3045063949956432e-02,6.0662456971336751e-02,1.6357003600972786e-01,1.1563893478635670e-01
1.1096263217104697e-01,7.2716663270728593e-02,3.8120240062681243e-01,8.6889909096901238e-02,5.0982867897494857e-02,1.0882603265380401e-01,5.5992261241897059e-02,9.6434986933074590e-02
9.8126183549195084e-02,1.0625384655506528e-01,3.1248945711799503e-01,6.3057202275558041e-02,4.0697612015795734e-02,7.0787171323951306e-02,1.5955844205737438e-01,1.3632214528298278e-01
1.3080935669721552e-01,5.9867164406057327e-02,4.3465968288236156e-01,8.7579020086889295e-02,3.7900448249191802e-02,8.8327358699460443e-02,5.4996317656886472e-02,7.3326053736310404e-02
1.3733369681101359e-01,8.5613155507547362e-02,3.8194690021238187e-01,5.9294690430041659e-02,2.5203342221391617e-02,4.6187902198478126e-02,1.6684727017619513e-01,8.5363568109852753e-02
1.1835923638949537e-01,6.8382940912654538e-02,4.0004251171907423e-01,8.6861174005816083e-02,4.6476578266794799e-02,1.0141135124291716e-01,5.5735859408038588e-02,8.7831615062451962e-02
1.0991045207318678e-01,5.6602350757320001e-02,3.7919004357534514e-01,7.5085628591483836e-02,3.8526563984313179e-02,8.6577431987915954e-02,1.5270843658431349e-01,6.9912089008508052e-02
1.1431124460045698e-01,4.8194286656197627e-02,4.0159127046751802e-01,7.9804993168452076e-02,2.8046943548386025e-02,7.5221218989465280e-02,1.6438654195352423e-01,5.9859877210018869e-02
1.2281968042341816e-01,9.1069139797196788e-02,3.6429667247692049e-01,6.0201101718162550e-02,2.7669949513374561e-02,5.4138070798860856e-02,1.6690049700032664e-01,1.0034244364824553e-01
1.2209308215642387e-01,9.2536204857992577e-02,3.6016721745749120e-01,6.0551365686416704e-02,2.9236591099625509e-02,5.4666428462406158e-02,1.6545400476315089e-01,1.0275369766956076e-01
8.9452200524658826e-02,6.7857589814029229e-02,3.3996204391469481e-01,7.4174465488115821e-02,5.0623454812525032e-02,1.0600150655642378e-01,1.4422132991478148e-01,9.3799983565893710e-02
1.2782778261215133e-01,4.9325574510946477e-02,4.0236663960326924e-01,7.2992097684460841e-02,3.5664231651910169e-02,7.8371518640546381e-02,1.5217913071884312e-01,4.9576881974284420e-02
1.1436199717052005e-01,9.4904909052606734e-02,3.5280897342506851e-01,6.0966141051415956e-02,2.9847366266442899e-02,5.8609721637495275e-02,1.6603936445447684e-01,1.0969548674160289e-01
1.1462742812252685e-01,5.0361158820824904e-02,3.9642933183315088e-01,7.7839839806151168e-02,3.0873430205033820e-02,7.7771756038887543e-02,1.6084459949269561e-01,6.1950206978551241e-02
1.2292230333936988e-01,8.5828352782184467e-02,3.7904034043028167e-01,5.9779196961409750e-02,2.2555354602932398e-02,5.3431155724878977e-02,1.7188239169990263e-01,9.1717091283478130e-02
1.1174205076906947e-01,9.6381027203773104e-02,3.4821130377174825e-01,6.1237799729834827e-02,3.0877537994805176e-02,6.0126783337857648e-02,1.6548130801207231e-01,1.1313082962577856e-01
1.5573472248824813e-01,7.0962845491381155e-02,4.1080210141954088e-01,5.5864204957737661e-02,1.5790925071560682e-02,4.1169149197121321e-02,1.7679035263744974e-01,6.1105308350639612e-02
1.1761689231347267e-01,9.2161723515377617e-02,3.6123336604286371e-01,6.0506558109658534e-02,2.7587080687688691e-02,5.6546252490017136e-02,1.6765407455926779e-01,1.0394347395077906e-01
1.1239031512716309e-01,9.7939473535341035e-02,3.4276220726103718e-01,6.1591385603021534e-02,3.3262040259961045e-02,6.0531397288785135e-02,1.6331300396161200e-01,1.1552249712378264e-01
9.0086170555524800e-02,6.6821314314547187e-02,3.4573768321027293e-01,7.5390207290201530e-02,4.6947736489530295e-02,1.0136287687907707e-01,1.4764039219102634e-01,9.3084734082366394e-02
1.1467752502782752e-01,9.3265574216475619e-02,3.5819308676506262e-01,6.0773379800503194e-02,2.8071613734058254e-02,5.7947878055392907e-02,1.6754352167606568e-01,1.0668692928987350e-01
6.0626204411163308e-02,7.4806784247663863e-02,2.9436623344019469e-01,7.0228469753826489e-02,7.3940702499619995e-02,1.4544826004580838e-01,1.2722779566087636e-01,1.1659389341457589e-01
1.2993547725587329e-01,1.0043173116506905e-01,3.9785385746034047e-01,7.0353092003370421e-02,3.3417998312285438e-02,7.0190890135345296e-02,6.7841490437707902e-02,1.1313236161779924e-01
1.1762902288515151e-01,5.2119582271707945e-02,3.9177854295698639e-01,7.5295878560667204e-02,3.4625428877123450e-02,8.0560419170129363e-02,1.5594326922850493e-01,6.1526229908868427e-02
8.9758747924320356e-02,6.7053421462907589e-02,3.4479003230152894e-01,7.5322094836141343e-02,4.7287687908790219e-02,1.0185692290623931e-01,1.4738388429595753e-01,9.3547284830080846e-02
1.1838222624277359e-01,9.0554597193548719e-02,3.6610702274488366e-01,6.0329867293281214e-02,2.6093473586815494e-02,5.5868445406548145e-02,1.6892656262798136e-01,1.0093847672108260e-01
1.1724640808214508e-01,8.4014217944309771e-02,3.8519373039048171e-01,6.0812568549606823e-02,2.0059565515397455e-02,5.5213177308253598e-02,1.7475330471111486e-01,8.9231515782160889e-02
9.4190659199237525e-02,6.4160826930529505e-02,3.5383542047892103e-01,7.2681050464505917e-02,5.2596797192190382e-02,1.0693902902870561e-01,1.3972063315393562e-01,8.0541673494272256e-02
1.1833764543308979e-01,1.1190124073414416e-01,3.3144999176706208e-01,7.6615451170600229e-02,4.9403625707222877e-02,8.3256321693996646e-02,7.6920646358507969e-02,1.3491850333968680e-01
1.2843800441148229e-01,6.4552734712026882e-02,4.0862970959397721e-01,8.5666046473075616e-02,4.5276693771110654e-02,9.7717632563927057e-02,5.6865144305192586e-02,7.7928202557712697e-02
1.0854692256728925e-01,1.0054653284649359e-01,3.3375238115891565e-01,6.2159117569939970e-02,3.5819536221593465e-02,6.3294438319441926e-02,1.6170671606405812e-01,1.2149021248764667e-01
1.4160291024281624e-01,8.1603051914729344e-02,3.9047653469699439e-01,5.8127875741014988e-02,2.2017503587950089e-02,4.4883487656070330e-02,1.7011998351444277e-01,7.9083872711134554e-02
6.6367623802106382e-02,7.6348142879609657e-02,2.9509963278628215e-01,7.1549051139203970e-02,6.8230248117448683e-02,1.3575573601664179e-01,1.3277866509421787e-01,1.1762173907555257e-01
1.1420899086799682e-01,5.5894084323171583e-02,3.8321818441209704e-01,7.3158056875295543e-02,4.1723777752730132e-02,8.8505616270524265e-02,1.4756205309644330e-01,6.2582015169024091e-02
8.7149848487829321e-02,8.0240348192113967e-02,3.1719299074247054e-01,8.6363198131437127e-02,7.2114031992594141e-02,1.4460690698791370e-01,6.0714234902117657e-02,1.1024878470920917e-01
1.6152233694971432e-01,8.0659498127334098e-02,4.5593964690183253e-01,6.5874324578233417e-02,2.1765344747852900e-02,5.7142783763008270e-02,6.5508129125627382e-02,7.5284938511813060e-02
8.5751918812681918e-02,6.3740511470546157e-02,3.1606751902523833e-01,8.5782489083939123e-02,6.1691397683775261e-02,1.1380825487315441e-01,1.4088156054512418e-01,9.5179435021005523e-02
1.2391871226665030e-01,1.0908806301232887e-01,3.5195679756614651e-01,7.3435737624386307e-02,4.3460432302636007e-02,7.8081120674094298e-02,7.2932092199733373e-02,1.3010976491900128e-01
1.1794082113388235e-01,1.1145922732973219e-01,3.3152711954284370e-01,7.7425329796889431e-02,5.0049392311105029e-02,8.3321209095869639e-02,7.7911434598862017e-02,1.3314871366140119e-01
1.1063440181252994e-01,1.0017609308412312e-01,3.3581750090090312e-01,6.2690772189510593e-02,3.7097093407723949e-02,6.2128791538939299e-02,1.5985450359500655e-01,1.1904706106161500e-01
8.3041776359048969e-02,8.3483177583817389e-02,3.0404144461901667e-01,8.6286878063667818e-02,7.3820857355171299e-02,1.4798830447255687e-01,6.0100033076763197e-02,1.2015029801409607e-01
1.2622013850324462e-01,9.0944689386040320e-02,3.6547489971249442e-01,6.0326074130199213e-02,2.8512081231194471e-02,5.2335232966157212e-02,1.6541544627493260e-01,9.8323674370006039e-02
1.2992858117605574e-01,1.0636531944641228e-01,3.6082493282510741e-01,7.3161145134545760e-02,4.1950227491323856e-02,7.4481940054157814e-02,7.3612459775981812e-02,1.2274875417493686e-01
1.1070787427108776e-01,9.7386820241370145e-02,3.4485844978801999e-01,6.1407784895988617e-02,3.1832328805657624e-02,6.0926946304703765e-02,1.6480983704457330e-01,1.1526710536377295e-01
9.7046789912981962e-02,6.4014621658530446e-02,3.5449734284063728e-01,7.4315945718011478e-02,4.6620993504981716e-02,9.9094416002395366e-02,1.4654156008262814e-01,8.4574470158950879e-02
1.0979183413253069e-01,1.0936756767336259e-01,3.3412023071370123e-01,8.2096708188205900e-02,5.3589422818643206e-02,8.5851320259906758e-02,8.1950981767334952e-02,1.2615223105258233e-01
8.3236945125789635e-02,1.1389303026418592e-01,2.7723941361528637e-01,6.4860149051454000e-02,5.2055259029630360e-02,8.4742189263001047e-02,1.5337511409068311e-01,1.5863889014808766e-01
9.9828565051139712e-02,1.0565024909280885e-01,3.1454158870517113e-01,6.3177803988918035e-02,4.0984452176693206e-02,6.9916008285858589e-02,1.5893321676068023e-01,1.3434524466902442e-01
1.1800076102284848e-01,5.2558791588057305e-02,3.9076657077760901e-01,7.4805973308266979e-02,3.5584545323457104e-02,8.1371674360324775e-02,1.5470168886973976e-01,6.1329852449046915e-02
1.0339442520866339e-01,1.0384297011328254e-01,3.2158397253227061e-01,6.3022605838069762e-02,3.9707780966558637e-02,6.7339987894704606e-02,1.5922583592612233e-01,1.2928242796442319e-01
9.0098768582138680e-02,8.0912614760837581e-02,3.2002077182820116e-01,8.6298843515004067e-02,6.9726478607188322e-02,1.4018755253788798e-01,5.9899299871909902e-02,1.1217115851852005e-01
7.8543350928026862e-02,7.0738049223374663e-02,3.2373802186835482e-01,7.2177602065341712e-02,6.1095119926826646e-02,1.2251279991915334e-01,1.3553267048374240e-01,9.9614710333577369e-02
1.1584853908969606e-01,9.5456929724404851e-02,3.5088943898706837e-01,6.1075211921893545e-02,3.1007148880029346e-02,5.8200288405043772e-02,1.6479661594442646e-01,1.1005538461036120e-01
8.8049792024418816e-02,6.8427512986670561e-02,3.3671494105952193e-01,7.3520943409448758e-02,5.3122967867730790e-02,1.0949161276394347e-01,1.4191712646803004e-01,9.4196424989708163e-02
1.0547064080781048e-01,5.9870096371813654e-02,3.6996252449990147e-01,7.3093153816773754e-02,4.6115180994146014e-02,9.5938462661001159e-02,1.4444741942528422e-01,7.1037812895768659e-02
1.0201266788859072e-01,1.0367632694425687e-01,3.2257278016061341e-01,6.2552628949495453e-02,3.7836553509740377e-02,6.7503381958555292e-02,1.6117978097283553e-01,1.2989119207611177e-01
1.3988980653566405e-01,7.9091591931888527e-02,3.9457616264497120e-01,5.7842107719175084e-02,1.9666204435051148e-02,4.6508036332904713e-02,1.7338191458135349e-01,7.6799157408454707e-02
1.5145688063737814e-01,7.6509709458912695e-02,4.0274116053391917e-01,5.6881287563204520e-02,1.9181975311059179e-02,4.0748653135555188e-02,1.7214236984558851e-01,6.8545830575897790e-02
1.2005517536770532e-01,4.7377763393420654e-02,3.7847782414294873e-01,8.4147162919236546e-02,4.6223910823063381e-02,8.5274085797261576e-02,1.4632127779444365e-01,5.7395418113281055e-02
1.3614782292290237e-01,8.5917764659854318e-02,3.8056206014423322e-01,5.9282132255766617e-02,2.5242119182875677e-02,4.6949747929515777e-02,1.6709892918282643e-01,8.6567298259193418e-02
1.0080274312085005e-01,1.0371727278739283e-01,3.2286551733448671e-01,6.2482446412236818e-02,3.7214217104312178e-02,6.7823502713790562e-02,1.6185864328305910e-01,1.3038216671745723e-01
1.0359289121007580e-01,7.5389600786139349e-02,3.4919783580262975e-01,8.6078855697016815e-02,6.2750219443858821e-02,1.2684518125618677e-01,5.9798946040024094e-02,9.6422737645196738e-02
1.1024155517849196e-01,1.0020823238556305e-01,3.3525217909540700e-01,6.2410493465960323e-02,3.6477998435566684e-02,6.2395767750667103e-02,1.6066813037641972e-01,1.1974471850109697e-01
8.9006145846612372e-02,6.7853208870299941e-02,3.3884035161553006e-01,7.3368374690223032e-02,5.3101951793833910e-02,1.0918984569413465e-01,1.4159846354246350e-01,9.2373902719241008e-02
9.9368529230520392e-02,1.0528990640368467e-01,3.1645102879637549e-01,6.4454208282817949e-02,4.4001009901299695e-02,7.0342986369254207e-02,1.5551360068003867e-01,1.3231143814219817e-01
9.4018816435948616e-02,6.5246730110384857e-02,3.4926139759625469e-01,7.3169485728322353e-02,5.1312000591009925e-02,1.0550812524066336e-01,1.4190132712576475e-01,8.4912805158869800e-02
8.8272819135690350e-02,1.0843137681917522e-01,3.0174068388758329e-01,6.6104476289951739e-02,5.0823204754963769e-02,7.8968233585677894e-02,1.5101212122629737e-01,1.4313661662764895e-01
8.9252904860718296e-02,8.3367255641494734e-02,3.1752626138971185e-01,8.6476325016812808e-02,6.7947185995572174e-02,1.3749415117979194e-01,5.8428782332996983e-02,1.1979783362675581e-01
6.4569715305352063e-02,6.5116018257946939e-02,3.3895818692211044e-01,7.0267153365651355e-02,7.2084150231971941e-02,1.4088175444940088e-01,1.2123404223406520e-01,8.9556284339751324e-02
1.0893274011652010e-01,1.0027795851957119e-01,3.3816123231790773e-01,6.4118856465316218e-02,3.9615088607356068e-02,6.2365832890056143e-02,1.5670043250326829e-01,1.1745692781431012e-01
1.0489759394997335e-01,1.0309756802093453e-01,3.2450619575175599e-01,6.2991272650275695e-02,3.9269711927036675e-02,6.6270039106797712e-02,1.5924592599301229e-01,1.2713913006306946e-01
9.6770559646223664e-02,1.0654455846122156e-01,3.1092721510167565e-01,6.4618639865813343e-02,4.5344936571764999e-02,7.2516721681821480e-02,1.5499368744088185e-01,1.3607829254301512e-01
7.4720198818945024e-02,1.2545275587547211e-01,2.3410198006646302e-01,8.3575150321996514e-02,7.5468724733110670e-02,1.2377482099893783e-01,8.2402420006944699e-02,1.8550023589483247e-01
1.5421380860746481e-01,6.7044384048357705e-02,4.1331220711520278e-01,5.6526476161301187e-02,1.3391411954243277e-02,4.4476743653701120e-02,1.8139498167435489e-01,5.7204753804352047e-02
6.0379447794253964e-02,7.1923555240517023e-02,3.0520183628156294e-01,6.9883797878649248e-02,7.4862853429997350e-02,1.4666996907810201e-01,1.2441002051282428e-01,1.0972230964041960e-01
1.1091118986238953e-01,1.1502901358764142e-01,3.1534799459398133e-01,7.7820545372388250e-02,5.3183762296790220e-02,8.9123525558519143e-02,7.7766764225928126e-02,1.4362771241663919e-01
7.6007013624039166e-02,6.7952526991080495e-02,3.3402930554564114e-01,7.1481598348086137e-02,6.3833298466905164e-02,1.2678857661396883e-01,1.3113161935413140e-01,9.1893065841867946e-02
8.6379095668779160e-02,1.0304373491748844e-01,2.9632635725032064e-01,7.3634532652500209e-02,7.6528675597597684e-02,9.0324994913695236e-02,1.0987189602006039e-01,1.6322718822798929e-01
6.0567968662248201e-02,6.3370856062447870e-02,3.1065592635926237e-01,6.6637165268406379e-02,9.3183366680981303e-02,1.6711290030546022e-01,9.4997004005345234e-02,1.0923734682678023e-01
1.1748925590042127e-01,1.1276831164377520e-01,3.3390640615879841e-01,7.4875719830250306e-02,4.7512218955855827e-02,8.3275084770677937e-02,7.4218071137468894e-02,1.3880409834091356e-01
6.8859312881802123e-02,1.2199903745715689e-01,2.2400002854330703e-01,8.7261670167828778e-02,8.3725495777920933e-02,1.3186357232410550e-01,8.1628836877785924e-02,1.8859606950884142e-01
2.4139772903238926e-01,4.3901998543421292e-02,4.8860916872563753e-01,7.7814973652118605e-02,1.2990507612547718e-02,3.3405505699702021e-02,3.2103448305226594e-02,4.7376496254392504e-02
1.9655519005801766e-01,5.3435952883055748e-02,5.0946373724490834e-01,7.5838096671201519e-02,1.0137946961641367e-02,3.6532580060910806e-02,4.0736888873358690e-02,5.6190897694766748e-02
2.1671555348410246e-01,4.9079142528904156e-02,5.0633796067343140e-01,6.7699516720156380e-02,1.6511796725041286e-02,3.3265630881505491e-02,4.2385459360551478e-02,5.1611381656353400e-02
2.6251670800121446e-01,3.9194848136803316e-02,4.8184766788870953e-01,7.1519273793041266e-02,1.7588623727314436e-02,3.2046117130336699e-02,3.1502398882278092e-02,4.4559483360325031e-02
1.6244051122112965e-01,3.5132727502329861e-02,4.7899898694754006e-01,9.9155632624992968e-02,2.7917247195928748e-02,6.1464767731057898e-02,4.1957038596914027e-02,6.0427094025831497e-02
1.8943629310693397e-01,2.6821193182937648e-02,4.9267308858008102e-01,9.3446577529219269e-02,2.9553607684879000e-02,5.2440244044042961e-02,3.9305865075429866e-02,4.7734516349661131e-02
1.7983883198485962e-01,5.9396012334192387e-02,5.0007774689009743e-01,7.5879132362306645e-02,1.2445788347437444e-02,4.0376885414855138e-02,4.6270199330807497e-02,6.5187666976608702e-02
2.3612957546040278e-01,4.3767121245824769e-02,5.0602740074434849e-01,6.5500033512213202e-02,1.7302572302100826e-02,3.0952320421137571e-02,3.8695085313247904e-02,4.5964335967057422e-02
1.9384562898208668e-01,4.0711588340630676e-02,4.3739619306716038e-01,6.0361967294485050e-02,1.3194019039010296e-02,2.7669450326792824e-02,1.7127680586594785e-01,4.3363426842737487e-02
2.2349303844421109e-01,4.7921385399174815e-02,5.0480138900692739e-01,6.4896658902635504e-02,1.9257639115595637e-02,3.1737454844806633e-02,4.3377941482755651e-02,4.9913971155497644e-02
1.4657170520511256e-01,4.6278767972651250e-02,4.2441999025640265e-01,9.9508622279721390e-02,4.1096139278408973e-02,8.1405153165446262e-02,4.6791405510819804e-02,7.7016246564237389e-02
1.4700267188997757e-01,4.1416607967787969e-02,4.5953527706262692e-01,1.0141550441549929e-01,3.0337221702487798e-02,7.0382336491981612e-02,4.4400149948875520e-02,7.0343084615729856e-02
1.5940350215333288e-01,3.3465763550576615e-02,4.9736290058430621e-01,1.0426924458544799e-01,1.9877279267566800e-02,5.4394889997611773e-02,3.9575800847599055e-02,5.9167480947969420e-02
1.6792062109702355e-01,4.6477656946575595e-02,4.5414308280846266e-01,8.6409736573359916e-02,3.7065729732085231e-02,7.2154325831872326e-02,4.9294519578745415e-02,5.4260674154133867e-02
1.2732086319104197e-01,5.9457451392016712e-02,4.2508945270475734e-01,9.5431049371892993e-02,3.4260334845388374e-02,8.7884824790717006e-02,5.3127112418056850e-02,7.9356219264864220e-02
1.2118704743540676e-01,7.6383491831659475e-02,3.9491993254905611e-01,6.7917989867004619e-02,1.0909251281118205e-02,5.2396523784647812e-02,1.7988899742374848e-01,7.6325106452648561e-02
1.4271846035938313e-01,3.9091198888921569e-02,4.0660787605393461e-01,7.9208876649465146e-02,2.9856704124816745e-02,6.4990689625789577e-02,1.5967971761801275e-01,4.8032060923312359e-02
1.4773229092443799e-01,6.9006694568475538e-02,4.0469673463170691e-01,6.1389790339683850e-02,1.4597441061681872e-02,4.4785679011084337e-02,1.7741114039805245e-01,6.4036816821836026e-02
1.8344156454842125e-01,3.3291608121955467e-02,4.6028835347741254e-01,9.1445874634248581e-02,4.1207242465727503e-02,6.4295211309413403e-02,4.2524809506625405e-02,5.2239331469190985e-02
1.1525605071567559e-01,9.5104656430221909e-02,3.1210804013622151e-01,6.8497159175408065e-02,3.5779201007086522e-02,6.6346699379844193e-02,1.6128642417079792e-01,1.2704741526887225e-01
1.5149881993338377e-01,7.3497286412166837e-02,3.9109898152536265e-01,5.9661162148513698e-02,2.2049592485594093e-02,4.3369168792281892e-02,1.6945449616713887e-01,7.4678867542992008e-02
1.7198662118168487e-01,4.5937828582990704e-02,4.5158809985741705e-01,8.4775992185397372e-02,3.9662619594515017e-02,7.2445607616090160e-02,4.8805894385294396e-02,5.2706251466746561e-02
1.2294437897474350e-01,8.5160288703771098e-02,3.5901421182102911e-01,6.6189379132199758e-02,2.3073398520755097e-02,5.5884547244773236e-02,1.6947795400855917e-01,9.9908481123267751e-02
1.3813497337301647e-01,6.7509869204880807e-02,3.8678867580825854e-01,7.2015791897861212e-02,1.9802791538342215e-02,4.4251884227795003e-02,1.6681417776632679e-01,8.7262141204608346e-02
1.4940723294742500e-01,5.1538225309593268e-02,4.4770610040980691e-01,9.1346295752601087e-02,3.3497807523415933e-02,7.7044985725060106e-02,5.0997280236088467e-02,6.3883954312378158e-02
1.1881967322916616e-01,8.7176401992691416e-02,3.5234392079932458e-01,6.7127746384873246e-02,2.3724349480110679e-02,5.8113883148124004e-02,1.6922115811238914e-01,1.0461938600061632e-01
1.3698999853825122e-01,7.8603860931409295e-02,3.7872300706099488e-01,6.2984892548734850e-02,2.1417141383017427e-02,4.9129391757674390e-02,1.7029116153086551e-01,8.5234606695984830e-02
1.1200201207281681e-01,5.2935423812834614e-02,3.6471696754486271e-01,8.2925806179050848e-02,3.6121296233457091e-02,8.5125326233803200e-02,1.5416034049430949e-01,7.6446442578578994e-02
1.4603406656538948e-01,4.9515388001101793e-02,3.9961360230694992e-01,9.8980382648484216e-02,4.9074131552081242e-02,8.9287515286791019e-02,4.8188556530453286e-02,8.0956213503115201e-02
1.0755765915654088e-01,1.0072073658303608e-01,2.7171194259483655e-01,7.0993346950797884e-02,5.1808150792446182e-02,7.9327958984455105e-02,1.5134341290848577e-01,1.4890287982815933e-01
9.7006908341098971e-02,6.2168223632761629e-02,3.1925253424687400e-01,8.2873014298750436e-02,4.7768489624192403e-02,1.0535848779737365e-01,1.4640702762746302e-01,9.9785244040782151e-02
1.0158658707956322e-01,5.8901090775696732e-02,3.3842502812536202e-01,8.3413251113314907e-02,4.1961657153018903e-02,9.6654646321934268e-02,1.5026815103555663e-01,9.0815765553049835e-02
9.9300703482630523e-02,1.0451791122809170e-01,2.5558423930888918e-01,7.2323554860577149e-02,5.0631985463053135e-02,8.5316942175829913e-02,1.5417177621252565e-01,1.5906966161580469e-01
1.1152485427152709e-01,5.6937929033039680e-02,3.3700677073706320e-01,7.9509948476000306e-02,4.9803506068595758e-02,9.8363109558102305e-02,1.4281162178181153e-01,8.6435518491618402e-02
1.4177572163263635e-01,8.4953606160319259e-02,3.4964639236503814e-01,6.3039987889664584e-02,3.5707655798971123e-02,5.0669882567101129e-02,1.5802985466314667e-01,1.0120574459517723e-01
1.2014958733341839e-01,9.3511528246983153e-02,3.1734524838244688e-01,6.7551431510131432e-02,3.6507507263394245e-02,6.3782923836404548e-02,1.6015292550503690e-01,1.2314947207936033e-01
1.2011417517435925e-01,9.4694758265059895e-02,3.0940356560019261e-01,6.7852575709449553e-02,4.0216938361760809e-02,6.5504040326053448e-02,1.5752711093584867e-01,1.2717261303237515e-01
1.3046268849897916e-01,7.9063457344965990e-02,3.8027503069012863e-01,6.4539746261392222e-02,1.8700265165547156e-02,5.1037808644838922e-02,1.7278420105066353e-01,8.5413963324629985e-02
1.2031198725373290e-01,8.4231357343492491e-02,3.6491432807664348e-01,6.6782824549883629e-02,2.0362869482703695e-02,5.5876966226444384e-02,1.7166292691465423e-01,9.6969033666904236e-02
2.5139401690256891e-01,4.2007814647770210e-02,4.7516923480864343e-01,8.3086384801172045e-02,1.3138153396252066e-02,3.4229286843815245e-02,3.0381634401574827e-02,4.5913373425417972e-02
2.8597181414722705e-01,6.2182596254189660e-03,4.1988183146852287e-01,1.3245148899682127e-01,2.2130018367876651e-02,2.3183719364309564e-02,3.2749777919953441e-02,5.1036754597412033e-02
2.7101706935552394e-01,9.5388869061094079e-03,4.2967666616168226e-01,1.3570165933786718e-01,1.8805174306527873e-02,2.2868767631204209e-02,3.2582561322830168e-02,5.1499905537224486e-02
1.9472197272786804e-01,4.2938621711930761e-02,4.3653377604456006e-01,5.8754893348699821e-02,1.6620290367251520e-02,2.5862884355955126e-02,1.6823820872717543e-01,4.5472989718620294e-02
2.5181564177246080e-01,4.0316079788999606e-02,4.9917099902077627e-01,6.5286927134685396e-02,1.8197654496430956e-02,3.0319284865414870e-02,3.5445750517236765e-02,4.3569857370438864e-02
2.1070376832478693e-01,2.0601474424720174e-02,5.0289242263835310e-01,1.0195003441643818e-01,2.0226279948762662e-02,3.7185389915158670e-02,3.2579568086115965e-02,4.7154068823468134e-02
2.0312073421366561e-01,5.1933470149495842e-02,5.0852292719918790e-01,7.3343761354563303e-02,1.1958028010391581e-02,3.5611237767231935e-02,4.1043106349162597e-02,5.4749352139059418e-02
2.1959356691070742e-01,4.8702852900006963e-02,4.9636059474284655e-01,8.3865977081393983e-02,8.3455875974996069e-03,3.4674820178550218e-02,3.2836860409916575e-02,5.0162459670078555e-02
1.9985656919393530e-01,2.2986364381847171e-02,5.0149089483445752e-01,9.3099393103547215e-02,2.7398077904902951e-02,4.6912636771893911e-02,3.7380659194994288e-02,4.3946100949301618e-02
1.9059120129523968e-01,9.2226222611053437e-03,4.3228549610378791e-01,9.0156107438851024e-02,1.8742819335116116e-02,3.6297467003322613e-02,1.6703826559406690e-01,3.3043282130522503e-02
1.7499448390696984e-01,2.9292161627752392e-02,4.9995512773808271e-01,1.0052639260287648e-01,2.2075269994900750e-02,5.0894757722400701e-02,3.8464721128144627e-02,5.3456543740489151e-02
1.2047153994039758e-01,4.1056986581521675e-02,4.0831491680781717e-01,9.2495101984439207e-02,1.6922117207089183e-02,6.3493726146589199e-02,1.7444694171744862e-01,5.1075055533978883e-02
1.3856878514010387e-01,6.7987248454697724e-02,4.0733166682039823e-01,6.6404568765302943e-02,8.8121773671059160e-03,4.8384500350675298e-02,1.8421263572771490e-01,5.8856136560810318e-02
1.2223146966037497e-01,4.7268679157419058e-02,3.8546575745399664e-01,8.2367829708442225e-02,3.1653113264418054e-02,7.5819409483550301e-02,1.5778284384888944e-01,6.4129462958961353e-02
1.5093610744361580e-01,4.5162740113745568e-02,4.2563943016741967e-01,9.8442049543387922e-02,4.2165204062610179e-02,8.0316353465894594e-02,4.6464538945921494e-02,7.4443355039425854e-02
1.6225174296215567e-01,4.5240324096656313e-02,4.7624074255775956e-01,9.9024418083514351e-02,2.2217067680521178e-02,6.1185708248731117e-02,4.9123292222568525e-02,5.2453407716909740e-02
1.4503094518736070e-01,6.6018716095381028e-02,4.0827923426291568e-01,6.5178017817854650e-02,9.4485414027484990e-03,4.7189205820023401e-02,1.8436707944877223e-01,5.5697584266148320e-02
1.3748903912647106e-01,4.1524868969953423e-02,4.0041573559704285e-01,7.9641143218444108e-02,3.1085399103625237e-02,6.8232023568127090e-02,1.5822289300262782e-01,5.2545605686062154e-02
1.0499528493624673e-01,5.5127887511924024e-02,3.5904108957912728e-01,8.4590189942532451e-02,3.5255347904195676e-02,8.7918801414145431e-02,1.5530119619814114e-01,8.1304663216664019e-02
1.5889997826957278e-01,3.1293777593537096e-02,4.1929727733617816e-01,8.0104850192963067e-02,2.4859928611312629e-02,5.5554658454901464e-02,1.6768701749370246e-01,3.5745106541642035e-02
1.5068443896441891e-01,4.9563947036718799e-02,4.6072036614005640e-01,9.3311009236928422e-02,2.9001840684033817e-02,7.2151216096260781e-02,5.0746832785984519e-02,6.0001690479993701e-02
1.1676187113761206e-01,4.6810529319164691e-02,3.9147835498821476e-01,8.5524901744323478e-02,2.6652382459468878e-02,7.3773109681697396e-02,1.6272550752621928e-01,6.2978491241789891e-02
1.3235234374535410e-01,7.2661343675016241e-02,3.6834612621624174e-01,7.3746398199932200e-02,2.3712130375340593e-02,4.8439239334700283e-02,1.6532977709700425e-01,9.7361516835329162e-02
1.4692725603217494e-01,3.9580137920441204e-02,4.0372551871905948e-01,7.6548015506313474e-02,3.4336246807399586e-02,6.6298350151488009e-02,1.5458789896896596e-01,4.8005465709769345e-02
1.1990826853006285e-01,8.9988752024074040e-02,2.8561325910653657e-01,8.0531930206749328e-02,4.9432975038602896e-02,6.7384814215581748e-02,1.5525861251104059e-01,1.3311820675830074e-01
1.0405858216613645e-01,5.7897033162586341e-02,3.4221624410131180e-01,8.2987988017100167e-02,4.1688250066744328e-02,9.4973174725144882e-02,1.5024010336127872e-01,8.8358225914958635e-02
1.2798557109184194e-01,4.4895751853459571e-02,3.9217058943812882e-01,8.1497970657251034e-02,3.1005968374106727e-02,7.2533066814894603e-02,1.5833588659026901e-01,5.9284252214784318e-02
1.0373126763614765e-01,5.5613048925856057e-02,3.5748640414048372e-01,8.4826419927816907e-02,3.5311268123584524e-02,8.8636657486534223e-02,1.5533184968148878e-01,8.2401578807488440e-02
1.1693610211770597e-01,9.5219772565429323e-02,3.0955583048333707e-01,6.8297703550184927e-02,3.7832709369643315e-02,6.6391529572824390e-02,1.5967182174217318e-01,1.2791766420087583e-01
9.6616054044058777e-02,1.0299313855648555e-01,2.4564739784791190e-01,7.3385456947859307e-02,6.2005089409328598e-02,9.2265787535291952e-02,1.4569830421172020e-01,1.6448355436818732e-01
1.0058169640053162e-01,6.1520048107178739e-02,3.1533337883281720e-01,8.0904368564856083e-02,5.2987078104350459e-02,1.0834211342822633e-01,1.4188598876639710e-01,9.8988821394571158e-02
9.8649266218718709e-02,6.1352752581676294e-02,3.2343864948169404e-01,8.2761948595022561e-02,4.6892176430032649e-02,1.0345488505780225e-01,1.4685163390809230e-01,9.7554188364468733e-02
1.0254584073631742e-01,1.0296161778130609e-01,2.6756338043132516e-01,7.1580391159443674e-02,4.6855549464605788e-02,8.0829828005810581e-02,1.5604242074042568e-01,1.5243714408964940e-01
1.3590982596969553e-01,8.2620804794312427e-02,3.6284718569217678e-01,6.3425716596470338e-02,2.6685639101866842e-02,5.1173067877443301e-02,1.6591698409357139e-01,9.5032091293952306e-02
9.5402481583787543e-02,1.0467236642863874e-01,2.4098212055072937e-01,7.3391951404470218e-02,5.9784907487083705e-02,9.2783475950509564e-02,1.4818638483811081e-01,1.6704316929260973e-01
8.4298506951068830e-02,6.7413422069415488e-02,2.7157328685780513e-01,8.0842401758276922e-02,6.5742682381104062e-02,1.3230007001217645e-01,1.3505260403055608e-01,1.2033237744262786e-01
1.4443040924210407e-01,7.8681956482079263e-02,3.7519358720093809e-01,6.1431553151071121e-02,2.5580340913895886e-02,4.6886438975028075e-02,1.6637652951063867e-01,8.6090844706428124e-02
1.0881063615092744e-01,5.5434028622693969e-02,3.5292595849084946e-01,8.2586359582966992e-02,3.9592652950153961e-02,9.0231385914613452e-02,1.5149289611349506e-01,8.2343416219451307e-02
1.3466197476112660e-01,8.4088230482762663e-02,3.5698956634691287e-01,6.3819441030752613e-02,2.8328832677150768e-02,5.2337574746672937e-02,1.6468863460226932e-01,9.8633564928144762e-02
1.0726384145931378e-01,1.0068795116926232e-01,2.7062515298280826e-01,7.1115722437544687e-02,5.2845801857008150e-02,7.9928601611530342e-02,1.5057600305241958e-01,1.4948705077351704e-01
8.9158724068767056e-02,9.8040435966814943e-02,2.3734376979080174e-01,7.6345005756163486e-02,7.7154186646932951e-02,1.0456055647983684e-01,1.3140504012720286e-01,1.7313182147955217e-01
2.7477774515273912e-01,1.0068752923680665e-02,4.2891930561985298e-01,1.3089997063661829e-01,2.0781497394232875e-02,2.3271412914823264e-02,3.1006426359644797e-02,5.3003779734889379e-02
2.4521119846866651e-01,4.1634162176265414e-02,5.0333477202826638e-01,6.4799715496814500e-02,1.7971329402895555e-02,3.0317368407955392e-02,3.7062214167732692e-02,4.4205523428377656e-02
2.1350712689359339e-01,1.9047824029585013e-02,5.0600330801911952e-01,9.4720482968718892e-02,2.4571639208935028e-02,4.0165772464116720e-02,3.4453633059978866e-02,4.2207428986174279e-02
1.7629046195543996e-01,6.2865187270329248e-02,4.8557706490340818e-01,7.5334306779038518e-02,1.6503401264308708e-02,4.2667089107422583e-02,4.9653508513392633e-02,7.1447647030809372e-02
1.9842030651679204e-01,2.6280894355267051e-02,4.9272254727146064e-01,1.2053243228466703e-01,1.2045531081708057e-02,3.2013382094876815e-02,3.0084656975241313e-02,5.6327986155186902e-02
2.1609696738147446e-01,1.8325514564818020e-02,5.0616494450618243e-01,9.2140857643805946e-02,2.6547927779173336e-02,4.0914657936468111e-02,3.5001685069532378e-02,4.0025408806566784e-02
2.0957692106176612e-01,4.1088942670675969e-02,4.3280631995452934e-01,1.1277252327791364e-01,2.4332342256546163e-02,4.9155336669783493e-02,4.6199884682626077e-02,5.3107983710401249e-02
1.6587213773962423e-01,6.5800267153807421e-02,4.8251041545474782e-01,7.7893928347720992e-02,1.5130755616769758e-02,4.5268022797528722e-02,5.0478200026406642e-02,7.5976266478472249e-02
1.4632778428029891e-01,7.2413810162168413e-02,3.9613352122195628e-01,6.1004795796266782e-02,1.8081919070592485e-02,4.5042842380098702e-02,1.7344306375973462e-01,7.1734755583927751e-02
1.6234520371749664e-01,7.8316370820981140e-02,4.6493359538227896e-01,7.0871952207958430e-02,1.7399928517698456e-02,5.3927772730319665e-02,5.9523064245320674e-02,7.1394307604602567e-02
1.5660407535509066e-01,3.1000591359235295e-02,4.1353773648164588e-01,8.5738799760630785e-02,2.0853434640621060e-02,5.4355777895907467e-02,1.7456384212786363e-01,3.6530638088115581e-02
1.5274801265585952e-01,8.5695841616917318e-02,4.3444756456573380e-01,7.2068709857464497e-02,2.3641467012901381e-02,5.8922200487297634e-02,6.2715866075747126e-02,8.8693866112096925e-02
2.0221663320503841e-01,2.2614562693178211e-02,5.0028543435664719e-01,9.1679030684936672e-02,2.8938246071814427e-02,4.7323542760869239e-02,3.7623621314628396e-02,4.2668428108703228e-02
1.5489396067840849e-01,7.2793089052194074e-02,3.9239375195636450e-01,5.8893796170026380e-02,2.2859376687174360e-02,4.2076980451681532e-02,1.6861074201004128e-01,7.3302584750739530e-02
1.3734540828082031e-01,8.4510034046619789e-02,3.5370502200591519e-01,6.3453583796491117e-02,3.0925711620422625e-02,5.1817719919509224e-02,1.6240331018931239e-01,9.9913936491140998e-02
1.0906964171954958e-01,4.6897616939511229e-02,3.9671151737793753e-01,8.9834014899637687e-02,2.1393585789510630e-02,7.2115486280468141e-02,1.6795498458148495e-01,6.2288733329601248e-02
1.6347130838898977e-01,4.7554861477950856e-02,4.5355129301165614e-01,8.7748181253123725e-02,3.5773958668779277e-02,7.2995588473897935e-02,4.9725729826412116e-02,5.6425342033704230e-02
1.3062602775806359e-01,7.8760470095129390e-02,3.8134848380934327e-01,6.4520391059061780e-02,1.8391575150390020e-02,5.0885708610844939e-02,1.7305365656902999e-01,8.4679116326271855e-02
1.4886932645085563e-01,5.1934100491614739e-02,4.4559851930562405e-01,9.1225964479618407e-02,3.4079612795056398e-02,7.7842358284837668e-02,5.1054427590216563e-02,6.4649377619619697e-02
1.3387141117430679e-01,7.5224204888930807e-02,3.5573492430571801e-01,7.3979251583958919e-02,2.8255268713788660e-02,4.9845462157948051e-02,1.6316503039012126e-01,1.0218655241207347e-01
1.1541854356951442e-01,5.1005419486377296e-02,3.7223818785273899e-01,8.2744111577834276e-02,3.4488953383537045e-02,8.1800979914208607e-02,1.5539747033301027e-01,7.2116855894264448e-02
1.5388117906717735e-01,5.7952385775249388e-02,4.1338138029613741e-01,6.8174996769544971e-02,1.5480593507612292e-02,3.7090755442787046e-02,1.6858196500678624e-01,6.9730841128592888e-02
1.1871740139198021e-01,9.2291129476289327e-02,3.2587501527593588e-01,6.7557171394696997e-02,3.2404172387445328e-02,6.2575161796628975e-02,1.6315908568740606e-01,1.1907719017836532e-01
1.6031542877347016e-01,5.0814195891662313e-02,4.3404870764648179e-01,8.6537276914258582e-02,4.2284353087589682e-02,8.0017220117079568e-02,4.9796970064822921e-02,6.1834533642841145e-02
1.0399285881524042e-01,1.0239690788065488e-01,2.6945253445402573e-01,7.1342921356222846e-02,4.7328909841085884e-02,8.0037085304741254e-02,1.5543440213330545e-01,1.5110456473874911e-01
1.1979647692499681e-01,5.3495355480562189e-02,3.5191389913231480e-01,7.8346163106094283e-02,4.7777148868694337e-02,9.1489219922478243e-02,1.4344570711284149e-01,7.7535061698285002e-02
1.3596182541576840e-01,7.6949984018528386e-02,3.8536965075451818e-01,6.3293184818052448e-02,1.8721076684223455e-02,4.8900138950620488e-02,1.7272607480538998e-01,8.1055378389915916e-02
9.4443147742246006e-02,5.8717798754594840e-02,3.0217779488179264e-01,7.7065721714357244e-02,7.2856744020147884e-02,1.2954937623721988e-01,1.2483328802694495e-01,9.9390998401144418e-02
1.1219422713310359e-01,1.1321104214319919e-01,2.5554314984559839e-01,8.5784655653765612e-02,6.2553497828631566e-02,1.0399940299458586e-01,7.4721697633047382e-02,1.6872730366417391e-01
9.9293548483235253e-02,1.0432357421586204e-01,2.5256616244792929e-01,7.2452140874999765e-02,5.3429158042572727e-02,8.6731005528062399e-02,1.5216776720582115e-01,1.6045693275293635e-01
1.0617889353961057e-01,1.0150726447072263e-01,2.7265291932207536e-01,7.0986418266869689e-02,4.7947733494367879e-02,7.8743584134647618e-02,1.5455502729403411e-01,1.4892493563729675e-01
1.4880480967457693e-01,9.7998745349045485e-02,3.5126304281959847e-01,7.6223200355107143e-02,4.6436035207813135e-02,7.1141202591125136e-02,6.7147452483132988e-02,1.2089340570440750e-01
1.2815383561352672e-01,1.0433519532166528e-01,2.9182499247453608e-01,8.3951916394772480e-02,6.4901453953860905e-02,9.0790057331979021e-02,7.1614421944637463e-02,1.4418513201033706e-01
9.3893330530808658e-02,6.3685207456773515e-02,2.9353916016539428e-01,7.9808480696937648e-02,6.2687218793123875e-02,1.2213768446572297e-01,1.3526457614677689e-01,1.0793637905962356e-01
1.1217156902334342e-01,9.8708745462320474e-02,2.8869857182624514e-01,6.9684282047241919e-02,4.4508647845445483e-02,7.2786317620769564e-02,1.5581218380003997e-01,1.3950204508430736e-01
1.0392636531180642e-01,1.0248729988518201e-01,2.6767934847145192e-01,7.1411693673532284e-02,4.8431124982314284e-02,8.0659305936993747e-02,1.5468842809990793e-01,1.5196004498628565e-01
9.2963883764524469e-02,6.4429211312828777e-02,2.9281342830480367e-01,8.0459284628211405e-02,6.0814566677936673e-02,1.2109070153510462e-01,1.3705142664027700e-01,1.0929189530906853e-01
1.1478173685280110e-01,9.7811142536813819e-02,2.9051196212926356e-01,6.9364127901336323e-02,4.6626136797402233e-02,7.1826185172280441e-02,1.5375130726202049e-01,1.3786645614130769e-01
9.7384113814581036e-02,6.2624724336099252e-02,3.0205304319690135e-01,7.9831166400530423e-02,5.9936980881608252e-02,1.1707890570903848e-01,1.3682495185937862e-01,1.0382614198692354e-01
1.2675538261550046e-01,5.0120786240024168e-02,3.6689744458625689e-01,7.7876412467306921e-02,4.3898254730334499e-02,8.4140706077807312e-02,1.4615535953317632e-01,6.9497689565847287e-02
1.1251997759440728e-01,9.7444629469175856e-02,2.9921544216824153e-01,6.9282220008860945e-02,3.9426578045283489e-02,6.9986523466237127e-02,1.5923554616293931e-01,1.3425001515825521e-01
7.5150720766774454e-02,6.6113388123692940e-02,2.5071705792621729e-01,7.8817641319279194e-02,7.9528278581771639e-02,1.5283948345010673e-01,1.2525228856191878e-01,1.2818694552335161e-01
8.9199237723623329e-02,1.0597505992423731e-01,2.2479248074371216e-01,7.4553605750655852e-02,6.4854926557803325e-02,1.0070582908913578e-01,1.4583880662412685e-01,1.7666669234093135e-01
1.3026236276306821e-01,1.0602835837581309e-01,2.9967118824910854e-01,8.1820656135265554e-02,5.6927412386470311e-02,8.7617432708680013e-02,7.1058956189362046e-02,1.4509671599181737e-01
9.7011961895369300e-02,1.0461250843441786e-01,2.4518155255452459e-01,7.3017258618219630e-02,5.7416101440999831e-02,9.0414688500626991e-02,1.4968367819824346e-01,1.6458318516355344e-01
1.2737521127029680e-01,8.5668750801528123e-02,3.5386584096908774e-01,6.5313092725392638e-02,2.6393106433279849e-02,5.5205891604982925e-02,1.6670526936862484e-01,1.0192523348357160e-01
9.4296214760485275e-02,6.1427007893047572e-02,2.9551336097422126e-01,7.8200680980334267e-02,6.8625967647629085e-02,1.2678702222378746e-01,1.2960185811479391e-01,1.0444606296935621e-01
1.7362915537369522e-01,4.8662000534177255e-02,4.7063059212140801e-01,8.0628103841205473e-02,2.4887672787151816e-02,7.1797859453077373e-02,6.1651606227465176e-02,3.5362580862701276e-02
1.2689675580242438e-01,9.1552759722287741e-02,3.7262001645651566e-01,5.6165422819320382e-02,2.3928840434619163e-02,5.0018432154949201e-02,1.7098225707872564e-01,9.2849364549509900e-02
1.0741709816928473e-01,5.5956811155448996e-02,3.9821035710255426e-01,7.5145549305503698e-02,3.0436492848316846e-02,7.1210659922029518e-02,1.6403512080279922e-01,6.6941630566498100e-02
1.4664841106767623e-01,3.9691523776963680e-02,4.0483062620157495e-01,8.3552123189767027e-02,1.6642975941068529e-02,5.7317228124386527e-02,1.8483544261708748e-01,3.8553195018663305e-02
2.4479423468985584e-01,5.1148568398873377e-02,4.5596688996843526e-01,7.6719930429722638e-02,1.6723434357141700e-02,3.9057281195735330e-02,3.5408185289763805e-02,5.5094770527423495e-02
2.7228791812514042e-01,4.1026911787979632e-02,4.1969638793636160e-01,9.0038877353779440e-02,1.8271163490273946e-02,4.5104429343280017e-02,3.7615801068186731e-02,4.6179976070613325e-02
2.0150807917768152e-01,3.1867952496409814e-02,4.8228086052421054e-01,1.0374454796925653e-01,2.1571213388210487e-02,3.5959675466001130e-02,3.3753739068544585e-02,6.1204201374514884e-02
1.9037170206600129e-01,6.2432841700210816e-02,5.0096329582841526e-01,6.5320294177517987e-02,1.6020946242234942e-02,3.7021667508694234e-02,4.6586495737047706e-02,6.3075225699545337e-02
2.1560882305552337e-01,3.9015963018325571e-02,4.0986199076351310e-01,5.8255277578213395e-02,5.0408768579136842e-03,3.6425622244866444e-02,1.8782497830002384e-01,3.2029269403242230e-02
2.1341108855481103e-01,5.8194460752905221e-02,4.7839041139916649e-01,7.6377767846724648e-02,1.6928496956344321e-02,3.5915767735761037e-02,3.3523792865098989e-02,6.2794130667630371e-02
2.4025215665779179e-01,2.4061018498057887e-02,4.5773311100944503e-01,1.0440057639049788e-01,2.0091932479371705e-02,3.5785032390739026e-02,3.6596761244634325e-02,5.3841451802100392e-02
2.4113064340313348e-01,5.0824208957654333e-02,4.7276105553693071e-01,6.9392705652439157e-02,1.4672045347651647e-02,3.8283288063782589e-02,3.9652284401171883e-02,5.1404354291601680e-02
2.3965356501545376e-01,2.1703446279632083e-02,4.7317055474356623e-01,9.7239233178544660e-02,1.8489676860571010e-02,3.8812342238355245e-02,4.0110265190708247e-02,4.4577544105244990e-02
2.5990642302736366e-01,2.1307678303467630e-02,4.0741739060515209e-01,1.2864338746493684e-01,2.2207979150086724e-02,3.0251825321550976e-02,3.6331529172254594e-02,6.3665862583349053e-02
2.4019132906880430e-01,4.9436127860717299e-02,4.8699620661398074e-01,6.3681879935564081e-02,1.2307496730679686e-02,3.7740738460067744e-02,4.5509352674030314e-02,4.5071756909763318e-02
2.2123056574326599e-01,2.7746446020190392e-02,4.7115351317367282e-01,1.0378942173502048e-01,2.0603505666668003e-02,3.5780224102665840e-02,3.5264366852575543e-02,5.6807815811425903e-02
1.2230395688436903e-01,4.7632546799698493e-02,4.1246768336328987e-01,7.8930815751095659e-02,2.2220503661375075e-02,6.2108294792164370e-02,1.7409403464272116e-01,5.1336576190740932e-02
2.3410163679382726e-01,2.3828806035557797e-02,4.7074573329203978e-01,9.9939913552500981e-02,1.9353046443558793e-02,3.7592955596760201e-02,3.8198261380284371e-02,4.9495902351229103e-02
1.9143194966199528e-01,6.2169166139374871e-02,5.0082100194855950e-01,6.5072549971815039e-02,1.5874859626231440e-02,3.7079759721041869e-02,4.7075236853224636e-02,6.2388326723807182e-02
2.5614130639672744e-01,1.9674090209378783e-02,4.5461658153086021e-01,1.0065403239482204e-01,1.8881131168097781e-02,3.7600097400703573e-02,3.9564270985574954e-02,4.6600510237819637e-02
2.0292523086727904e-01,7.7792228665840679e-02,4.2134784855711688e-01,7.7364299915806914e-02,2.0908997450174670e-02,5.7847546162725937e-02,5.3705761861513455e-02,5.9285659634592300e-02
8.9541669053132933e-02,6.9330544708716135e-02,3.4297741318943209e-01,7.0912659613352302e-02,4.9757871209829642e-02,9.8749611752920644e-02,1.4751887916106923e-01,9.5856113773141433e-02
1.8291044346031257e-01,6.8910731637058104e-02,4.8102381944214617e-01,6.5120206901164379e-02,1.8986026835296398e-02,4.0992411020760428e-02,5.7903250351336956e-02,6.7383639735983464e-02
1.7204843728297414e-01,7.6239073132382068e-02,4.5721071994890006e-01,6.7934375687872806e-02,2.3700550799193146e-02,4.5365942368363298e-02,6.2113423590949894e-02,7.8143799834861416e-02
2.2212851830723038e-01,5.3567135702899331e-02,5.0080202498321535e-01,6.0901869588080956e-02,1.1388565519495924e-02,3.6892183965428343e-02,5.3848935824930860e-02,4.3880027555940025e-02
1.8714031132964953e-01,6.7982150496481916e-02,4.8046696797033689e-01,6.4941258637411167e-02,1.8276738005213899e-02,4.0884301830609128e-02,5.9382465513243207e-02,6.4247389278805758e-02
1.6936129233479819e-01,6.8995727535361928e-02,4.9839113326265239e-01,6.6878795382891820e-02,1.9198093909199968e-02,3.8056631608819766e-02,4.6052362250258050e-02,7.4787961502542966e-02
1.8298236963182851e-01,3.3643588010891609e-02,4.9962326832016712e-01,9.4461798325205362e-02,2.2730519550944846e-02,4.4094750628954509e-02,3.9136690459952765e-02,5.5557310492780961e-02
1.7893998348150222e-01,3.4758902645400859e-02,4.9703494951697663e-01,8.9538918006970294e-02,2.4480207954493391e-02,5.1921275276435967e-02,4.4948837569789533e-02,4.9793885801806374e-02
1.6834414160521372e-01,6.4631755285168332e-02,4.1583495708726681e-01,6.0848399528719961e-02,1.3029263695844897e-02,3.4161555451578791e-02,1.7461541035073039e-01,5.4310538222823564e-02
1.5852003723247610e-01,6.7922475360457271e-02,3.9382639411483072e-01,5.8846445347879098e-02,9.8652119206756022e-03,4.9386968861699930e-02,1.9484803683138552e-01,4.7811018251403145e-02
1.5971996030815602e-01,5.2110385828186799e-02,4.7220752511001896e-01,8.4119765580224243e-02,2.6242907104033378e-02,6.7537597117862377e-02,5.6766704932746215e-02,4.9940772608485159e-02
2.0677621272924879e-01,2.6266580175650645e-02,5.0178771536507705e-01,8.7310808483130026e-02,1.9530443949673688e-02,4.9230306679719518e-02,4.8114635316090004e-02,3.3500872856950838e-02
1.3668898435822963e-01,7.7845082582873176e-02,4.0776871433761552e-01,5.4495027126613069e-02,1.3549118313222015e-02,4.5067315605481328e-02,1.8300750425176734e-01,6.5967221165434867e-02
1.2990586207828206e-01,4.4726826948948972e-02,4.1293126730749519e-01,8.0212081375734989e-02,1.9939053960542682e-02,6.0053182546897531e-02,1.7758443164844587e-01,4.6157044669056985e-02
1.2300633445952207e-01,4.8971751609700055e-02,4.1143199902887484e-01,7.5882867549785668e-02,2.4151402509988984e-02,6.5448891865002301e-02,1.6993923626692470e-01,5.1554264015444336e-02
1.1963054176354121e-01,7.0777988166413272e-02,4.0812126855918895e-01,8.2447672400336555e-02,4.5758940379854625e-02,9.3472573514956872e-02,5.6261614505825362e-02,8.7188223867037465e-02
1.4796009854545905e-01,3.9989664642502074e-02,4.2229272733081075e-01,7.5118733721704828e-02,1.7453588746586961e-02,6.1005998066684393e-02,1.7606487884810187e-01,3.1439489409700178e-02
1.2656261796166271e-01,7.7041705245036077e-02,4.0078291357407037e-01,6.0735565627242978e-02,1.3718241242166937e-02,4.8290250199833150e-02,1.8844135059926689e-01,6.5362071047325526e-02
1.6177897732149826e-01,2.8022633718855421e-02,4.3435946103086170e-01,7.9015478903953246e-02,1.9967501007016358e-02,5.5458505177828632e-02,1.6488766618857870e-01,2.7445027370585566e-02
1.5789440082332462e-01,7.3548656460713333e-02,4.1428296582902213e-01,5.2551809373639825e-02,9.7900583130100405e-03,4.1771185747615174e-02,1.8315900633298862e-01,5.2290319459712541e-02
1.3766712255933336e-01,4.5009182287233059e-02,4.1764814341225526e-01,7.3568717059523572e-02,2.1662671042752931e-02,6.5451788522438353e-02,1.6987134114515101e-01,3.9120630529373791e-02
1.5526097610009790e-01,9.3599273712765468e-02,4.2911577652726091e-01,6.3361159762308938e-02,2.5665433467323976e-02,5.6881373182676991e-02,7.1158835199885681e-02,8.6553728772057734e-02
1.4667330349268567e-01,6.7643676120358529e-02,4.1417196501310388e-01,6.0128985597329813e-02,1.6742080724487518e-02,3.6165856965564791e-02,1.7254415439985279e-01,7.1914988546425168e-02
1.6431133480304652e-01,6.7280520572438218e-02,4.1444088529762385e-01,5.2967184257671197e-02,7.4201573091657331e-03,4.4095246918571772e-02,1.9023024309861758e-01,4.3519132403235398e-02
1.5303355223404391e-01,8.3936122385203260e-02,4.3965222814026267e-01,6.9842897234347806e-02,2.9620807710949434e-02,4.9498469149505245e-02,6.0510427054572713e-02,9.6261014308275744e-02
1.7106551956488447e-01,4.8460401343817142e-02,4.7591383138653637e-01,8.3638593114489068e-02,2.3750546520242052e-02,6.5764346361518872e-02,5.8129240827481415e-02,4.2394387488055095e-02
1.5286062025084293e-01,5.5180856946642411e-02,4.6355759358191329e-01,8.2756722828798854e-02,2.9315386602885227e-02,7.2508389039836446e-02,5.7416642288612901e-02,5.3934215821594841e-02
1.4304498632444682e-01,4.1445502374471983e-02,4.2008058655018465e-01,7.5871867337483495e-02,1.8397548675423051e-02,6.1225039879455143e-02,1.7579502989441798e-01,3.5462825805112876e-02
1.5241845304466375e-01,9.2433305499079160e-02,4.3982990053982640e-01,6.2410620593551916e-02,2.4745261683662749e-02,5.5540675562889254e-02,6.8280573501813338e-02,8.5999279752223851e-02
1.4781580196405864e-01,5.6489245373199160e-02,4.6401501862588596e-01,8.3722867078077870e-02,2.9876643790689571e-02,7.1593874129209131e-02,5.6045905291221568e-02,5.8216337434728552e-02
1.5095208557134882e-01,3.1553601301674040e-02,4.2836504095389905e-01,7.9791563278900954e-02,2.2700306489399299e-02,5.6737374263388561e-02,1.6333826470897622e-01,3.7527142607813382e-02
1.3930672753911263e-01,9.8760981618530988e-02,4.2102248174881257e-01,6.3873686581706474e-02,2.9955736042560934e-02,5.9401388065247016e-02,6.7832239806393788e-02,1.0134475529205514e-01
1.3341026886950774e-01,1.0407278203492840e-01,3.9469587529607103e-01,6.5821011061877710e-02,3.5077998026894569e-02,6.4636216561617749e-02,7.0160399165221168e-02,1.1339132997457713e-01
1.3730698720594547e-01,8.0425669498278382e-02,4.0326350566320873e-01,5.3997466395992934e-02,1.5041731353157072e-02,4.4816907416942171e-02,1.7998413902732144e-01,7.0113432137884901e-02
1.7567198052501778e-01,8.3379502249492463e-02,4.5836358341386202e-01,6.0345792183862969e-02,1.7942782855432268e-02,5.1417917039439091e-02,7.0831851967252529e-02,6.4041089595499631e-02
1.7972227961011356e-01,7.8474374931914448e-02,4.7311519157090903e-01,6.0137835365083103e-02,1.5866996984808212e-02,5.0831113555675857e-02,6.4578710180614451e-02,5.8109823386917801e-02
1.1133092428939373e-01,5.9267919773359108e-02,3.8011080624473753e-01,7.1594976488411649e-02,3.7124900460361189e-02,8.4180709236329615e-02,1.5495573283156963e-01,6.7442860228905263e-02
1.0297879767811285e-01,5.8033036139281041e-02,3.9336207273556817e-01,7.4960669430739826e-02,3.2427338471720427e-02,7.3104210197189837e-02,1.6238910465295647e-01,7.1809625939784932e-02
1.4257230396719872e-01,5.1739899854016537e-02,4.4669085988207829e-01,8.9632400625738823e-02,3.9375679694040489e-02,7.3935034244499612e-02,4.9728954243502897e-02,7.2836446951853581e-02
1.2073351704850009e-01,7.0912700213053570e-02,4.0260898812829116e-01,8.2294156506598423e-02,4.6710498003678429e-02,9.6213418074768672e-02,5.7252033150052922e-02,8.6254750864631899e-02
1.6902036514560423e-01,6.5727763770762823e-02,4.1493884666933495e-01,5.2604875980967823e-02,6.5732807055971319e-03,4.3982627230636298e-02,1.9120425492760715e-01,4.0264280271608908e-02
1.1239247231959240e-01,5.2507822685256049e-02,4.0641685543294426e-01,7.6727841329571972e-02,2.6710184489161421e-02,6.6777477439085076e-02,1.6825966150984314e-01,6.0410812871111975e-02
1.2272855785971828e-01,9.2316473219457185e-02,3.7172927820858370e-01,5.5916250183309563e-02,2.4631205036377619e-02,5.0424769617380190e-02,1.7114858463409169e-01,9.6165986047636251e-02
1.1221860191082070e-01,5.8430677443996326e-02,3.8382269336497787e-01,7.1862463308561206e-02,3.5703221340259821e-02,8.1709859300422780e-02,1.5646793190874209e-01,6.6373516723682927e-02
1.4891706633265114e-01,9.2741467297272381e-02,4.4286928814456517e-01,6.2366485917863174e-02,2.4949048224034018e-02,5.5381970239044731e-02,6.6757779591942096e-02,8.7588321222572971e-02
1.0518188989280657e-01,9.9035498027355853e-02,3.0370642553326638e-01,7.2999800097881137e-02,4.5438483370444746e-02,6.6170476498941894e-02,1.6166692792800008e-01,1.2901708840270387e-01
1.0346797611823803e-01,5.9362854982211048e-02,3.8726096546008543e-01,7.3743166231699339e-02,3.4561415289197303e-02,7.6558051230058821e-02,1.5984317893370650e-01,7.3524896296093531e-02
1.3566281470413338e-01,8.5123628004187574e-02,3.9141507097485884e-01,5.4670331775302783e-02,1.8333358536431546e-02,4.6035405293199751e-02,1.7557356840957303e-01,7.8329823261376885e-02
1.0000597300202441e-01,6.4757665455447630e-02,3.5860349462259528e-01,7.1040042479412271e-02,4.4825998806554586e-02,9.4565819255813907e-02,1.4947633627836696e-01,8.1241823093652799e-02
1.2125391047123250e-01,6.9287505314736444e-02,4.1850146670448346e-01,8.2674856393899598e-02,4.3388226288521015e-02,8.9228921521861695e-02,5.5547482946695842e-02,8.4619175934944238e-02
1.2438443196262904e-01,9.1354139816682570e-02,3.7461439860873208e-01,5.5749681404491103e-02,2.3743320254452707e-02,4.9756923316187758e-02,1.7174204345463537e-01,9.3725184881505219e-02
1.7491082491785390e-01,8.4800594167841678e-02,4.5249844414988316e-01,6.1059106807081223e-02,1.8733949778461670e-02,5.2005334213897997e-02,7.2233132272394099e-02,6.5710050503767575e-02
1.3383402947424999e-01,4.9168653648649127e-02,4.0911704748366617e-01,7.1682714012143586e-02,2.6385016725263215e-02,7.2955907454485824e-02,1.6239045236789404e-01,4.1982945125544811e-02
1.3790466634366749e-01,4.8368165691625740e-02,4.1157445806119342e-01,7.1216965652679154e-02,2.6293122929743628e-02,7.5305825224604106e-02,1.6017394129546211e-01,3.5317967730023499e-02
1.2470942808178902e-01,6.9981832850689235e-02,3.9494345178443152e-01,8.2324286002923588e-02,4.7639987295442096e-02,1.0155164672384261e-01,5.9867846958862055e-02,8.0344153765452855e-02
1.1785373245811714e-01,5.6432684315034135e-02,3.8877532783450414e-01,7.1598081238861438e-02,3.4088407492273341e-02,8.1215472009433826e-02,1.5671108312138898e-01,5.9576623576286097e-02
6.8471721607426775e-02,1.0934136626510343e-01,2.5110001414928124e-01,6.6553663400841567e-02,7.0684717187571952e-02,1.0686897958877348e-01,1.4039954275458380e-01,1.7662148904244390e-01
9.8012079873792055e-02,6.5427188516148274e-02,3.5833167982674879e-01,7.1247471336255114e-02,4.4634792066427016e-02,9.2753365952794570e-02,1.5035964187372702e-01,8.4354967288099408e-02
1.0603324050807741e-01,5.9697094501245405e-02,3.8337220672925676e-01,7.2749472565818277e-02,3.5827928170846471e-02,7.9468043324505369e-02,1.5790169277636468e-01,7.2500186290670413e-02
1.1156615771877119e-01,9.6335882691924959e-02,3.6198970255891266e-01,5.6194234477978250e-02,2.8297507085088543e-02,5.3024152673190016e-02,1.6952969767118103e-01,1.0812488781344790e-01
1.2196389994682348e-01,9.6605240282002278e-02,3.5219885186258854e-01,6.0337995001893373e-02,3.0004938126679159e-02,5.7218665009652767e-02,1.6478701002685309e-01,1.0131226035517096e-01
1.4052488379652506e-01,8.8183222098384126e-02,3.8183048385392560e-01,5.8526808848446792e-02,2.0430453824058448e-02,4.8076063241300419e-02,1.6998728969740814e-01,7.6865158937386491e-02
1.1757042382669945e-01,9.1358932081850863e-02,3.3832007339504472e-01,6.8002146373273079e-02,3.6247010153270878e-02,5.3844562151404193e-02,1.6417576024454095e-01,1.1470375026065807e-01
1.2409912390200863e-01,1.1131962907743666e-01,3.4855355726949927e-01,7.0420437277413900e-02,4.3948821235859623e-02,7.6288713075716386e-02,7.5422845640155833e-02,1.3047675704176603e-01
1.3088448564146987e-01,6.4979994005226638e-02,4.3320575289761937e-01,8.2529459497339183e-02,3.8921476904762935e-02,8.4180834458427986e-02,5.6350498353815621e-02,7.4198591308715311e-02
9.0952820784930777e-02,6.8757730260162603e-02,3.4417501331969330e-01,7.0851878312539335e-02,4.9465268172401058e-02,9.9047240251457697e-02,1.4740132432080891e-01,9.3802601068209965e-02
8.6158825775002321e-02,6.9634321483005635e-02,3.3057539016256371e-01,7.0091226298170523e-02,5.5854501516479936e-02,1.1273976722956285e-01,1.4175812482959291e-01,9.5427163618997835e-02
8.4389739056324159e-02,6.9674083579072302e-02,3.2795201405179419e-01,6.9967893078036220e-02,5.7405828038623666e-02,1.1608571193086520e-01,1.4045293786244326e-01,9.5879301183828605e-02
1.2255618075025893e-01,1.1134190578897606e-01,3.5625261947800252e-01,6.8841386159810170e-02,4.3216857873808613e-02,7.3913408529223262e-02,7.2842787870607717e-02,1.3187100199018595e-01
8.3845007882110634e-02,6.8733087276233049e-02,3.2917824786901700e-01,6.9979529024079931e-02,5.8110710210473232e-02,1.1899489411498927e-01,1.3925396385387309e-01,9.3177336098714342e-02
8.4384631805203947e-02,6.6320537202769314e-02,3.3628402814002117e-01,7.0244963353011572e-02,5.7816266674997771e-02,1.2181142757792353e-01,1.3787544378397820e-01,8.5765434632485940e-02
1.1321803129550738e-01,9.8330836636328481e-02,3.5141564170701750e-01,5.7063003470150121e-02,3.0607600409912488e-02,5.5396901095300391e-02,1.6728991619839581e-01,1.1169083524767839e-01
1.3694299793333511e-01,7.7396597907121278e-02,3.8664749840870588e-01,6.3039483082954720e-02,2.3673544887010234e-02,4.1495738515682633e-02,1.6901857767782905e-01,8.7173555173930023e-02
9.6769910973066253e-02,6.4019821372461053e-02,3.5321534646596420e-01,7.0780874029896163e-02,4.9697226686652336e-02,1.0803266578684401e-01,1.4333362779300135e-01,7.5768486808620514e-02
1.2763214136321174e-01,8.4635978247822444e-02,3.6288153838412929e-01,6.5584805893222631e-02,2.9773053841840237e-02,4.7159385138483563e-02,1.6648838845958772e-01,1.0061381421589478e-01
9.6749266920517635e-02,6.5588508441271967e-02,3.5995716472986955e-01,7.1543427936238441e-02,4.3951499576258678e-02,9.0616607411528660e-02,1.5141618815814131e-01,8.5866609755536019e-02
1.5669619766257761e-01,6.9280067838774079e-02,4.1153770216163893e-01,5.4140908720992011e-02,8.8442365686224080e-03,4.5077875174597770e-02,1.8974625967092287e-01,4.8455905893461611e-02
1.0470158423122369e-01,1.0283818703454957e-01,3.3540494149223793e-01,5.7637180046569918e-02,3.5425974029721058e-02,5.9625317080981871e-02,1.6476253991233258e-01,1.2465997301858119e-01
9.6407753311955127e-02,1.0843090471993444e-01,3.0371089628851833e-01,6.0544883336017014e-02,4.4689270957186063e-02,7.1261276435561724e-02,1.5895258701300324e-01,1.4110747457824002e-01
1.1173300389967658e-01,1.0118765773863768e-01,3.3647593379833940e-01,5.9074603394748001e-02,3.4595453206610380e-02,6.0312837206248672e-02,1.6389770288182040e-01,1.1753178158047607e-01
1.3913929361482599e-01,8.3155734868760989e-02,3.9614183283621140e-01,5.4309589912959574e-02,1.6751473092305760e-02,4.5082136331024751e-02,1.7684691708326203e-01,7.3743114984599858e-02
1.1889910721787056e-01,5.5184816608173891e-02,3.9373353576589626e-01,7.2040581888258709e-02,3.2070937780316007e-02,7.7601250068657104e-02,1.5916007632276208e-01,5.8524464662707963e-02
1.0015203456151206e-01,1.0133904238818697e-01,2.9309386214327232e-01,7.3842661791011177e-02,4.8555504112787362e-02,6.9967572212340665e-02,1.6078999176871636e-01,1.3542282473177569e-01
1.0256340878965395e-01,1.0006482662026579e-01,3.0213918797800388e-01,7.1172077985157331e-02,4.6086971767212916e-02,6.5064992828671550e-02,1.6118492388198291e-01,1.3539582549916448e-01
1.2563121459840290e-01,6.9576335936002570e-02,3.9174652715111002e-01,8.2544955572289996e-02,4.8148511300832961e-02,1.0427151021719769e-01,6.1057039142279730e-02,7.7559928087736804e-02
9.2877388161429306e-02,8.1147736548917229e-02,3.2145528920979205e-01,8.3278596518474024e-02,6.8502167907809206e-02,1.3557687910092631e-01,6.1411790590498436e-02,1.1302314763507229e-01
9.3589004260910630e-02,6.7479394806606113e-02,3.5029466122009434e-01,7.1070848272079087e-02,4.7340126630150102e-02,9.5974407330704517e-02,1.4880302339719553e-01,9.0282332370615601e-02
1.0306149327930623e-01,6.2653628008493750e-02,3.6169754009961208e-01,7.0921265282438389e-02,4.5497525383672993e-02,1.0039492390580132e-01,1.4662900362924086e-01,7.1796381095679776e-02
1.0334384051737042e-01,1.0453546956739716e-01,3.1793945778665916e-01,6.1802830669825823e-02,4.0997413420334111e-02,6.8962299487417458e-02,1.5952665197349239e-01,1.2770483423641338e-01
1.0562145550121359e-01,1.0251442240309552e-01,3.3624925093882907e-01,5.7669637278842230e-02,3.5122354521364335e-02,5.9422938429242546e-02,1.6485206028145080e-01,1.2359031482372172e-01
1.2018890083834199e-01,5.4264003259412164e-02,3.9671757126926116e-01,7.2247317939180503e-02,3.0906599689711114e-02,7.5926357394128785e-02,1.6037107198050499e-01,5.6986126107913281e-02
1.0768105695867253e-01,6.1194842640506626e-02,3.7265198318974979e-01,7.1355355739566237e-02,3.9865455137574848e-02,8.8089489940851806e-02,1.5275231370396436e-01,7.1736538814139009e-02
1.3860614162661394e-01,8.1010636390761212e-02,4.0169309991098140e-01,5.3944032853117968e-02,1.5352593052466395e-02,4.4710180728036238e-02,1.7912511119122679e-01,7.0630066953873638e-02
9.6299957078173515e-02,1.0555503073661635e-01,3.0845844714790616e-01,6.3784004248541401e-02,4.5466525995616375e-02,7.5762881830847006e-02,1.5639325620244637e-01,1.3340158695823487e-01
7.1507040516805509e-02,1.0954763335395432e-01,2.6113276099282251e-01,6.6181934141086071e-02,6.5662074135229453e-02,1.0131078075197149e-01,1.4442379684620171e-01,1.6886137069022175e-01
1.2181849205114495e-01,9.4405047789732827e-02,3.6357614862978455e-01,5.6705467929163728e-02,2.6698591077162319e-02,5.2267505077290138e-02,1.6923202425791542e-01,1.0027603727910073e-01
9.7085824584931799e-02,1.1624619190201654e-01,2.8420312155652755e-01,8.0586153997503129e-02,6.0399630842338542e-02,1.0455323637254214e-01,8.5346465726257828e-02,1.5193891975994231e-01
6.4592094499329469e-02,6.2971296536895052e-02,3.2192707467624349e-01,6.8802868408124634e-02,7.3296923717555432e-02,1.5113832352391304e-01,1.2370139545874151e-01,9.3200547592801414e-02
1.1646784937040405e-01,4.7984054636648309e-02,3.8748516525480570e-01,8.0320427799793079e-02,3.4842673898731163e-02,8.2115952904934286e-02,1.5557733577973853e-01,6.1923051790941673e-02
6.7318983667242538e-02,7.8583034512916872e-02,2.6539753582711106e-01,7.6035915998996159e-02,7.8347600666389128e-02,1.4816189908626490e-01,1.2869906155103567e-01,1.1464122615976487e-01
2.1148976837082717e-01,1.1828068214750857e-02,4.9809029766706747e-01,1.1482985158065812e-01,1.4899116643897627e-02,3.6105555759958524e-02,2.8944256040850651e-02,5.5365461531746929e-02
1.0628535276347953e-01,5.1341983250739506e-02,3.8903062145111461e-01,8.4598957249864451e-02,3.2476944721872375e-02,8.1777580257505270e-02,1.5777024678393409e-01,6.2770109772638263e-02
2.3593034749356492e-01,3.1237969128261052e-02,5.0493286660908976e-01,7.2632655481019215e-02,1.0653276702867814e-02,3.6608633347092905e-02,3.6845586301204422e-02,5.2566311710319898e-02
2.2340656705561715e-01,4.0522226736319335e-03,5.0643555896633730e-01,9.7694713960274238e-02,1.8721426455797458e-02,4.1443226774111400e-02,3.5073854719114714e-02,4.8635533338657777e-02
9.8185009753884930e-02,1.0779063177239226e-01,2.8780845368212221e-01,6.7543642179356003e-02,4.9358983112929404e-02,8.0769532869318997e-02,1.5463080577603075e-01,1.3557259988645487e-01
2.0755727484983807e-01,4.1829073664267268e-02,5.1316167534649160e-01,7.7729704069623373e-02,9.8912436646896532e-03,3.8257955162516018e-02,3.6593255570714682e-02,5.4133659309238767e-02
2.1110655716900154e-01,1.0438714761411448e-02,5.0382527706338065e-01,1.0806569751324360e-01,1.6347872126789634e-02,3.9039749095860173e-02,3.1211440111285904e-02,5.2755367008242508e-02
2.5215974003317859e-01,-7.5727642967885790e-06,4.6725900494078410e-01,1.1800665951822484e-01,1.5731625952787355e-02,3.0895221348310669e-02,2.9058258640724380e-02,6.0657590105196106e-02
2.1504184454718728e-01,-8.0116931802888900e-03,3.7735545869159642e-01,1.1227410968076272e-01,1.1198895596098149e-02,3.5214668377407332e-02,1.8127387492262628e-01,5.1381943320989568e-02
2.1054132511654866e-01,8.0922722675214383e-03,5.0740932362221913e-01,9.0858785139970907e-02,2.3174405913008640e-02,4.9396807467509636e-02,3.9852182092486824e-02,4.5406531497905946e-02
9.0784725028439303e-02,6.6839033631152400e-02,3.3656307960317533e-01,8.1211717604284001e-02,4.9947238838899337e-02,1.0491329963229468e-01,1.4525188284740340e-01,8.6215217946581005e-02
1.0232518367437894e-01,7.8938552133385645e-02,3.4011748177712003e-01,9.1954293417434246e-02,6.2884428330705983e-02,1.2607264930120307e-01,5.2564227211996155e-02,1.0178533174299896e-01
9.7492136887774250e-02,1.0789011693132163e-01,2.9242929374313603e-01,6.7897244836351095e-02,4.7180798995365536e-02,7.9353127907405757e-02,1.5585004948654646e-01,1.3317092289681642e-01
1.8074906193723789e-01,5.3456196353961649e-02,5.0999273183724991e-01,7.7265962862581083e-02,1.3153926705688490e-02,4.2336444857445373e-02,4.2100216025523433e-02,6.0665277519277729e-02
1.0528664205876363e-01,4.6391094313780239e-02,4.0758304903446546e-01,9.1161085865701361e-02,2.3815892501384571e-02,7.3055842589955844e-02,1.6580780167080039e-01,5.3984876407705204e-02
1.0757224097639065e-01,4.2112052381879400e-02,4.1375228834908379e-01,9.7902677053199869e-02,1.8007108751113079e-02,6.6796315765122474e-02,1.7266868395189328e-01,4.8675250478662072e-02
2.6240865195058527e-01,2.3515557343441049e-02,4.8157360094599860e-01,7.7953019182478434e-02,1.0960699048602158e-02,3.7037113981920250e-02,3.2610398261301077e-02,5.3029671228645416e-02
2.2752314139071916e-01,2.2359187541514352e-03,5.0638615998915759e-01,9.5790978730463230e-02,1.9094552838221885e-02,4.1466848781434501e-02,3.5754115371752340e-02,4.7833432763382387e-02
1.1018932913813219e-01,5.0831775349193968e-02,3.8507887852803929e-01,8.2235791266329586e-02,3.4718090994381522e-02,8.3327297387952484e-02,1.5582545772497081e-01,6.3885664425723215e-02
1.1830686498128463e-01,1.1213670065719585e-01,3.3069287589705515e-01,7.8265614369784117e-02,4.9785162718778690e-02,8.7896937498839589e-02,6.7663182998403321e-02,1.3248416268051122e-01
1.3829148940218383e-01,9.8396822093816200e-02,3.7699964224171040e-01,7.3454419617296929e-02,4.0172430012652686e-02,7.4341071574680867e-02,6.6082944046328501e-02,1.1146508554514767e-01
8.9529722143707330e-02,6.8290329420605519e-02,3.2804699609130061e-01,8.0279834868026909e-02,5.3167251511706003e-02,1.0913845300292553e-01,1.4317432782520276e-01,8.9534020097285449e-02
7.6581678634914788e-02,1.1312441909023872e-01,2.3468868142988675e-01,6.9695633940058524e-02,7.4532913756009511e-02,1.0963076961764889e-01,1.4067916743570597e-01,1.6579642773565376e-01
1.9719804959591705e-01,4.6090548194152217e-02,5.1290180111879280e-01,7.4885894160915512e-02,1.1944023990215902e-02,3.9849758765269791e-02,4.0911278761822364e-02,5.6905208212208208e-02
9.6744194699996233e-02,1.0757644642121809e-01,2.9897949702865900e-01,6.8291184203885802e-02,4.4585553607525037e-02,7.7609129113104580e-02,1.5724521849778703e-01,1.2983965315194526e-01
9.5964515052532340e-02,6.0025120668449880e-02,3.6653068559874485e-01,8.4070941906535426e-02,3.9545083954872169e-02,9.1621060079116620e-02,1.5234116457687913e-01,7.3733879604328895e-02
2.5549151580337975e-01,-2.7712124056506813e-03,4.7526685324905704e-01,1.0916113088109906e-01,1.6962557474782414e-02,3.2918208451637433e-02,3.0698635313965078e-02,5.8033786158532136e-02
1.6535015723246427e-01,3.9414322078396867e-02,4.3912039260139440e-01,7.1475057525214519e-02,6.0844543250248243e-03,3.7543684231170792e-02,1.7401824007954858e-01,4.9642004017464651e-02
1.5464949594531074e-01,8.5142596007282426e-02,4.2340290328953634e-01,6.9455916277386801e-02,3.0173401289605179e-02,6.3541419488700249e-02,6.3600879438162602e-02,9.0696596268067670e-02
1.0207802611033455e-01,5.6137779760356207e-02,3.7440846526773969e-01,8.3192701294179452e-02,3.7587130934785620e-02,8.8136053384518590e-02,1.5368194729795609e-01,6.9551720300612185e-02
1.0527905166813210e-01,1.0073473881594747e-01,3.2174995518919214e-01,6.6711788592898585e-02,3.8738577562690286e-02,7.0501264235407438e-02,1.5999688650261093e-01,1.1778716854648531e-01
1.4036756805042963e-01,8.0128207055718048e-02,3.6148351409753970e-01,5.8769570747127291e-02,3.2102560911951239e-02,5.4759250183168705e-02,1.6244699552310682e-01,9.5551464964500704e-02
1.7485942749085517e-01,2.3035238212406682e-02,5.1191817121941763e-01,1.0626391745558375e-01,1.9203889572957298e-02,4.8944320292284155e-02,3.3704360225180231e-02,5.2057829139119112e-02
1.4714175416465691e-01,5.1371637505586008e-02,4.2632042188941216e-01,8.5974733768475115e-02,4.2775085973228856e-02,9.0980908930890406e-02,5.2368556656450654e-02,6.7428515529349614e-02
1.1415791034382980e-01,4.7834887792606889e-02,3.9169669583130773e-01,8.2205018302901042e-02,3.2607741164970373e-02,8.0303008852599223e-02,1.5757102361297065e-01,6.0493192667574469e-02
1.5859464875241230e-01,7.4244538599527912e-02,4.7443002779937576e-01,7.2298682763983269e-02,1.7499366690515793e-02,5.7337127511263568e-02,5.6895649770034466e-02,6.7242812903763272e-02
1.7576718530468546e-01,6.8872317643054806e-02,4.2813977645311574e-01,7.4261598184231503e-02,3.3021356617915505e-02,5.4008943499950619e-02,6.0042327426154993e-02,8.8467335217461890e-02
1.2732866714680591e-01,5.5769485583402584e-02,3.3975459941792774e-01,9.6484620539626906e-02,7.0915147380581439e-02,1.2365299399035000e-01,5.7106068542768479e-02,8.5657566749638800e-02
1.5053460016959158e-01,3.4045986156432423e-02,5.0162205976710883e-01,1.0615956196607999e-01,2.3788243572455136e-02,5.8914932220095619e-02,3.5870561057074361e-02,5.6382011670220493e-02
1.1972588972831873e-01,6.3122050348296196e-02,4.2893405258372508e-01,9.5101575593798365e-02,3.9573353538898702e-02,9.2455363765555743e-02,4.9503056905710448e-02,7.3672914432074771e-02
6.6953334559810493e-02,1.2222671260592105e-01,2.0581623536352264e-01,7.1310770264703713e-02,7.8188060052615249e-02,1.1830210411431047e-01,1.4132776138649972e-01,1.7911918491360510e-01
1.5478497722027199e-01,3.5445474881479991e-02,4.7621410516749263e-01,9.8932149969283179e-02,3.1973291754700435e-02,6.8813694321592539e-02,4.1131858399523900e-02,5.9794128705565781e-02
9.5289178210383491e-02,1.0895575663581777e-01,2.9267155992747756e-01,6.8479520261211888e-02,4.6445296840858172e-02,7.9553478735841190e-02,1.5636427607653150e-01,1.3310461808326085e-01
1.2872029582496436e-01,8.1656611071677751e-02,3.3568692505683945e-01,7.2643755738676430e-02,3.9535685495864351e-02,5.8851878369753412e-02,1.5901126817660691e-01,1.0691711275943196e-01
2.1034238919091605e-01,8.1670585199053649e-03,5.0856594734171157e-01,9.2446130175864796e-02,2.2167560072193625e-02,4.8157268207521635e-02,3.8832072072838238e-02,4.6008020919395307e-02
1.1220180581948340e-01,3.9208781945444755e-02,4.1088791486437926e-01,1.0270906984858440e-01,1.5266217142885990e-02,6.3272623220125890e-02,1.7719343344572339e-01,4.6828534768090103e-02
1.1029981078494064e-01,8.8906898757392258e-02,3.6978393992267794e-01,6.6914417762323014e-02,2.4858541989186682e-02,6.0485811941972854e-02,1.6823729024034331e-01,9.1643998109011832e-02
1.0482836352392386e-01,9.5771419558818308e-02,3.4878857932122825e-01,6.7552551923301590e-02,3.0451021316596411e-02,6.5148506370302284e-02,1.6474115123898578e-01,1.0357383508530718e-01
1.4026539148741285e-01,9.7503428750910670e-02,3.7694321663322583e-01,7.3013932780113672e-02,4.0350037275886944e-02,7.3893342414674767e-02,6.6401090914627925e-02,1.1109581589446807e-01
8.5351325459493921e-02,7.1265832279923558e-02,3.1554103588427068e-01,7.9838346196636489e-02,5.7324594927239458e-02,1.1534206782836705e-01,1.4074931134121782e-01,9.4836382837758512e-02
1.1230679880470464e-01,5.3569328171024437e-02,3.6626796157674640e-01,7.7657666333538378e-02,4.3186535630085864e-02,9.2001105653662263e-02,1.4891433702585916e-01,7.0910274835192313e-02
1.4448331501204784e-01,7.1956588768120416e-02,3.5647895642645600e-01,6.8924490661085344e-02,3.5498596963449737e-02,5.1225850885474655e-02,1.6036051817709457e-01,9.5923349147412726e-02
1.2168769739724082e-01,4.7780602092156350e-02,3.7861034508545099e-01,7.6239012755054222e-02,4.0110089501232599e-02,8.6438869757393566e-02,1.5087792307170383e-01,6.4503319995398337e-02
8.8357461415905850e-02,6.9414175090091235e-02,3.1477926420587543e-01,7.8080311461635105e-02,5.9267548893800009e-02,1.1708011207003513e-01,1.3915934723943107e-01,9.4167271944012143e-02
1.2963818439974187e-01,6.2583261091426687e-02,3.8742427162934101e-01,8.7479150880736781e-02,5.2646605605633535e-02,1.0668945562450452e-01,5.2879318846954182e-02,8.1439212787987561e-02
1.8263755392984560e-01,6.2809015481409741e-02,4.8089630027856040e-01,6.8315025986295422e-02,1.5530924531965947e-02,5.3704448090392785e-02,5.6712186344746597e-02,5.9623974509269172e-02
2.1124976540910514e-01,4.0927473329501841e-02,5.0847472393006610e-01,6.8528080152396476e-02,1.4027137646818353e-02,3.8716733817251055e-02,4.5165501688400715e-02,5.6739640693384587e-02
1.0534423709754086e-01,5.8981578454157114e-02,3.4252032957432427e-01,7.5603500612697966e-02,5.2804922856506620e-02,1.0480111981967637e-01,1.4205580684268837e-01,8.0531088476554116e-02
1.3408288585127778e-01,7.7838444207006779e-02,3.8066925140551588e-01,6.0917096108801957e-02,2.3943094681778933e-02,5.3671757540066915e-02,1.6875994218621537e-01,8.4245752381552311e-02
1.1568384371079807e-01,6.8717332098066200e-02,3.9581549716134301e-01,9.2782199835568388e-02,4.8389751585514049e-02,1.0422115260886815e-01,5.0790337174995960e-02,8.3809769573922568e-02
1.4420847978427895e-01,4.5809391117067590e-02,4.8208654927931616e-01,1.0600108064380692e-01,2.1436873199206261e-02,6.5737260117958121e-02,4.6182788254795527e-02,5.4457377113926689e-02
1.3470490730003939e-01,5.3240464555130353e-02,4.5503523703840454e-01,9.4473076156638566e-02,3.2958345383168483e-02,8.1778684575640581e-02,4.9361111564857993e-02,6.3183826217608777e-02
1.1360776117625250e-01,6.8933979215809307e-02,4.0273132875872386e-01,9.4101499026860672e-02,4.6290148714327309e-02,1.0197813919431667e-01,5.0230752340391240e-02,8.2478790015136985e-02
1.1129845542339938e-01,7.2898950344345598e-02,3.7041882335381004e-01,9.1828275292859446e-02,5.5117165759506141e-02,1.1377740614744526e-01,5.1719999739721911e-02,9.1601794165527980e-02
1.1204427067847933e-01,8.9496451359126053e-02,3.6489594742535320e-01,6.6215041577636496e-02,2.6471360095769555e-02,6.0873539370095153e-02,1.6716996685731286e-01,9.4324980698484939e-02
1.5630094981700668e-01,7.9874166921148695e-02,4.5038985473112753e-01,6.9818086061108606e-02,2.3821630935713527e-02,6.0015148780213447e-02,6.0724853994570845e-02,7.9171663750658622e-02
1.4759382301623875e-01,5.1594955148733745e-02,4.2137950714919342e-01,8.5232337213053649e-02,4.4399081649489351e-02,9.2786988266707809e-02,5.2737105495697413e-02,6.8345048889232624e-02
1.3548288654735721e-01,5.0488460747706090e-02,4.2123678605335346e-01,9.9303664954932813e-02,4.5718277766695833e-02,8.9264483435453484e-02,4.5584545195425437e-02,7.5409298300274930e-02
9.9725472272776575e-02,5.8213629721970944e-02,3.6841471773614093e-01,8.3000276200100975e-02,3.9482172957051177e-02,9.0738047481104950e-02,1.5229034215968593e-01,7.2358386173571279e-02
2.0219228679389423e-01,4.5108463215265945e-02,5.0627335343097868e-01,7.0169499191634246e-02,1.4712996480139826e-02,4.0102363172223467e-02,4.5666499409246136e-02,5.8920513970871433e-02
1.8054068974510101e-01,5.4336398399472879e-02,5.0525003558731740e-01,7.5888963542403168e-02,1.4665525331293495e-02,4.3108727683680161e-02,4.4120060590590503e-02,6.2569428110084715e-02
1.8557610645792971e-01,6.1261356661785039e-02,4.8128560784208702e-01,7.0394924216952995e-02,1.4330691417672934e-02,5.3834416625116857e-02,5.5059299078720501e-02,5.7357025638002851e-02
1.1826461115843952e-01,8.5302677043913519e-02,3.7293844194363029e-01,6.4881493514126004e-02,2.4665240207229842e-02,5.8309770825908748e-02,1.6836593024733906e-01,8.9415126238915815e-02
1.6945456003802245e-01,6.8683020273169696e-03,4.4152286665238660e-01,8.6986492727975165e-02,1.8678708992594932e-02,4.8880950261300612e-02,1.6344080701965005e-01,3.9364334699235552e-02
1.3079384759965110e-01,6.0031214984674744e-02,4.1388474966013333e-01,8.9838187722578941e-02,4.4755454537872420e-02,9.6670980252825361e-02,5.1376463698146239e-02,7.5008707308985831e-02
1.1070581836073858e-01,5.4127014788159240e-02,3.6696656685253604e-01,7.8464964507412707e-02,4.2424626179413248e-02,9.1534419517078733e-02,1.4960199106701630e-01,7.0971630377937037e-02
2.0363907068514422e-01,4.3285275724551819e-02,5.1379077216846369e-01,7.5514207325445795e-02,1.0924691092763297e-02,3.8867410324505698e-02,3.9033881455929245e-02,5.5222179323607859e-02
1.9849963301717921e-01,1.3293237793503297e-02,5.0618647675425832e-01,9.3773698895503105e-02,2.3395047439071195e-02,5.1419335987498448e-02,3.9159980870352364e-02,4.7514949641533404e-02
1.2277234704032355e-01,8.9262074903438640e-02,3.4830143615736336e-01,6.2900356215542561e-02,3.3085105536332517e-02,6.1308873845361628e-02,1.6268985820695281e-01,1.0304175264684728e-01
1.5678709947509900e-01,3.5837505530677632e-02,4.6655988121830272e-01,9.7007031333493907e-02,3.4847728659734512e-02,7.1989926559653861e-02,4.2795307623565593e-02,6.1017613523881062e-02
1.9748767478625739e-01,1.3692119519802544e-02,5.1016436097060069e-01,9.9180197338237380e-02,2.0180794496646549e-02,4.7243355869627593e-02,3.5932348569138010e-02,4.9009475902160649e-02
1.8005945751141261e-01,2.4751201257098919e-02,4.7547672183191497e-01,9.1060237394204338e-02,3.3694042887947279e-02,6.6528650099291750e-02,4.4470785883925050e-02,5.3598513768081064e-02
1.0613828822103132e-01,7.3813500598949561e-02,3.2048409704225367e-01,8.7696861864003162e-02,7.2234280530633355e-02,1.3833597398171421e-01,5.5578602028062814e-02,1.0152335247383916e-01
1.0955725051985499e-01,7.3989589850829207e-02,3.6699842974592439e-01,9.2076439900837359e-02,5.5882635899143294e-02,1.1514617440798385e-01,5.1719578255820353e-02,9.3003299961747929e-02
1.8785828893943812e-01,5.1862879038633965e-02,5.0188097841879042e-01,7.3111323065858991e-02,1.5798674826083197e-02,4.2574267269330376e-02,4.6080426486263815e-02,6.2703780778152737e-02
9.2855210356827533e-02,9.7858636508037791e-02,2.2209181220542679e-01,8.8082765844000280e-02,7.1420788547948130e-02,9.5319730895942312e-02,1.4953152013517043e-01,1.6307703593602904e-01
1.8627524019139358e-01,3.8774288437669731e-02,4.7727469775906972e-01,9.7823170741238474e-02,2.3328610379279486e-02,5.3389992609052798e-02,4.7358410184478360e-02,4.6645711241005312e-02
1.4908049494184364e-01,3.7330443728189729e-02,4.0665152527705317e-01,7.5450612164887979e-02,3.4928791178990309e-02,6.5860381150926933e-02,1.5370289898235462e-01,4.6963951098802525e-02
1.9057387797985789e-01,2.3770795306512951e-02,5.0841787289405438e-01,9.8634896384635462e-02,2.2143815153340744e-02,4.4049324145978938e-02,3.6435685515985430e-02,4.8154018106545786e-02
1.8262762779610706e-01,1.0890552388297564e-02,4.4417854587452060e-01,8.4093312628249872e-02,2.2699219928954899e-02,4.0176203755520237e-02,1.6059002255541699e-01,3.1496525523647900e-02
1.3319115635115844e-01,8.0178873350389132e-02,3.7261934726411217e-01,6.3716583348067707e-02,2.3718699876538112e-02,4.9953112520399599e-02,1.6847859109198088e-01,9.1303183012314507e-02
1.1991875429872290e-01,8.1103926740411961e-02,3.7914953240148574e-01,6.6913341957037270e-02,1.7976774933876855e-02,5.2631075962104285e-02,1.7338257027204362e-01,9.0020223005894046e-02
1.1972575220600408e-01,5.0498389436560473e-02,3.6534944539224595e-01,7.9561564191475920e-02,4.1803240404224909e-02,8.5109123763840194e-02,1.4891380027923884e-01,7.3692245743548074e-02
1.5219062300242500e-01,5.1001538151288432e-02,4.2897653836992650e-01,6.8317165225244419e-02,1.2933916305465790e-02,3.9864439422933877e-02,1.6935876417524942e-01,6.1654349950225215e-02
1.3449114670524218e-01,9.3673577738043370e-02,4.2198327158914045e-01,7.4578825550366518e-02,2.9558597833121241e-02,6.8000645271738019e-02,6.1283347918706710e-02,9.4447421613759061e-02
8.1774165120918896e-02,1.1446011412759829e-01,2.4286934254244552e-01,6.9305736467836651e-02,6.7167503782499652e-02,1.0162883714376965e-01,1.4582683814575595e-01,1.5995253243149971e-01
1.2712071494176630e-01,5.6069120906598949e-02,4.5764548364134827e-01,9.7539234483974224e-02,3.1688270975435258e-02,8.1514395302828294e-02,4.8469680162428253e-02,6.3952174119126667e-02
9.1065414110919993e-02,6.7301615888909330e-02,3.3076348165416175e-01,8.0096957535471275e-02,5.2485688207764149e-02,1.0793492602114563e-01,1.4352391075394208e-01,8.8223823049392233e-02
1.7834115528600369e-01,5.8743457845747762e-02,4.8510143526625660e-01,7.3811830272968115e-02,1.9942218834265512e-02,4.6124283921323672e-02,4.9724415169153276e-02,7.0056658442853678e-02
1.3726819556118161e-01,2.1878849000397629e-02,4.3437186324080701e-01,9.3978107646455949e-02,2.0590423533203738e-02,5.5876348382395427e-02,1.6021387267186871e-01,4.6952599339317808e-02
9.1160632529575403e-02,6.4396437515518254e-02,3.5258098917068714e-01,8.3596227191471001e-02,4.3857319189926518e-02,9.7605070503323357e-02,1.4939132109933892e-01,8.0085497057054325e-02
1.2467135032319998e-01,1.0732948940588445e-01,3.5129594650358870e-01,7.6713843378477961e-02,4.5281563602016989e-02,8.2219528196587816e-02,6.6568974262836270e-02,1.2367670600980682e-01
1.3496816412251295e-01,8.7723532173129712e-02,4.5491644483833432e-01,7.6126839039274752e-02,2.1978031042212735e-02,6.3334192312069909e-02,5.7784959943545426e-02,8.0115016880303896e-02
1.0998606680614953e-01,5.3685894428875044e-02,3.7130800379564749e-01,7.9584818370745269e-02,4.0374991152882136e-02,8.9444388259581939e-02,1.5124518277607690e-01,6.9456960071515236e-02
1.2655038385046211e-01,6.0579762977743708e-02,4.2571631148110878e-01,9.2538296702514150e-02,4.0985579343063683e-02,9.2910569013491595e-02,5.0317891299172086e-02,7.2993315234035225e-02
1.8344583087401964e-01,2.0167662566870363e-02,5.0117330886147926e-01,9.5919025415742598e-02,2.5103748806658881e-02,5.5789760289259319e-02,3.9371334322473577e-02,5.0348074597464966e-02
1.0530465429458781e-01,4.9808837825395240e-02,3.9642774316458873e-01,8.6869776857005379e-02,2.9239155635917394e-02,7.8597310286017380e-02,1.6060289772445863e-01,5.9587796880778109e-02
1.3696873997248743e-01,3.4477752633271054e-02,4.1090479526602669e-01,7.8794678574371599e-02,2.7323915229506005e-02,7.0532143463402489e-02,1.6245980197995313e-01,4.8787401997495670e-02
2.1811057344735418e-01,1.8500452668747020e-02,4.0286942219946653e-01,7.2250826590972150e-02,5.5111762759815852e-03,3.7781779678010226e-02,1.8217380328049693e-01,4.5164047599716407e-02
1.4374401574917725e-01,3.9574630293994807e-02,4.8043583161875808e-01,1.0297636178633125e-01,3.0236653421847667e-02,6.8422845855905703e-02,3.9217546299862606e-02,6.1420384885122511e-02
2.2895296465102344e-01,3.3221939746482014e-02,5.1011941977304520e-01,6.8854828376821428e-02,1.1720717110050665e-02,3.6738659977310649e-02,4.0743457329903587e-02,5.2965049121979343e-02
1.0102010487451110e-01,9.2376558762959110e-02,2.7528649955698165e-01,8.0524243710819579e-02,6.5986803927135351e-02,8.5467537807816088e-02,1.5063493283071661e-01,1.3187316451864212e-01
2.1047044949016847e-01,4.0830013066482602e-02,5.1092410130433807e-01,7.0323901343631298e-02,1.2844361016864855e-02,3.8596948006749211e-02,4.3028592406736441e-02,5.5839943549441953e-02
2.5046718522171479e-01,3.9737610438295295e-02,4.7047344765387933e-01,9.5948050493643758e-02,9.2780815612147731e-03,3.3531122244508507e-02,3.0230256275756796e-02,4.1840603761637257e-02
1.1272324687980487e-01,9.6966881773133035e-02,2.9136791073320845e-01,6.9146464506550306e-02,4.6050030649524919e-02,7.1970583441859193e-02,1.5509974719733285e-01,1.3857209203232357e-01
1.2094335396707438e-01,8.5682217646960407e-02,3.5681809344586030e-01,6.6465287626070707e-02,2.5058241085056988e-02,5.5631220411946444e-02,1.6807327797548022e-01,1.0297160049277328e-01
1.2538150062731690e-01,8.1340782805035775e-02,3.7360720155333188e-01,6.5492214543281094e-02,2.1123793804837421e-02,5.1960364045554028e-02,1.7079440247664526e-01,9.2313966825824406e-02
1.6342404868123922e-01,4.5432626676579879e-02,4.3639485697145930e-01,7.3194472895657878e-02,3.9096073658683034e-03,3.2879979332148701e-02,1.7643710081104433e-01,4.9679294873352570e-02
1.0824526127254491e-01,9.7918837051033908e-02,2.9588683698921875e-01,6.9721188731877728e-02,4.0697046212013449e-02,7.1366583058033298e-02,1.5923468335255989e-01,1.3771120603661510e-01
1.1213712104646281e-01,4.7807484667651425e-02,3.9028741496827335e-01,8.5965874109125429e-02,2.7923431527497097e-02,7.4544928876440264e-02,1.6140094372386363e-01,6.6102960434820363e-02
2.0216201266226530e-01,5.1223869799418557e-02,5.1330494375802060e-01,7.5218997905427784e-02,1.0576722171851211e-02,3.3512283351414138e-02,3.9454786381750859e-02,5.4518348402337491e-02
1.4042494035705427e-01,8.2127784236650445e-02,3.5764428368638923e-01,6.2626767244667939e-02,3.1977970059410339e-02,4.9912511896356627e-02,1.6154815658629698e-01,9.8206055573575424e-02
1.8905253404533884e-01,2.4226930934039576e-02,5.0985629799695509e-01,1.0105885464936208e-01,2.0266417538982510e-02,4.2471475451226759e-02,3.5555094725263317e-02,4.9369744712879117e-02
1.9020928235817394e-01,5.4350957896825543e-02,5.1502448523986921e-01,7.9257386688814310e-02,8.1670304795643384e-03,3.4735813480665609e-02,3.9026567490740377e-02,5.7111193728967509e-02
1.0852937603872839e-01,5.5536713838166531e-02,3.4665959903496013e-01,8.1165439606780868e-02,4.4615331606579448e-02,9.3403482203211360e-02,1.4767839240382843e-01,8.5143101095519605e-02
1.1575692766800423e-01,9.1840915289506012e-02,3.2802552287679226e-01,6.7831383013279165e-02,3.2500025299196447e-02,6.2220876700750147e-02,1.6347446902338764e-01,1.1963290383594710e-01
1.2590219789452772e-01,4.4906272081581523e-02,3.9084030525990077e-01,8.1162176804082178e-02,3.2605763199089081e-02,7.3532598526208040e-02,1.5676000589875391e-01,6.1519669407032643e-02
8.7008588001776438e-02,1.0576458074495601e-01,2.2057172581414775e-01,7.4069027358957193e-02,6.6092648481657995e-02,1.0227615971866515e-01,1.4666610846704597e-01,1.7937394746695806e-01
9.3670203852202483e-02,1.0257109459177385e-01,2.3928506146249373e-01,7.3079490320585486e-02,6.3828773642279582e-02,9.5235166917705380e-02,1.4624212008637585e-01,1.6851294270053682e-01
1.2580349232960689e-01,4.1825323872616595e-02,4.0478224883485658e-01,8.4421829367383017e-02,2.5692435326169369e-02,6.7176780685759233e-02,1.6375316072310328e-01,5.5060567742642834e-02
2.8594631126652609e-01,6.2928227883809439e-03,4.2505782447237522e-01,1.3030694221571057e-01,2.1237714096098714e-02,2.1311257567432254e-02,3.1499088978340604e-02,5.3240097964539407e-02
1.5194424739950796e-01,5.2170302674622540e-02,4.3295835763619012e-01,7.0193736179068073e-02,8.5839938331188689e-03,3.4455070988060950e-02,1.7227060407909495e-01,6.0534753755909256e-02
1.6841611225606276e-01,5.8213830733319656e-02,4.1530416307187523e-01,5.9681430391959125e-02,1.2039849134051364e-02,4.0969293759856237e-02,1.8334374196566125e-01,4.6669690228693883e-02
1.2127142720887626e-01,8.9896818791435115e-02,3.3330180218175703e-01,6.6698716521449056e-02,3.2874774311234548e-02,5.9724779824555874e-02,1.6270442512128816e-01,1.1554574955568028e-01
2.2596005937989971e-01,4.6461976374317274e-02,4.8641747232859600e-01,9.7296253575171424e-02,5.6736655744811905e-03,3.2626270031140533e-02,2.9794382373474298e-02,4.5961817686604692e-02
1.4391445001906059e-01,9.8260319755733128e-02,3.4417773928023404e-01,7.7026841549786229e-02,4.7546322354639126e-02,7.4001807627067526e-02,6.8394046316517770e-02,1.2583262970914202e-01
1.4721744703687811e-01,2.6804206986307026e-02,4.1569391940332123e-01,8.7313719583871158e-02,3.0066127558782758e-02,5.7790654726401020e-02,1.5401947109894781e-01,5.1357799962257082e-02
1.3922871978864942e-01,8.4555866745150310e-02,3.4499860431106499e-01,6.3439022012123425e-02,3.7484898781461537e-02,5.2459641583242289e-02,1.5734093243434363e-01,1.0513521881676137e-01
1.7885681162416889e-01,3.3918867347658928e-02,4.5218950918007694e-01,9.2045826053351973e-02,4.3043439229862375e-02,6.7937973183731945e-02,4.4229401159456186e-02,5.5257034438168436e-02
1.1425891898333940e-01,5.2129513524709487e-02,3.3809109852583946e-01,7.5448754008260635e-02,6.2004240872245847e-02,1.0683369489212888e-01,1.3175986389783947e-01,8.0755314755637991e-02
1.5223125527512291e-01,4.7205046027086160e-02,4.7285503889111102e-01,9.5365361058481091e-02,2.5982275573320324e-02,6.6558153068950382e-02,4.9955329860514590e-02,5.6889257748371398e-02
1.4956095128406538e-01,2.1994980463940599e-02,4.3226672272548206e-01,9.0271161142416803e-02,2.2019603055095906e-02,4.9981974331954379e-02,1.5977516224701493e-01,4.6177476956680584e-02
1.2094935333689913e-01,4.6477979335595623e-02,3.8784550353959929e-01,8.2411895764577928e-02,3.2040424211657370e-02,7.5049689493983371e-02,1.5742851600257912e-01,6.4445177756166261e-02
1.2632582818905427e-01,7.4326683428109566e-02,4.0046540427814231e-01,6.6575908169051762e-02,1.2413982494872796e-02,4.8804479757913424e-02,1.7838481476270543e-01,7.3823931918600122e-02
1.0474593114554244e-01,5.1330725322243920e-02,3.7999042399829713e-01,8.6722006910493546e-02,2.9665882162373886e-02,7.9318368256643054e-02,1.5994476804578170e-01,7.3103361615017473e-02
9.8539350048181512e-02,1.0349208473012562e-01,2.5918013059400008e-01,7.1868685486539047e-02,5.0849288561243419e-02,8.4042119162572884e-02,1.5458258849279047e-01,1.5796998477500851e-01
1.4133883771930641e-01,8.2385110051383006e-02,3.5551069538866559e-01,6.2576631124285034e-02,3.3407927878030236e-02,4.9962231264168544e-02,1.6033174950376311e-01,9.9147554736530641e-02
1.3682525050375527e-01,8.2925746279900917e-02,3.5659371691843039e-01,6.3281257233595969e-02,3.0753289967942521e-02,5.1176755854021726e-02,1.6281408404832617e-01,9.9572973347491919e-02
2.0825560041320418e-01,1.9185035610301729e-02,5.0974054131162028e-01,9.7932284026540278e-02,2.1722684872937128e-02,3.8410742378812035e-02,3.4236698877059851e-02,4.4737964105051500e-02
1.5708310674226997e-01,6.0772986155049204e-02,4.0034584952645069e-01,6.7632491445186169e-02,2.2352692109718152e-02,3.6296010529546834e-02,1.6459448107792937e-01,7.6269557209602032e-02
1.2944081446540365e-01,3.2906168002998171e-02,4.0406283852991476e-01,9.1323550839415485e-02,2.9317742901057649e-02,6.3956453167852020e-02,1.5487941606457228e-01,6.1975445503069791e-02
1.2838515936974337e-01,8.8616428973752104e-02,3.3246888797462271e-01,6.5502382529295064e-02,3.6610684976425639e-02,5.8000026248446433e-02,1.5935767062467834e-01,1.1421295583065010e-01
1.1762145439813154e-01,9.0537556206853692e-02,3.3372183252501403e-01,6.7385576773919820e-02,3.1306328972164434e-02,6.0607028964098107e-02,1.6407823577525915e-01,1.1621427282268672e-01
1.3720088093879965e-01,5.1209906491599670e-02,4.7852281334047780e-01,1.0456973081944676e-01,1.9457604438045586e-02,6.4017883937826064e-02,4.9648542322013288e-02,6.0400865407392562e-02
1.2717105487793973e-01,8.9515024385170741e-02,3.2794978247433437e-01,6.5852743182536311e-02,3.7955070720106614e-02,5.9293239851154533e-02,1.5854609177966389e-01,1.1680222621721661e-01
1.1552023836295700e-01,5.3678718239333512e-02,3.4220300101917883e-01,7.7547714724364086e-02,5.2990503344554234e-02,9.8115960941182634e-02,1.3997011096093961e-01,8.2341770519821889e-02
1.5517659043147611e-01,4.6246223434905344e-02,4.4113692129764037e-01,8.5282529841415572e-02,3.8965466790847211e-02,8.4975922367417245e-02,5.2275819448563077e-02,6.1890079390798616e-02
1.8593854353707082e-01,6.5301431795068421e-02,4.6408444799537835e-01,6.2512114684282194e-02,2.1576562858399942e-02,5.2965698659939719e-02,6.2295898713578574e-02,6.8906085653813676e-02
1.8240990279743247e-01,3.8290555858987448e-02,4.7942521607284122e-01,8.7210088300026162e-02,3.0001358761248299e-02,6.0541447428880416e-02,4.8705766714971455e-02,4.4354554304266262e-02
1.0281935049812059e-01,9.7625893462867708e-02,2.6482946301629384e-01,7.1755368716151291e-02,6.1875630658912835e-02,8.6260927073512336e-02,1.4471531901926066e-01,1.5368368741977304e-01
1.1649709043916873e-01,9.2647377226357394e-02,3.2186335408723060e-01,6.7797275903147422e-02,3.4936235859215951e-02,6.3315028258246517e-02,1.6183617173550016e-01,1.2260693381784918e-01
1.0350094434160584e-01,5.8068238357109198e-02,3.3511849255770815e-01,8.1552683229642278e-02,4.7157489265248986e-02,9.8622797055599107e-02,1.4627340717672016e-01,9.1405084616881571e-02
2.1162517673795855e-01,1.8138374236154779e-02,5.0984681326326786e-01,9.6120582041894845e-02,2.2794228746281765e-02,3.8549621144176045e-02,3.4511358324230711e-02,4.3177642092274586e-02
1.3417963778331651e-01,7.0946136868594148e-02,4.0610129235975995e-01,6.5157890414356531e-02,1.1929853544260915e-02,4.6687267716470221e-02,1.7930126257236648e-01,6.7557651955357234e-02
1.2732686069009208e-01,8.9026290942345959e-02,3.3116716842850336e-01,6.5712053471305681e-02,3.6585641358291933e-02,5.8553200123988791e-02,1.5950200637328624e-01,1.1514036605052769e-01
1.4253498470352399e-01,5.3742074798966366e-02,4.3675717197908698e-01,9.1583798876263403e-02,3.6673620442983910e-02,8.1449646106407689e-02,5.1410005206089987e-02,6.9963346921736225e-02
1.4806844413949360e-01,8.4121128275157414e-02,4.4912782594742617e-01,7.3356297264555240e-02,2.0370037089357047e-02,5.6929108377962973e-02,6.1462117434661886e-02,8.4773721576376818e-02
1.7436546588411367e-01,5.2424875045974748e-02,4.1991282407737335e-01,6.3329291988144451e-02,1.9997744677634804e-02,2.9924799019639195e-02,1.6547955777457887e-01,6.2039229638856420e-02
1.4684742551703026e-01,8.2122202069251388e-02,4.6410578241442502e-01,7.4644685782534234e-02,1.6185655929700157e-02,5.5483157969689119e-02,5.9863297954966782e-02,7.7941564093848004e-02
1.1715792965821192e-01,5.1058545292820355e-02,3.6548780606482062e-01,8.0499586537661233e-02,4.0388540556403306e-02,8.4928634003513442e-02,1.5031667979831628e-01,7.4732751073367312e-02
1.7534033142895211e-01,4.3907489034826670e-02,4.3899504634597941e-01,6.5712412953326166e-02,9.1309016502713770e-03,3.0049076324619207e-02,1.7294916310951705e-01,4.9270318966319449e-02
9.9661753214867047e-02,5.8868337321010135e-02,3.3714931653561908e-01,8.3145373294793865e-02,4.4199161764899568e-02,9.7334946026880600e-02,1.4887987160789456e-01,9.2421134966408497e-02
1.7170856307065413e-01,6.7006568510999578e-02,4.6612997194646882e-01,7.6191278308546440e-02,2.2267864105991415e-02,4.4506043361680257e-02,5.2963119443669333e-02,8.0197610845516840e-02
1.2844677641065647e-01,8.9299512484764199e-02,3.1792768497009799e-01,6.6700236526921378e-02,4.9022588838124846e-02,6.2494143920281464e-02,1.4951634248613663e-01,1.2118448205843919e-01
1.1856815647731987e-01,9.3933408084124134e-02,3.0810751148610571e-01,6.7798583553975819e-02,4.1777544393139507e-02,6.6101860205518143e-02,1.5706970181675123e-01,1.2889182315271583e-01
2.0225603269809195e-01,5.1210228811479866e-02,5.1340576979015939e-01,7.6161836081780232e-02,9.9909184170616384e-03,3.3432788528358466e-02,3.8697474276218412e-02,5.4291805955465768e-02
1.4160468607782936e-01,3.7138401308828006e-02,4.1154370296871778e-01,8.0127019205456562e-02,2.7849208072324629e-02,6.3215458344862585e-02,1.6168507575822760e-01,4.7236103063363427e-02
1.5381044426668453e-01,7.7843946003324754e-02,4.8177374803482165e-01,7.9316774050601280e-02,1.0138668050634068e-02,5.2591431429988122e-02,5.5142088217419151e-02,6.3642705141296510e-02
1.0518615854496172e-01,5.6279158133191995e-02,3.4737771650064442e-01,8.2422196310871498e-02,4.2572627359124926e-02,9.2879867045710496e-02,1.4957730734802280e-01,8.6337323054701376e-02
1.1511402208175416e-01,4.2068294969985001e-02,4.1107259323884843e-01,9.3001218857304849e-02,1.7429044637874171e-02,6.3137138667495124e-02,1.7290957160886342e-01,5.3292762818456518e-02
1.0726357481447604e-01,5.2101048778033461e-02,3.7247459085605067e-01,8.4785950936802107e-02,3.3390878515300676e-02,8.2188354963750002e-02,1.5671767675948456e-01,7.5583458394414701e-02
1.5186106288181142e-01,6.4161972218488905e-02,3.7090422460555778e-01,8.2707969298048564e-02,6.3451993341788540e-03,5.2869832763864789e-02,1.9796395136582412e-01,4.6520689740372753e-02
2.1174232455605085e-01,1.8261464079453567e-02,5.0956579990917350e-01,9.7148811324058795e-02,2.2149974561865664e-02,3.7865724365771680e-02,3.4091989110707578e-02,4.3843452661813664e-02
1.3074886353261017e-01,8.0925961464338614e-02,3.7115638276471224e-01,6.4261132635298271e-02,2.3456209396520600e-02,5.0831910439903087e-02,1.6878737443467942e-01,9.2664260681334543e-02
1.2614812657694688e-01,9.0667921944614316e-02,3.2037391595580522e-01,6.6316404338830931e-02,4.1149897999304644e-02,6.1353203790725300e-02,1.5637832072658442e-01,1.2082056678962536e-01
1.1802831817507306e-01,7.9766995681092842e-02,3.8632723922121892e-01,6.7680298300724237e-02,1.5295789423917173e-02,5.2185800515488448e-02,1.7557522340488751e-01,8.5735217704612454e-02
1.3757903908153515e-01,4.3636470814354393e-02,3.8546116335770869e-01,7.5846269672035435e-02,4.1587771314766167e-02,7.6401053135692551e-02,1.4758842460203550e-01,5.8922615435540344e-02
1.1133041306367424e-01,9.6667742564094147e-02,3.0012807918508755e-01,6.9123664847082808e-02,4.0711333940252392e-02,6.9638143677540384e-02,1.5880431997891434e-01,1.3478903925296498e-01
1.8665257136634483e-01,5.7290485031471883e-02,5.0155508207338617e-01,7.3742577325119046e-02,1.4816641936943292e-02,3.7307001725432894e-02,4.6345962860707995e-02,6.3651860547527986e-02
1.7622647058681581e-01,2.8411101070102529e-02,5.0009841653834186e-01,9.8706528923768799e-02,2.4346679613774517e-02,5.0876651511853783e-02,3.8857393350560203e-02,5.2698243336259713e-02
1.2667293375379104e-01,8.4002911898414495e-02,3.1041314202429543e-01,7.7672002534932047e-02,4.3558101030646022e-02,5.9666049057490206e-02,1.5733059784045297e-01,1.2230034743289193e-01
1.2084373682449502e-01,6.3734432003036745e-02,3.9646344240364423e-01,9.4586146608666252e-02,4.2971420247139354e-02,9.7588570428051816e-02,5.3293727852488031e-02,9.0494789877336237e-02
2.0273900609100143e-01,5.1945181510965138e-02,5.0775808271794165e-01,7.0631820661905986e-02,1.4983307645652161e-02,3.3994824937873036e-02,4.4148105409441994e-02,5.6584158433658070e-02
1.1534822240190715e-01,4.6123983245406293e-02,3.9522134984133289e-01,8.5848049918762007e-02,2.6832952147825148e-02,7.2204113052239338e-02,1.6243826350393614e-01,6.2801698057513802e-02
1.6102632385006457e-01,3.2535298340754630e-02,5.0039381991449983e-01,1.0344541531443405e-01,2.1294885801008235e-02,5.2469040984926621e-02,3.8893233123094083e-02,5.8223620871897648e-02
1.1488645775769098e-01,9.4182853743517980e-02,3.1349946341185936e-01,6.8247349088873727e-02,3.7283609447368214e-02,6.5571848709347055e-02,1.6051594622469281e-01,1.2723582041817344e-01
1.3618470819257633e-01,7.5403568025983927e-02,3.9023271557335709e-01,6.3178401032001980e-02,1.8619781344962873e-02,4.7149662040774802e-02,1.7268875580540402e-01,7.9735094974133169e-02
1.1124710672673388e-01,5.1628474903019507e-02,3.7014810205531828e-01,8.3138630643123476e-02,3.5790905188560651e-02,8.2952682213894471e-02,1.5453374943906470e-01,7.5174437809460828e-02
1.2384854346248030e-01,9.1989381479693405e-02,3.1212049738339909e-01,6.7007985290135449e-02,4.4272865078541487e-02,6.4115785964177427e-02,1.5442900280970298e-01,1.2543753708885086e-01
1.6997464642497423e-01,3.0897195477215447e-02,4.9306719615371664e-01,9.8733517906522211e-02,2.6062727862376463e-02,5.4755778470112218e-02,4.0098173747289641e-02,5.5605295000428920e-02
1.9373317568054768e-01,5.7391299223639523e-02,4.9046759179107668e-01,7.0969743716735798e-02,1.9711999104705745e-02,3.7091129028079844e-02,4.9093275378514628e-02,6.4837096892492660e-02
1.1661598797383900e-01,9.0772897657632634e-02,3.3348707724393278e-01,6.7585750668752526e-02,3.1014581931953975e-02,6.0916102436460687e-02,1.6435602564241603e-01,1.1658058518323915e-01
1.3708856310920217e-01,7.5677139940290919e-02,3.8859482095591269e-01,6.2913648791281210e-02,1.9442249656682675e-02,4.7053505302439909e-02,1.7194757142426809e-01,8.0661926242980297e-02
1.2843071695228073e-01,5.8951808279586078e-02,4.2336149444054350e-01,9.4437237814545702e-02,3.7138152213478742e-02,8.7676650358557248e-02,5.2390760363120445e-02,7.9657414222917763e-02
1.5284559180951932e-01,3.0815491686613912e-02,4.1999749195200525e-01,8.3930125063246430e-02,2.1335656960437391e-02,5.4758841344971970e-02,1.7156749078835060e-01,3.7750276120472763e-02
1.0585237131098428e-01,9.9385151660214457e-02,2.8779274725095372e-01,7.0260673425067893e-02,4.2618788949554225e-02,7.4003225174359866e-02,1.5840250697872432e-01,1.4230234696793639e-01
1.5658889048795077e-01,3.1140123246907129e-02,4.2182211010178716e-01,7.8415070950224458e-02,2.6190963244586890e-02,5.6736767373098289e-02,1.6443943454416443e-01,3.7565333489262068e-02
1.5478394138503646e-01,7.1233482074560608e-02,3.5674688728859094e-01,7.1200516661352575e-02,3.8809437228055368e-02,4.2556876063613865e-02,1.5634715816075059e-01,9.3479984582796258e-02
1.3105648448754970e-01,4.3853893269399834e-02,3.9113619061730293e-01,7.9334399325476354e-02,3.4665518821827390e-02,7.3257322368152286e-02,1.5461556178084629e-01,5.9614215430200061e-02
1.2748873019050871e-01,6.4104337002898026e-02,3.5309709893012570e-01,9.0131746376938063e-02,6.0790850131263494e-02,1.1411933431649622e-01,5.3311616229021121e-02,9.4906907715475636e-02
1.9273946854561810e-01,6.5663232261794421e-02,4.4463484755473048e-01,7.2727937432382830e-02,3.2782868361468508e-02,4.1672447465884839e-02,5.6110662096360550e-02,7.7718388418406892e-02
1.5490545763133221e-01,5.7880419363658148e-02,4.1269072419708974e-01,6.7876848986158964e-02,1.7460916995867947e-02,3.5586505158155340e-02,1.6722940326015764e-01,7.1221712306056562e-02
1.3762712682813658e-01,7.4795414041440134e-02,3.9158286716583290e-01,6.2858265852999404e-02,1.8541134460706259e-02,4.6636910096393758e-02,1.7275458394593521e-01,7.8568975652942338e-02
1.1810362338325692e-01,6.7213439074345419e-02,3.6337121623015950e-01,9.3407517687459252e-02,5.2227021358242698e-02,1.0954684597859836e-01,5.3998940274406250e-02,1.0019292839500325e-01
1.3065819594460398e-01,7.2939289505517715e-02,4.0224687215783494e-01,6.5550435960401970e-02,1.2755354522226516e-02,4.7665926252717566e-02,1.7821943879342625e-01,7.1643572801028385e-02
1.1565351223180960e-01,9.0938157340867312e-02,3.3362070367207508e-01,6.7774329091514388e-02,3.0625595749672722e-02,6.1141555601920639e-02,1.6469029505200408e-01,1.1674328065816249e-01
1.2630039078304173e-01,7.9515091909340335e-02,3.8082613969317103e-01,6.5381418860676596e-02,1.9094010833187368e-02,5.0790515212976541e-02,1.7238847184753017e-01,8.7694901308522685e-02
1.0865067363958755e-01,9.8784817060604019e-02,2.8407218387814959e-01,6.9903541078555273e-02,4.6424904280071164e-02,7.4740844621445410e-02,1.5556115448853297e-01,1.4324011365113590e-01
1.2667447254562544e-01,9.0749349679059552e-02,3.1677220818138141e-01,6.6495729612618182e-02,4.4247532997040095e-02,6.2326386378132648e-02,1.5395066892904638e-01,1.2239139513165102e-01
1.3133224194222040e-01,5.4659315251061678e-02,4.5542274248942299e-01,9.7554233226553391e-02,2.8040863414601533e-02,7.6195795561092960e-02,5.1442018493633668e-02,6.9229763102438377e-02
1.0159446924334904e-01,5.7710832605065050e-02,3.4287131309888957e-01,8.3130477731405930e-02,4.2755387192708702e-02,9.4812288474318815e-02,1.4976517906101616e-01,8.9497296812192401e-02
9.4803683566819133e-02,1.0039830270967753e-01,2.4447205832995625e-01,7.3091748315988581e-02,6.5971870646003392e-02,9.5066605274807217e-02,1.4372481772723658e-01,1.6577647014689820e-01
1.2246259623602899e-01,5.0288322301207528e-02,3.6173361905372398e-01,7.7992106255266869e-02,4.5537379244005839e-02,8.7356991734906880e-02,1.4545285701858884e-01,7.3531994514479726e-02
1.1915519627751842e-01,5.0472728750970523e-02,3.6645102395441770e-01,7.9917835701076370e-02,4.0953393110390618e-02,8.4547793957081355e-02,1.4968201074950310e-01,7.3551261023458936e-02
1.1150864772023343e-01,9.7505890425580555e-02,2.8496243780204572e-01,6.9542133320714378e-02,4.9162028041482737e-02,7.4411763072090770e-02,1.5313989822675805e-01,1.4190471980830086e-01
1.1480148408760750e-01,9.2936936219997476e-02,3.2226623972318919e-01,6.8102972787003918e-02,3.4077678336616367e-02,6.3656264520334099e-02,1.6256157981180305e-01,1.2283073583115400e-01
8.8770681181353492e-02,1.0526281472412385e-01,2.2555794450148486e-01,7.3783794236810446e-02,6.4802373592138654e-02,1.0001126801758886e-01,1.4712746251972889e-01,1.7647642738248903e-01
1.0718660965811387e-01,9.8730088045095671e-02,2.9078125529677445e-01,6.9987691000947830e-02,4.2171606965971810e-02,7.2937042303007057e-02,1.5848163251993624e-01,1.4048254148432412e-01
1.4728356194762349e-01,8.9602523021702976e-02,4.1365108561821290e-01,7.3500139086547137e-02,2.8969718855399066e-02,6.1670293144907212e-02,6.4099835373781042e-02,1.0009826440517160e-01
1.2066280572606773e-01,5.1522295423902499e-02,3.5102694969005033e-01,7.6766762777718753e-02,5.1860590141966326e-02,9.4191948433819631e-02,1.4015594553634439e-01,7.6961508998244541e-02
1.1813512428601144e-01,9.3981327071020540e-02,3.0879104216362729e-01,6.7838368584056910e-02,4.1130721539255802e-02,6.6002862837729478e-02,1.5757257479572445e-01,1.2868183906675662e-01
1.3918595257673980e-01,1.0057218474484562e-01,3.2773245281179508e-01,7.8655427192922719e-02,5.1453052646520558e-02,7.8777704702444620e-02,6.9582365180131403e-02,1.3285514955089003e-01
1.6372182436540916e-01,7.7574250203123390e-02,4.6547466380095909e-01,7.0180052132188919e-02,1.8895767965196302e-02,5.1904205087155195e-02,5.9537154408112164e-02,7.2386822836066886e-02
2.0301488531788178e-01,2.0289137140280904e-02,5.0906749521984351e-01,9.5316696679458593e-02,2.3904684862354073e-02,4.2127910016981407e-02,3.6089736021512837e-02,4.4016892451760367e-02
1.5059219319400527e-01,7.5211718913376441e-02,3.8215315440357123e-01,5.9933385339779863e-02,2.6222088866370202e-02,4.3589541228687911e-02,1.6557847501192272e-01,8.2243470480479308e-02
1.0848700418730133e-01,9.8770048626424786e-02,2.8549334022728234e-01,6.9890647615110255e-02,4.5515095338034731e-02,7.4291843385043979e-02,1.5618197125385647e-01,1.4262381934587282e-01
1.0235013444508750e-01,1.0173724685400748e-01,2.6818196428665475e-01,7.1157045148527845e-02,4.9485812863996670e-02,8.0654152669554058e-02,1.5471667966982580e-01,1.5259672266102151e-01
9.6538997238886773e-02,5.9693419847833488e-02,3.0132884973501328e-01,7.7898139103853917e-02,6.6273653079760936e-02,1.2248211473299225e-01,1.3220733571024740e-01,1.0247202504512343e-01
9.0955659551154908e-02,1.0537066224727823e-01,2.3197035665536922e-01,7.3366056665558385e-02,6.1496019316536636e-02,9.6291265720973310e-02,1.4907251900413326e-01,1.7281254653312683e-01
1.7415538822878282e-01,5.6532701241572655e-02,4.0645589751525418e-01,6.4048272891719396e-02,2.5452656642494870e-02,3.0730599159450086e-02,1.6222347109805335e-01,6.8020306346006310e-02
1.4090229180414091e-01,8.1071182882745008e-02,3.6255739370297113e-01,6.2362279819176178e-02,3.0151122270838274e-02,4.9032939169427289e-02,1.6294675006420348e-01,9.5421375834661273e-02
1.2296693798714126e-01,6.4439515394059427e-02,4.4221424102063162e-01,8.5293637161190372e-02,3.9344419921872736e-02,8.0852825397062386e-02,5.3598080682188909e-02,7.9109848102505903e-02
1.0103371567841887e-01,6.1069303579350420e-02,3.7397117702421079e-01,7.2794042042487295e-02,4.1162852039753978e-02,8.4926550706777792e-02,1.5408086488036521e-01,7.8909311075271271e-02
1.2263308856691872e-01,7.7227411971940774e-02,3.9276945189080159e-01,6.6851197241555999e-02,1.4299328070586870e-02,5.0358220537666809e-02,1.7648727943283160e-01,8.0396346113194142e-02
1.8532301423219982e-01,9.0419034140465770e-03,4.3892291304903075e-01,9.0011044212461366e-02,1.7736274341531220e-02,3.6259824337179697e-02,1.6633660962103811e-01,3.3577632602200716e-02
2.1356249517462580e-01,1.7324646311862067e-02,5.0965337167196201e-01,9.2357845194598692e-02,2.5517958149208198e-02,4.0590040139168726e-02,3.5861347622832378e-02,4.0359437603973237e-02
2.2038125824161600e-01,1.5557581358848268e-02,5.1013473022947442e-01,9.2430979693555265e-02,2.4983861140266218e-02,3.8190105252318189e-02,3.4835717994956758e-02,3.9526017075249595e-02
1.0258417129211568e-01,9.6799599775588371e-02,2.6614499120385632e-01,7.1922452728730157e-02,6.3182672905823287e-02,8.6768315769554891e-02,1.4339538890362544e-01,1.5315094416634248e-01
2.7862858966475118e-01,1.2151614891303760e-02,3.9719680173151700e-01,1.3392810860354623e-01,2.0807783292069327e-02,3.2061849793261578e-02,3.9459069577431026e-02,5.8621366810112055e-02
2.5683005620980753e-01,4.5286587877356059e-02,4.5751030626494010e-01,7.6175144300704531e-02,1.5287382829449711e-02,3.9913316422942761e-02,3.6670943027814998e-02,5.0681475801118057e-02
2.8876021295837062e-01,3.0557922108824669e-02,4.1313765081829490e-01,9.5357700175965801e-02,1.6841358231668976e-02,4.9161098256570057e-02,4.0756198336385767e-02,3.7914998947853398e-02
2.2342042091105008e-01,1.1156252300317930e-02,3.2607433380949385e-01,1.1632337491893456e-01,1.5981951016513077e-02,3.7602492295837481e-02,1.9259883674475117e-01,5.2064328820927007e-02
2.8357924953461422e-01,1.2636348705572483e-02,3.9779182516663464e-01,1.2806438764733488e-01,2.1064859314094273e-02,3.3094844594836456e-02,3.8879869335997269e-02,5.8457873514176507e-02
2.3246776847465206e-01,4.9635585476564048e-02,4.5246049165543489e-01,9.4872047437877555e-02,1.7318460041042254e-02,3.9124468948826506e-02,2.9694371608028160e-02,5.6724986989395640e-02
2.6268962165037435e-01,1.7280909598933178e-02,4.4177058922318418e-01,1.0922247057500577e-01,1.9542560398878119e-02,3.4931456977287972e-02,3.6891962770480881e-02,5.2950517960957073e-02
2.0182016194714658e-01,5.7475503540472275e-02,4.9651381628012703e-01,7.4195330606388554e-02,1.5780145263199520e-02,3.5917982282907920e-02,3.5996000934436154e-02,6.2643641101557374e-02
1.1488449360383240e-01,9.4481267033062130e-02,3.6238823794707481e-01,5.7320303915706881e-02,2.9435974562004089e-02,5.2792695250917364e-02,1.6873082174784426e-01,1.0652706767824364e-01
1.0401739704693863e-01,5.3654604601485717e-02,4.0486115227466629e-01,7.8404619332135564e-02,2.9715119815208579e-02,6.8628176237736288e-02,1.6558526947193555e-01,6.6776546076245835e-02
1.1295260285967117e-01,4.7696350546617985e-02,4.1331769352139353e-01,8.3777584409760256e-02,2.3163994579643746e-02,6.1066913413897209e-02,1.7432016679280035e-01,5.6699726140332730e-02
2.2487378794362842e-01,3.4842792676105301e-02,3.8963540378164807e-01,6.4216641931185384e-02,6.6958094511269245e-03,3.8992744044753697e-02,1.8950578621942804e-01,3.5226786223936463e-02
1.2520206300270692e-01,8.2168691835269633e-02,4.0109452226258951e-01,5.6215021936481369e-02,1.8403683096793438e-02,4.6054195392697353e-02,1.7791732003343297e-01,7.9437136837229624e-02
1.6933743256571060e-01,4.7259822196198828e-02,4.7507441503255776e-01,8.2051720917835358e-02,2.5947051506044559e-02,6.9117580474931037e-02,5.9783443093198108e-02,4.1123349107279980e-02
1.2308125428347036e-01,6.4348182874207266e-02,4.4269855233092070e-01,8.5329743293875632e-02,3.9221073407340684e-02,8.0665086876294298e-02,5.3569220423592107e-02,7.8943692662630252e-02
1.4438948855487524e-01,9.1215791448692171e-02,4.4929503223924661e-01,6.4020174343497133e-02,2.5682541751680370e-02,5.4953164217645102e-02,6.4790045448806080e-02,8.8860260052599394e-02
1.8284571799913643e-01,6.1951309726308891e-02,5.0543367380665893e-01,7.2527763635832451e-02,1.6808525779018011e-02,3.5969711751992733e-02,3.8093816773427491e-02,6.8013874882040318e-02
2.1243066650440973e-01,2.8995821805447689e-02,4.6846552025894816e-01,1.1428172135935223e-01,2.1270311298241241e-02,3.2387612733372900e-02,3.0324884139311895e-02,6.5216481738194818e-02
1.9959757870716033e-01,4.2706559092446521e-02,3.6511969957982410e-01,7.9774301156981253e-02,1.1351448744482854e-02,4.1523353437307196e-02,1.8794066244908042e-01,5.0471861106955528e-02
1.5184339593655075e-01,5.3561193260734580e-02,4.6443879100848523e-01,8.3321846925541176e-02,3.0640220238408060e-02,7.3115963008755072e-02,5.7485150470579081e-02,5.4545624725165713e-02
1.5683656977658672e-01,5.1687233451642556e-02,4.6806515881719013e-01,8.3043787460652468e-02,2.9164159815448110e-02,7.1725384953329988e-02,5.8062232039931827e-02,5.0635116282416757e-02
1.2410385647747815e-01,6.8179559734588405e-02,3.9932136519652306e-01,8.2605019417743841e-02,4.8533906322159655e-02,9.9521398749338935e-02,5.9433403033854353e-02,8.1480579930536562e-02
1.0603247843568502e-01,1.0205912307069608e-01,3.2846080970915736e-01,5.9589647975015737e-02,3.9169474055969579e-02,6.2582775988977976e-02,1.6257944619965475e-01,1.2575077082783828e-01
1.6077911437690506e-01,5.0672583271300628e-02,4.6765017239839052e-01,8.2158928131619582e-02,2.8801113853821399e-02,7.2364591325600219e-02,5.9260563486535321e-02,4.7198099466297931e-02
1.4343116986834328e-01,5.6842329280368926e-02,4.5725085807703719e-01,8.3718528972136760e-02,3.3357925457359480e-02,7.5817143994114086e-02,5.6576032291399611e-02,6.1457943599825676e-02
1.1050812411222216e-01,9.8941999837820968e-02,3.4352814912784330e-01,5.8453785405097804e-02,3.4668777167884801e-02,5.7652056961084726e-02,1.6527978984814737e-01,1.1732946936151555e-01
1.6991828708969545e-01,5.0593981982221536e-02,4.3681857962531367e-01,5.9933491920966989e-02,8.9332579939377099e-03,3.2610834890338072e-02,1.7860276993472768e-01,5.0035521458549108e-02
1.0585075565939429e-01,5.1471847414743949e-02,4.1002887883673050e-01,8.0600464847191244e-02,2.6973548900287681e-02,6.5229066363792790e-02,1.6898483327507693e-01,6.3166058503045061e-02
1.2909688116517087e-01,6.4368878612176925e-02,4.2771326283312749e-01,8.3177420985151351e-02,4.1735237462586901e-02,8.7214896754474580e-02,5.6868557827847270e-02,7.5885824428518517e-02
1.3112533830963669e-01,9.9346594623123632e-02,4.2081981000476082e-01,6.5712655171748402e-02,3.2502421072537369e-02,6.0260712079048401e-02,6.5997622249981416e-02,1.0733846252678440e-01
1.2117188599448565e-01,6.8780251289727187e-02,4.0564506712840143e-01,8.3039801533380114e-02,4.7541714298402080e-02,9.5777171667117966e-02,5.7437063797899000e-02,8.5008179191045558e-02
1.2590098727067578e-01,5.0649647891498416e-02,4.0224405550863446e-01,7.1708654048559875e-02,3.1227279142800560e-02,7.5665753485942469e-02,1.5975242056185715e-01,5.1316598058446808e-02
1.0162146039047604e-01,6.1043778644204967e-02,3.7325635698783072e-01,7.2577122755945939e-02,4.1437561122657493e-02,8.5586426242925256e-02,1.5372117620227840e-01,7.8496332092439600e-02
1.3248891455490067e-01,5.0603568272975269e-02,3.0929269324662473e-01,1.2783971844882425e-01,2.2766713373472480e-02,5.3869631554716038e-02,2.0131144354299554e-01,6.9273496451814409e-02
2.6465695572864834e-01,1.6103676381179172e-02,4.0727270851617331e-01,1.3453583249193266e-01,2.0897583607636810e-02,3.0391359055597776e-02,3.6713205169143580e-02,6.1670842771490673e-02
2.1025907026887142e-01,5.4281830791210767e-02,5.0226710131251595e-01,6.7367848783734835e-02,1.3942401413000871e-02,3.6277367776437905e-02,4.3671487915004310e-02,5.5073028164560216e-02
9.9997943221933019e-02,1.0330231856227634e-01,3.1447027226774737e-01,6.2292656954047905e-02,4.5204262464190625e-02,7.1447152599138475e-02,1.5833156136812379e-01,1.3106930887419121e-01
1.1298553337287449e-01,8.9851528866650862e-02,3.8288355991406348e-01,5.7028657363924269e-02,2.4515833708911815e-02,4.9459735495480328e-02,1.7290904063789314e-01,9.6957873832027613e-02
1.7130426130737153e-01,2.0662000400876335e-02,4.4474557669949843e-01,7.9136705473035696e-02,1.7113789264070128e-02,4.9674067929012911e-02,1.6819650529602206e-01,2.3446145747740194e-02
1.1612361679590175e-01,8.4330605498706954e-02,3.9921501351679745e-01,5.7384257500729820e-02,1.9802908265802843e-02,4.7288070894714790e-02,1.7727584491969664e-01,8.4798818974857984e-02
1.3319854686088672e-01,4.8455712413900794e-02,4.0711818636771280e-01,7.0600076533325604e-02,3.0343123401136683e-02,7.7014634221147876e-02,1.5844204551564969e-01,4.1914015330787292e-02
1.2132970757729844e-01,8.6375652054854202e-02,3.9019578243867786e-01,5.6301143644578590e-02,2.1768738537357248e-02,4.7548502031296291e-02,1.7471812974425965e-01,8.8411847959497178e-02
1.0328131437770276e-01,6.0219940861142109e-02,3.7603571790748691e-01,7.2616773577672017e-02,4.0468517735828047e-02,8.4452772152196293e-02,1.5436306972036287e-01,7.6448950559990653e-02
2.0013587336317870e-01,5.8705787649380878e-02,4.9026552903274595e-01,7.9524057952045771e-02,1.6669510766700341e-02,3.5580330218577982e-02,3.1719198606674721e-02,6.5566187804450352e-02
1.0099357378123208e-01,1.0453023884797653e-01,3.1722094810655077e-01,6.0196468067674112e-02,4.2665462379395468e-02,6.6428294927688855e-02,1.6083457908713925e-01,1.3339458593288339e-01
1.1923431726198744e-01,9.5983816310475201e-02,3.4831859883154137e-01,6.0115038802355837e-02,3.3569549924767343e-02,5.8024882737646007e-02,1.6416831762537537e-01,1.0632901114499359e-01
1.3954425532827791e-01,7.8022152606292972e-02,4.0677278167744191e-01,5.4667056559754248e-02,1.5456727193352201e-02,4.3731947482246500e-02,1.7953639235568813e-01,6.9039063471567769e-02
1.1539071991709714e-01,9.6749042920753994e-02,3.5055195634688929e-01,5.8193338254787508e-02,3.2467842840987519e-02,5.5683627662201148e-02,1.6629978512187826e-01,1.1097808546879445e-01
1.5004275298910519e-01,2.9841991954337860e-02,4.3053384043303872e-01,8.0226328187382165e-02,2.3962811327352000e-02,5.6357002794855809e-02,1.6284435856500257e-01,3.8669149151443045e-02
7.9840768048994454e-02,1.0042422658637645e-01,2.9846613981289666e-01,6.7356660460974355e-02,6.0815320433280168e-02,9.2725949003531344e-02,1.4472799092990052e-01,1.4492942841641915e-01
1.0375147474724750e-01,1.0310958739843015e-01,3.2468574637669917e-01,5.9660809555455815e-02,4.0307393329178702e-02,6.3654075044637173e-02,1.6211280880679310e-01,1.2898976645130653e-01
1.1160244623829797e-01,5.5605071014480506e-02,3.9145730522155420e-01,7.3176666457477627e-02,3.4909467856873870e-02,7.7649961176344068e-02,1.5858070769911414e-01,6.6068705651241719e-02
2.2320308002224859e-01,5.1576597925578824e-02,4.9289222828306711e-01,6.9579678428766875e-02,1.3888081742061520e-02,3.6664952996835719e-02,4.0441070350968909e-02,5.3500066369916936e-02
1.7391896222452424e-01,7.9182999159960271e-02,4.2843578092417511e-01,7.3158649678565155e-02,2.7890656709126663e-02,4.9761179227722913e-02,7.2100664890635324e-02,7.8338644528197152e-02
1.0902857223547963e-01,9.4857708610772390e-02,3.4807694375826115e-01,6.4822960712048225e-02,3.8602815767670447e-02,6.6865962781989974e-02,1.5853519396711740e-01,1.0475287274238874e-01
1.0883425706296071e-01,7.4822725598014742e-02,3.6859085879921188e-01,8.3083837387211812e-02,5.7287410373372954e-02,1.1136692936752532e-01,5.8858985611500769e-02,9.8878544928868176e-02
1.7973835931526344e-01,3.4612100302746536e-02,4.8515601443843193e-01,8.7620422544305826e-02,2.7890309727888311e-02,6.1012045377241926e-02,5.2185315888622658e-02,4.2358733940244614e-02
1.5566362701522996e-01,5.1036620094972875e-02,4.7501160779522039e-01,8.5753930122915475e-02,2.7358006033579293e-02,6.7257263100761758e-02,5.5745408173671164e-02,5.2594855916833147e-02
8.8875346285734499e-02,6.7655107271804779e-02,3.3968036404755875e-01,7.0707833917117990e-02,5.3838091442816371e-02,1.0457575527183836e-01,1.4486734571448290e-01,9.4461140908650904e-02
1.4710853056911036e-01,9.2791008555291737e-02,4.3634705150334357e-01,6.4070359974529409e-02,2.7312872120473029e-02,5.6356077260304019e-02,6.7904126624437969e-02,9.1401154470989288e-02
1.0042089821041893e-01,6.2173573246429269e-02,3.6729749913698168e-01,7.2026158603383850e-02,4.3617501407271782e-02,8.9073787548390418e-02,1.5186969852937920e-01,8.0511443360643919e-02
2.1569788408858107e-01,4.1004648518847879e-02,4.3311435913779467e-01,1.0138133758257303e-01,2.1915904986570266e-02,5.5885855040436763e-02,5.5157077161319581e-02,4.7556749079914341e-02
1.1936546284212406e-01,9.6026267035635812e-02,3.4916846434766574e-01,5.9435509854815154e-02,3.2984806434762717e-02,5.7000145081613864e-02,1.6491951137406477e-01,1.0699645727575474e-01
1.7428470591120993e-01,3.4246253305327816e-02,5.0272199648902849e-01,1.0116816905184138e-01,2.3281346797280437e-02,4.1200633394444734e-02,3.4369372830394401e-02,6.2689456999395057e-02
1.1123980155458088e-01,5.2999803162110164e-02,4.0251848112123251e-01,7.5595994617918411e-02,3.0632555167471633e-02,7.1167759812583248e-02,1.6346592793677792e-01,6.3205989639744650e-02
1.2167473540226581e-01,8.2572070735654576e-02,4.0147475750525696e-01,5.6760745288144877e-02,1.8612250754196369e-02,4.6480661198363971e-02,1.7808382325456526e-01,8.0673189433592585e-02
1.6560224720976702e-01,6.4350219635580394e-02,4.1875575156671591e-01,5.3729630836160530e-02,7.5297783407683285e-03,4.3074026483813130e-02,1.9015992765360204e-01,4.2969605511261499e-02
1.3316559348847212e-01,8.7126705850571612e-02,3.8157763753057145e-01,5.6171439707533112e-02,2.2862081324457155e-02,4.7367745769416006e-02,1.7202558051375602e-01,8.6208980152824549e-02
1.4953656729422887e-01,9.0549142002550834e-02,4.4574755846223096e-01,6.3564464911268964e-02,2.5427804825878281e-02,5.4887495024310631e-02,6.6840902470106309e-02,8.6785428973049777e-02
1.0301649761850348e-01,6.1037718415198533e-02,3.7087391861124697e-01,7.1964086592607474e-02,4.2419500285037243e-02,8.7859562300167587e-02,1.5250995942385445e-01,7.7369933748216310e-02
1.4290807190422020e-01,5.5976383990953671e-02,4.6486812145463513e-01,8.5223431157200061e-02,3.1588703357156626e-02,7.2187142741350574e-02,5.5123307887459894e-02,6.1499289790365536e-02
1.3534622274454081e-01,1.0362939713709730e-01,3.8006227509380147e-01,6.8455316556298274e-02,3.8300046407325643e-02,6.7592152963131424e-02,7.4251795221414313e-02,1.1463497438889048e-01
1.6288784074594392e-01,7.3031426042957925e-02,4.7849185326924792e-01,6.8540123362285793e-02,2.3421677989207461e-02,4.2571533148338739e-02,5.4142688752276603e-02,8.1553914395883775e-02
1.1595967938362121e-01,9.7309520206537242e-02,3.4272813527444024e-01,6.0602814599706109e-02,3.5499377024136941e-02,6.0203018421038562e-02,1.6310112207078820e-01,1.1033854027426267e-01
1.1365059357844060e-01,9.5728972559295106e-02,3.5751050538930951e-01,5.7580508178842665e-02,3.0781155249481936e-02,5.3943268700011662e-02,1.6782214167530229e-01,1.0950014796888118e-01
1.0468722525983135e-01,6.0802524205713422e-02,3.6812895036682958e-01,7.1179277077007178e-02,4.3903359304628214e-02,9.1658752680424990e-02,1.5058034883474108e-01,7.4944935400689333e-02
9.8235205449109145e-02,7.8310463508661443e-02,3.3791003868705816e-01,8.3237186982512201e-02,6.5803603049301912e-02,1.2670443252359645e-01,6.0762818660263451e-02,1.0849421935528721e-01
1.0996916430198406e-01,9.4427482054554077e-02,3.6652726564258903e-01,5.7351715485757793e-02,2.8907069904684675e-02,5.2415087450130224e-02,1.6956053079609265e-01,1.0747182909773895e-01
1.0302651621589601e-01,5.9973626891259207e-02,3.7786787172613956e-01,7.2925686342935087e-02,3.9795275720599904e-02,8.3233368664386256e-02,1.5505911919838750e-01,7.6329894225934183e-02
1.4520450166483329e-01,8.7992372541793429e-02,4.6537820847078742e-01,6.4604446559142492e-02,2.2890655691116434e-02,5.3099137627903061e-02,6.1245068186802580e-02,8.2224785754017413e-02
2.0662964990860785e-01,5.5180374056825757e-02,5.0415066040793322e-01,6.6566949325360739e-02,1.4048639722048449e-02,3.6316601843174305e-02,4.5272692231959212e-02,5.5482280524020842e-02
1.2985436015992610e-01,4.9989496076045560e-02,4.0245364095917213e-01,7.0478101624712575e-02,3.2526986562844099e-02,8.0314588400037829e-02,1.5632996592763862e-01,4.4288118028116781e-02
1.6046694044249540e-01,6.8685168723740281e-02,4.0269490361224403e-01,6.3407213181980476e-02,1.8511621509108581e-02,3.6148708487100424e-02,1.7247361277420067e-01,6.4075537525499215e-02
1.2184629310787359e-01,8.8300052107806504e-02,3.8312995420126889e-01,5.6309089046903731e-02,2.3532794950844708e-02,4.8414748867987328e-02,1.7298767992544459e-01,9.2164305668180485e-02
1.5546488934898955e-01,8.0009672848339375e-02,4.5029632692939198e-01,7.0512063044408615e-02,2.8665645757633498e-02,4.7643294810575200e-02,5.9440822856388596e-02,9.2192929815444344e-02
1.6600437526342288e-01,4.7630819971858980e-02,4.7908083524539807e-01,8.7911309275268121e-02,2.4338770209607515e-02,6.2822312939433869e-02,5.5327632067190075e-02,4.8235130425192257e-02
8.8139431688598682e-02,6.8024057483937903e-02,3.3871074842440768e-01,7.0763527820748851e-02,5.4052659399666018e-02,1.0455668020999015e-01,1.4486891586052708e-01,9.5638164337974452e-02
1.4039406697252818e-01,1.0120998826068982e-01,3.8934962624908798e-01,6.7789147345608217e-02,3.5843295551472656e-02,6.5166328198201701e-02,7.4385190844005369e-02,1.0821883678437882e-01
1.3117804862599947e-01,7.8701613425695857e-02,3.8028124501348171e-01,6.4678168273132969e-02,2.7278070923634441e-02,4.3048218108862418e-02,1.6766226877578758e-01,9.3947867273222074e-02
1.2221479264543417e-01,4.9622703014888782e-02,4.0790203723516733e-01,7.4047732147271575e-02,2.8448232742923730e-02,7.0199965097448205e-02,1.6425708348086185e-01,5.3878354040715143e-02
1.3988487005049755e-01,7.6478191870927067e-02,4.0989814699763510e-01,5.4814916322373425e-02,1.4418720678468038e-02,4.3730664083130533e-02,1.8102480125520470e-01,6.6398867741636808e-02
1.5337164889859778e-01,5.5056822127385517e-02,4.4930288516393813e-01,8.1366950003617614e-02,3.3867617844713600e-02,8.0519079417243580e-02,6.0689517632416742e-02,5.2330893015878781e-02
1.0397861218746211e-01,7.6647592984561766e-02,3.5378462842707503e-01,8.3144030316504053e-02,6.1296492616052523e-02,1.1845527815086583e-01,5.9740709083858069e-02,1.0356571403995497e-01
1.2117077390796942e-01,9.3050705495732369e-02,3.6410134145059592e-01,5.7295991575816864e-02,2.8438486981851630e-02,5.1992027647152016e-02,1.6878129774911041e-01,1.0160205046975028e-01
2.5743947092380159e-01,4.2711039749932934e-02,4.8237842392784286e-01,6.4854978908123515e-02,1.1554619804266246e-02,3.7977477754981538e-02,4.4890194676711917e-02,4.1034667057454004e-02
1.8682485773519369e-01,3.0351399871159698e-02,5.0275590866276643e-01,9.7459824406604695e-02,2.1996508712627320e-02,4.2559478079648556e-02,3.7755593848007016e-02,5.4787972416259989e-02
1.6441089800526207e-01,9.0201153862729644e-02,4.2588522289209979e-01,6.4774811196405671e-02,2.5632637115365193e-02,5.5857936949095501e-02,7.5835477223766282e-02,8.0172645186758873e-02
1.0678211369422566e-01,5.7951916105614829e-02,3.8459497061732045e-01,7.3125717557364855e-02,3.7402242762874807e-02,8.0370562165894582e-02,1.5680445527920719e-01,7.1631205458949687e-02
1.1904075086065566e-01,9.0696620669839939e-02,3.7564778231024365e-01,5.6662268504461766e-02,2.5704607799308374e-02,4.9902134179237605e-02,1.7135280138313030e-01,9.7644210980984664e-02
1.0141445632113609e-01,1.0076743793726742e-01,3.2263468912064713e-01,6.3451597170095964e-02,4.4275221790129708e-02,7.1720573734529905e-02,1.5769539875779517e-01,1.2405188216431885e-01
1.4837669792241071e-01,5.3887770252573040e-02,4.6905002418340408e-01,8.5149101998461998e-02,2.9877849872867433e-02,7.0406318960946332e-02,5.5603135458166836e-02,5.7380151219711260e-02
1.1652786010231786e-01,9.0457577548626197e-02,3.7824260585290292e-01,5.6745701640128286e-02,2.5313566018840002e-02,4.9753425988212877e-02,1.7192712439990093e-01,9.7690003955951080e-02
1.7104601791099944e-01,8.7225616621481414e-02,4.3470886671621439e-01,6.3886633413520452e-02,2.3088384600612914e-02,5.3697237033185866e-02,7.6259505812009715e-02,7.3003781037518922e-02
8.6128372471796069e-02,1.0997111388897041e-01,2.8410690858878163e-01,6.2185616000342732e-02,5.4014438067825188e-02,8.0590584645812841e-02,1.5523796123486239e-01,1.5454985756569461e-01
1.2409372077805979e-01,4.9296236670338806e-02,4.0807908759202499e-01,7.3554479043893714e-02,2.8438724006417147e-02,7.0594798322024449e-02,1.6387509552254179e-01,5.2398161644481529e-02
1.9079831318830470e-01,2.9318066331039738e-02,4.9927400642379799e-01,8.7695943716218250e-02,2.3587848188966372e-02,5.4025408869812566e-02,4.9616605171658633e-02,3.8385615722269208e-02
1.2911958920337929e-01,8.2920095129858831e-02,3.6362536309751098e-01,6.6611756630327187e-02,3.1016268164549797e-02,4.6838992420418800e-02,1.6661019933817731e-01,9.9304348829630601e-02
1.1812270291100692e-01,8.9552540448662038e-02,3.8070096409669857e-01,5.6600797614981956e-02,2.4530006746418195e-02,4.9200508523259495e-02,1.7246231635361697e-01,9.5495572317623872e-02
1.4757435652000056e-01,5.7787336477901421e-02,4.3918787503422957e-01,8.1553375751442017e-02,3.6816335727557492e-02,8.4538725428073669e-02,6.0676666641957713e-02,5.7450959513900828e-02
9.7877947254446290e-02,1.0595358698186147e-01,3.1009157321120490e-01,6.0590000345025062e-02,4.4935494159334254e-02,6.9055107681508673e-02,1.5971959942591310e-01,1.3808853907932564e-01
6.8092654790509174e-02,7.1965918602318685e-02,3.0025433138416241e-01,6.8340079033662807e-02,7.1251954503291914e-02,1.3405127848706461e-01,1.3406991209114327e-01,1.1404759766408738e-01
2.4588204501201155e-01,4.8112681365873537e-02,4.5903281249596978e-01,8.0098164057132853e-02,1.6075787700763934e-02,3.9229199479584254e-02,3.4130086570063493e-02,5.4529238546125854e-02
2.5543820869006834e-01,1.8426826575900179e-02,4.4997324864810284e-01,1.0777572121727956e-01,1.9382217495745594e-02,3.5091146525619697e-02,3.6619695415765784e-02,5.2588109181065108e-02
1.6622658978926455e-01,4.9515075683058442e-02,4.6538247644432895e-01,8.0826804373365868e-02,2.8665662338896197e-02,7.4260837451040701e-02,6.1425949243593271e-02,4.1620758894388675e-02
1.0882534288061636e-01,9.8696906533074100e-02,2.7894453264519514e-01,7.0057166272159022e-02,5.0113085140575796e-02,7.6717477662381198e-02,1.5300525757009409e-01,1.4553406577246228e-01
1.4518124022767787e-01,7.6189777254036931e-02,3.8224858716288385e-01,6.5542993001164049e-02,2.4879763472839458e-02,4.1616168226211163e-02,1.6949367325759207e-01,8.0867777075338348e-02
1.5702537403981526e-01,6.6092452819714168e-02,4.1136548967360426e-01,6.1397820764224294e-02,1.7253394484804094e-02,3.5235002234682310e-02,1.7283481323529556e-01,6.6204549102975657e-02
1.0017586406107856e-01,1.0044258779176621e-01,3.3598401867600208e-01,6.5620616590483641e-02,3.9731803125446420e-02,6.5483238911200420e-02,1.5677659704229210e-01,1.2307155096096151e-01
1.7552986921408753e-01,5.5896983078850812e-02,5.0367357322971440e-01,7.4791117870903617e-02,1.5140376579577838e-02,4.6064085485984660e-02,4.5779629042661495e-02,6.4871421725791314e-02
1.5354730825157975e-01,5.3263592284295024e-02,4.2735284504099352e-01,6.4092770571241867e-02,1.2488167760453028e-02,3.8343338960461486e-02,1.7568544443123604e-01,6.2825440176975375e-02
1.7835307797682595e-01,5.4713499571577041e-02,4.3356439069347941e-01,5.8012904640032767e-02,9.6683574517993573e-03,3.0517892789890332e-02,1.7754856038120487e-01,4.5840162796983427e-02
1.2963342394006994e-01,3.8704351726298693e-02,4.1702769933436151e-01,7.8902507385882642e-02,2.2663675725600511e-02,6.7699277005192224e-02,1.7057396672557823e-01,4.6915988773188498e-02
9.6331084281299204e-02,5.9942507032284459e-02,3.7285388770464040e-01,7.7426066502706128e-02,3.7668504224459221e-02,9.0036054406709851e-02,1.5482062477780420e-01,7.8879843927200696e-02
1.6048875589592612e-01,8.7441584862175459e-02,4.4794906118511429e-01,6.2637815611021636e-02,2.3258847060280148e-02,5.3448014193657432e-02,6.9498176794523525e-02,7.8752909885691585e-02
2.1120973945378102e-01,2.6188641042166033e-02,4.8689885578891723e-01,1.0290522759493811e-01,2.0171659614564443e-02,3.7235746416034408e-02,3.5302262889641563e-02,5.4911802911326205e-02
1.4722870021826295e-01,4.1236412900375878e-02,4.2449889224212622e-01,7.1190898600906660e-02,2.2293417258273430e-02,6.6567884546249206e-02,1.6670301831767345e-01,3.0284811630674788e-02
1.4344238940928225e-01,9.7885931065813933e-02,4.0947773042531632e-01,6.5891085608160899e-02,3.2163114808998326e-02,6.0935631549129447e-02,7.1515902709567494e-02,1.0156298179799841e-01
1.0149050171311766e-01,6.2219395916326484e-02,3.6284643918199672e-01,7.1144905292233912e-02,4.5730308837250440e-02,9.3882745274313770e-02,1.4952080510446758e-01,7.8841099109198454e-02
1.2428696906363113e-01,8.5002934822224818e-02,3.9316488078422002e-01,5.6042027562195236e-02,2.0689286523496643e-02,4.6847624902625930e-02,1.7549106629018657e-01,8.5141883140307947e-02
2.2993917933577046e-01,2.1374224219192002e-02,4.8133701531539724e-01,1.0036242250062599e-01,1.8792430047645595e-02,3.7646319005035025e-02,3.7938729181687260e-02,4.8181621050176468e-02
1.0167781051920685e-01,6.1240592460786725e-02,3.6088331548841646e-01,7.0329398973256380e-02,4.8305022784523075e-02,1.0111573072341100e-01,1.4621461782204684e-01,7.3935936819702577e-02
1.8087598171416272e-01,6.8809545104671604e-02,4.2459294363574440e-01,9.5611062393167273e-02,1.9861353414233882e-02,6.7822823250958703e-02,5.1985177551847513e-02,5.8377163615446898e-02
1.9836166102274261e-01,4.7496422091088730e-02,4.9936112189010973e-01,7.6939007834924883e-02,1.3940421374547462e-02,4.4303969801114909e-02,4.1437936391320658e-02,5.8119706199115793e-02
2.4873689625872539e-01,4.9089143108542264e-03,4.5663001957579819e-01,1.2315831914895696e-01,1.0721746185854768e-02,5.9104225956002350e-02,5.0822959233633287e-02,1.1063875145489625e-02
1.8941639689598619e-01,2.0462256120666499e-02,5.0060635182065705e-01,9.2717388268905826e-02,2.3371809017251045e-02,5.3871192935858146e-02,4.7885556662952314e-02,4.5348334844709640e-02
9.4933755161520111e-02,1.0086841836163540e-01,2.9623104879258222e-01,7.8111446155288686e-02,4.7973859859043261e-02,7.1936847252905931e-02,1.5961579284935420e-01,1.3519754791650929e-01
1.2672248497953728e-01,7.9547030111131650e-02,3.9393656253391940e-01,5.9466692862991270e-02,1.7814470483856717e-02,5.0763210234578041e-02,1.7658732978394359e-01,8.1683499357500980e-02
1.4568919247753950e-01,7.1268131246555358e-02,3.8780262198958815e-01,6.7955911923210766e-02,2.3595162862397493e-02,3.9092869702990439e-02,1.6935019906420767e-01,8.2386515497273008e-02
1.0861815906755722e-01,4.8174437633091004e-02,4.0349511099762964e-01,8.1048658185414166e-02,2.6826758334836165e-02,7.5744535143989364e-02,1.6601951020217709e-01,6.0782729949345582e-02
7.1402819155452893e-02,1.0804283633819017e-01,2.9601252397400007e-01,6.9083294575819909e-02,5.7885697461371302e-02,9.0653319217217018e-02,1.4343559408348572e-01,1.5381067858425465e-01
1.1651066692456127e-01,1.1039440170290844e-01,3.3555656310431425e-01,7.7067365429240184e-02,4.6580285853976458e-02,8.2358254116510834e-02,7.9597876512403382e-02,1.3403606998674614e-01
1.3924724838624969e-01,6.7553242588331883e-02,4.1136314195776408e-01,5.9404862942291824e-02,1.1897191341538252e-02,4.8960312581572255e-02,1.8478024461326709e-01,6.2707310152341073e-02
1.2976621277392550e-01,7.9672324285778098e-02,3.9289654534672735e-01,5.8968105851393518e-02,1.8263782242429208e-02,4.9395051496057003e-02,1.7582544590008711e-01,8.2032416531208005e-02
1.3430233557238044e-01,7.1507335014672782e-02,4.0751239958889962e-01,5.9340396644709074e-02,1.3535895341580763e-02,4.9329144787634831e-02,1.8204898196554514e-01,6.8583109526714425e-02
8.6426716057551686e-02,1.1170370683063324e-01,2.9337581479876712e-01,6.4695326946243664e-02,4.5705155713548502e-02,7.9330117728650673e-02,1.5665779488366316e-01,1.4870802987353851e-01
1.6086134873572017e-01,7.9416559209762330e-02,4.5572196368483703e-01,6.5714686911291648e-02,2.0732917026367304e-02,5.6033245776940667e-02,6.8684560349968782e-02,7.6327207749051149e-02
1.3968235643853821e-01,5.3076402637623393e-02,4.5218784773988674e-01,8.7382156927146570e-02,3.2893987182217477e-02,8.1755947429166823e-02,5.7282043939236686e-02,6.3697711479062183e-02
1.1812273902840348e-01,4.7217780454531663e-02,4.0300599114041702e-01,7.7005975025301876e-02,2.8736930332275187e-02,7.5655526052212554e-02,1.6266562550212554e-01,5.7750000098822557e-02
1.4658086536469211e-01,6.2558156497924858e-02,4.1283646709857191e-01,5.9764720756863177e-02,1.0286640280118213e-02,4.9070178732108720e-02,1.8844227805567762e-01,5.5905119230964057e-02
8.1591744677596320e-02,6.9479489263170505e-02,3.3317995696020630e-01,7.3376483051123709e-02,5.4347261228014913e-02,1.1491565094769235e-01,1.4068766394165524e-01,9.6316910666038008e-02
2.4560817223236764e-01,3.3811343800105094e-02,4.5163805013768316e-01,8.9827884751680007e-02,1.6690850180962065e-02,4.7326993269792852e-02,3.6341561825262422e-02,5.2611646753297325e-02
2.0021958703089823e-01,5.0159508933813192e-02,4.9744894750181923e-01,6.7262790514052512e-02,1.5390216819303500e-02,4.0355268229670921e-02,5.6705192843232881e-02,5.7918350383017500e-02
1.2657271122798325e-01,4.3769820133939846e-02,4.0963880630486810e-01,7.5680238556111432e-02,2.7362143178808456e-02,7.2385136343095888e-02,1.6342888090212007e-01,5.1592301200785541e-02
2.3246945480487907e-01,8.5257169444115793e-03,4.7493661776087021e-01,1.0508088534946984e-01,2.0545743067834622e-02,4.1504635490547365e-02,4.0159739074907969e-02,5.1881229026323000e-02
2.5385647440891268e-01,3.0868913669524510e-02,4.7717092991172866e-01,6.9886634224878716e-02,1.4792366058539182e-02,4.1223116521378937e-02,4.5803362807608619e-02,4.8562798500855153e-02
2.4248083878637397e-01,5.7863929317648038e-03,4.6965732813611227e-01,1.0418617101258246e-01,2.0770596325480041e-02,4.0660088611909943e-02,4.1080075168081591e-02,5.1052781820284658e-02
1.2388338030100757e-01,7.5880489110043886e-02,4.0227451703414646e-01,6.0852213350746157e-02,1.5072980058396735e-02,5.2479480177348131e-02,1.8027614770529501e-01,7.4889252418114560e-02
1.3475896260030640e-01,5.3075702156639259e-02,4.5982078547126282e-01,9.0316835364806697e-02,3.0826089808609670e-02,7.9851198994330477e-02,5.5218746246212938e-02,6.4615038630887606e-02
1.5784000053770206e-01,4.8416886888967905e-02,4.3262896631965009e-01,6.4386612963821185e-02,1.0401065652472863e-02,3.8412384911668283e-02,1.7759607701955474e-01,5.7480640273339531e-02
2.2417809240885023e-01,3.9663361138987420e-02,4.8933259457830791e-01,7.4291097283680108e-02,1.4189318057613946e-02,4.2755297415018448e-02,4.2905630446741040e-02,5.3358448083208734e-02
9.2406875250729451e-02,6.4659195897621660e-02,3.5339100219638186e-01,7.4626894612642408e-02,4.5950005551164574e-02,1.0112985801706055e-01,1.4714467448824212e-01,8.6352122537952658e-02
2.0223382454388888e-01,1.5990336780424847e-02,4.9600933898393501e-01,1.0174942675008267e-01,2.0442187534499636e-02,4.6404915721766027e-02,4.0677007952591701e-02,5.0757558540967855e-02
1.8480543774827965e-01,2.1238243946013122e-02,5.0172116833430880e-01,1.0009634593465926e-01,2.1505044726660975e-02,5.0727629099836885e-02,4.1436162457726237e-02,5.1980909967092016e-02
9.1143070571716875e-02,1.0867466515142318e-01,3.0414049401944676e-01,6.4639212828900158e-02,4.3787176586502614e-02,7.5374340225540307e-02,1.5715041027490881e-01,1.4183603466189654e-01
1.1033721880978699e-01,9.6597207057458029e-02,3.4816237547600859e-01,6.1778887528305335e-02,3.0477621304421901e-02,5.9962636701425216e-02,1.6558676707390077e-01,1.1361542775027846e-01
1.6768761770436946e-01,2.9053742926986863e-02,4.9339341453722607e-01,9.5077692046450182e-02,2.6151867641567347e-02,6.0254316785872598e-02,4.6254854318729957e-02,5.4146862816371981e-02
7.9156100276152802e-02,7.1362935942276190e-02,3.2719848797525997e-01,7.3766603857801899e-02,5.4871934974987574e-02,1.1605229932680422e-01,1.4100223637198220e-01,1.0065916375409700e-01
1.3765136230068031e-01,6.3823664471683902e-02,4.0742187260486412e-01,6.3875619785911372e-02,1.0445444274644845e-02,5.3561250525575935e-02,1.8993623526720807e-01,5.6746311067154324e-02
1.1934347292885678e-01,9.2966266023324515e-02,3.5917678868455422e-01,6.2117505052507439e-02,2.9934599015441786e-02,5.3749373593507732e-02,1.6415160845668006e-01,1.0553922392839669e-01
2.0234270954017683e-01,1.5301446649127234e-02,5.0205845081264189e-01,9.5083287966423277e-02,2.1111660518808303e-02,4.8744088361855918e-02,4.5318420410665444e-02,4.4855783281874742e-02
1.3711981968053344e-01,6.9044620265385270e-02,4.1014146556765108e-01,5.9422179080738692e-02,1.2466974449741016e-02,4.9149358569062544e-02,1.8378009710107407e-01,6.4861593748335264e-02
8.3715629903260133e-02,1.1267053320491835e-01,2.8765138700063891e-01,6.5207558832112184e-02,4.8232309949962124e-02,8.2095731770581853e-02,1.5500690620925961e-01,1.5231305975013640e-01
1.5438969789668724e-01,7.7323410091485606e-02,4.6911046763270436e-01,6.8446059875067494e-02,1.8457517363226907e-02,5.8929764290360467e-02,6.3298614955698232e-02,7.1661329300009541e-02
1.3442637480295994e-01,3.5488040549217552e-02,4.0593991465788370e-01,8.2923277008081969e-02,3.3002644165684027e-02,6.9423127502231882e-02,1.5612963140971867e-01,5.1749611507034707e-02
1.9718659878173436e-01,1.8189174081348965e-02,5.0056402938940803e-01,9.0030435446144266e-02,2.3480508000558061e-02,5.3178963298103954e-02,5.0763230014036501e-02,4.0450495985981896e-02
2.7607487088224469e-01,1.7224876495393421e-02,4.2034185264529184e-01,1.0247150334273296e-01,1.7954267737353289e-02,5.4087080393064750e-02,4.2559872342945011e-02,3.9463655096131860e-02
1.2895222918198579e-01,3.8003333547840454e-02,4.1728549089730743e-01,8.0233781485130926e-02,2.1795994056486218e-02,6.7160868602519880e-02,1.7226521463902525e-01,4.6676718620380031e-02
1.5003869475375842e-01,6.6700937412116704e-02,4.1379753440684003e-01,5.6580694610236217e-02,1.2101058041532905e-02,4.3500549631061459e-02,1.8295821401716111e-01,6.1676487611478696e-02
9.0334647682340063e-02,1.1389326216312765e-01,3.0056355382144501e-01,8.4281280976298334e-02,5.9188946729962014e-02,1.0068383668988644e-01,8.5655571411945033e-02,1.4847187550329624e-01
1.1647686172949524e-01,8.7191205780848852e-02,3.7720937526502224e-01,6.0617687701729712e-02,2.2273939448104758e-02,5.5085664518122329e-02,1.7242697525617015e-01,9.5028276828467789e-02
2.2964473946903410e-01,7.9298656675624059e-03,4.8615596368573294e-01,9.9573073595771319e-02,2.0163521713030447e-02,4.2671501480039252e-02,4.2748366294687291e-02,4.6968060684247366e-02
7.3842098999370678e-02,7.4485767122002861e-02,3.1594355720783329e-01,7.3964231962038704e-02,5.7309451004866251e-02,1.2049192136200650e-01,1.4003303578670662e-01,1.0787506596235420e-01
1.7922646675959664e-01,5.5084102418355770e-02,5.0240485505587607e-01,7.3263648663999634e-02,1.5297694304484433e-02,4.5387257389759336e-02,4.7696414281852076e-02,6.4134766829764683e-02
1.5559259828777372e-01,2.2025317786442750e-02,4.3296303909512873e-01,8.1651840404674506e-02,2.3842967234440453e-02,5.5891742180698367e-02,1.6328379885714187e-01,3.7597065834013919e-02
1.1768407317450111e-01,9.0542828969213840e-02,3.6619718451812749e-01,6.0635499464001492e-02,2.5552083560812927e-02,5.5174970940479330e-02,1.6925120356417506e-01,1.0159561312835304e-01
1.3499031334911929e-01,6.6765990356135341e-02,4.0406228455690990e-01,6.6634033856344033e-02,1.8911724885164110e-02,4.3889006883878999e-02,1.7079588268059592e-01,8.0985121537031052e-02
1.7658234721460772e-01,2.9888965497122055e-02,4.7674971327090865e-01,9.0125262650718727e-02,3.0412241569244113e-02,6.4610872713915746e-02,5.4589844150810994e-02,4.7189576839782567e-02
1.1014029171703144e-01,9.5498533774613203e-02,3.5244882013989159e-01,6.1571856854593474e-02,2.9024785539859096e-02,5.9623754474125899e-02,1.6684770136030413e-01,1.1126138905166878e-01
1.1727095757362635e-01,9.1494918347681864e-02,3.6324267298935703e-01,6.0785912481343581e-02,2.6448638664430622e-02,5.5531762247273228e-02,1.6845206233871007e-01,1.0343442086167610e-01
2.2409127574710916e-01,1.3343185438572746e-02,4.5893505463513717e-01,1.1941097310077400e-01,2.0804334794757167e-02,3.9841582798623459e-02,3.4778545696499290e-02,6.0935039131093646e-02
1.0695884761100917e-01,4.2921903489828675e-02,4.0979631823415208e-01,9.0299178213733441e-02,2.0636993162588668e-02,6.9914033102563611e-02,1.7606187591380559e-01,5.4882647058537674e-02
9.0922425141143265e-02,1.0786373164014455e-01,3.0623486814370304e-01,6.5151645529099550e-02,4.4630739751889303e-02,7.5360405466604982e-02,1.5605449664952040e-01,1.4079100087178600e-01
8.1501756597180813e-02,7.0661756695953870e-02,3.3304366859760565e-01,7.4825095442046255e-02,5.1286363505993519e-02,1.1046447900556426e-01,1.4407770788209340e-01,9.9080864343408501e-02
9.4425093738035801e-02,1.0632361626547637e-01,3.1263590028492322e-01,6.4729775658175531e-02,4.2499219197182657e-02,7.2429688254996100e-02,1.5729653244609382e-01,1.3654400349767157e-01
5.8434609599043300e-02,7.2796860001418259e-02,2.7662784183122596e-01,8.7073101759391036e-02,9.8244193634484764e-02,1.9244805744793431e-01,5.5115893126082560e-02,1.1699752306466933e-01
1.1365762694566285e-01,4.5047379705552698e-02,4.0855144157599105e-01,8.1418243671318682e-02,2.4885451786765177e-02,7.2883322636780545e-02,1.6840758822897817e-01,5.6410770976284844e-02
9.3544827616201934e-02,6.3665293044460350e-02,3.5822294196500665e-01,7.5455313072970251e-02,4.3445476964167271e-02,9.7660963433552780e-02,1.4950145976184673e-01,8.4904223013207353e-02
1.5919365855071965e-01,4.4077776382866633e-02,4.6813635406504628e-01,8.5654961203973382e-02,2.8498161374735844e-02,7.3432980831962688e-02,5.9418120325425275e-02,5.1171704495688974e-02
2.1245424340337701e-01,1.1833146377203242e-02,5.0269652527131881e-01,9.2491085808558207e-02,2.0736629592336759e-02,4.7300101483401857e-02,4.7412688457569414e-02,4.0592919860571328e-02
1.8984602210773394e-01,2.1208795183447558e-02,4.9763704115283480e-01,9.0757069468407614e-02,2.4547970003339678e-02,5.5486018300339460e-02,5.0394183817049951e-02,4.3333036921930967e-02
1.2307782482921056e-01,8.1792477167269659e-02,3.6183440201825828e-01,7.0061962173155190e-02,2.9345510539522487e-02,5.1196462156483886e-02,1.6596320769063677e-01,1.0300870571526138e-01
1.6591689917097127e-01,3.4261301693880357e-02,4.7037385208093657e-01,9.1664682212767815e-02,3.2082255814287690e-02,6.8336849286446372e-02,5.2885603245401411e-02,5.4094471322731708e-02
1.4684567161220888e-01,4.8560872030670256e-02,4.6405290909117342e-01,8.8115858265909022e-02,2.9596854908436814e-02,7.6615389485328894e-02,5.7205913717053490e-02,5.8099101397984403e-02
1.1246124787233586e-01,7.1096829691977545e-02,3.8001681984350416e-01,8.6350138336698148e-02,5.1257960297536480e-02,1.1078923552821721e-01,5.9066086133719921e-02,9.1169966218360890e-02
1.0221534282481480e-01,1.0263659085692560e-01,3.2724306986967111e-01,6.3286481903240280e-02,3.6926700860214830e-02,6.6269658257981257e-02,1.6108858735211612e-01,1.2691637386463356e-01
1.3851786040749192e-01,9.9273230229696086e-02,3.8508578332461491e-01,7.1713825558513591e-02,3.5006764262324366e-02,6.7062181684292982e-02,7.5735405240979062e-02,1.1039113130092726e-01
1.3672474012145128e-01,5.1082591924166337e-02,4.6646697507969953e-01,9.1974592967676710e-02,2.8836895824449097e-02,7.6982755238012054e-02,5.4571242431028608e-02,6.2327081244830759e-02
1.1199892626119498e-01,1.1328854266728257e-01,3.4303738073308254e-01,7.4393744382454885e-02,4.4183987750748159e-02,8.3626449824124510e-02,7.2323834737872766e-02,1.3901693620596461e-01
1.0307426709907308e-01,5.8806763758566159e-02,3.7137574078266311e-01,7.3616930130975922e-02,4.2593532500697695e-02,9.4518244916441951e-02,1.4822004793695562e-01,7.3536226241774888e-02
1.1535614025321947e-01,7.8741428418074785e-02,3.9930512420050712e-01,6.2336238002900925e-02,1.5878786543067593e-02,5.5190069230474217e-02,1.7944953585089379e-01,7.8742288449859824e-02
1.6572727971271645e-01,3.9135892207228747e-02,4.7630526079998170e-01,9.2724030561816245e-02,2.3924584705704778e-02,6.6818355047462405e-02,5.6512447269936511e-02,4.9908318596668333e-02
1.2837194333521146e-01,8.2530963415838779e-02,3.5796212723045628e-01,7.2368743297140645e-02,3.1713728784612087e-02,4.8123398941152827e-02,1.6559480673091156e-01,9.9301265377011658e-02
1.2113241949158494e-01,8.4976424846623586e-02,3.8175623810504961e-01,6.0039949890045886e-02,2.1170756319189042e-02,5.3023698022852152e-02,1.7324672053492268e-01,9.1175612392944444e-02
1.3050201894013888e-01,7.7730912001811009e-02,3.9709516766530012e-01,5.8969930862746697e-02,1.6992034354523969e-02,4.9336379426413515e-02,1.7733480672814922e-01,7.8733958317441899e-02
1.9647066322955437e-01,2.0225160687582847e-02,4.8050094587152198e-01,1.1735567394616594e-01,1.9968358944514292e-02,4.2707714638571551e-02,3.3190797782542532e-02,6.1025513806887768e-02
1.3379717116366316e-01,9.5314678761915517e-02,4.1756748512025094e-01,6.9729664512474476e-02,2.9009926704553747e-02,6.6567437385428099e-02,6.8106903248568745e-02,1.0243338083171949e-01
1.1360833500804358e-01,5.2955619736322082e-02,3.8849739685055795e-01,7.4316770325720552e-02,3.5707282956363509e-02,8.3927361232657441e-02,1.5445525823031850e-01,6.4238035983804870e-02
1.3802237839226528e-01,5.7211985511524753e-02,4.2981613947405689e-01,8.5025447610916655e-02,3.8838093833420059e-02,8.9478275779073024e-02,5.9835753911935421e-02,6.7386574592561060e-02
1.4224747045726244e-01,4.8545696291035841e-02,4.7011055080424735e-01,9.2072197703380820e-02,2.7583820022264692e-02,7.4626085703595593e-02,5.4948659924231820e-02,5.9286113936021921e-02
9.3329812353734609e-02,1.0557799552401229e-01,3.1504464959836481e-01,6.5426499609462938e-02,4.3530319905209565e-02,7.2690980722284526e-02,1.5593728854522620e-01,1.3563128319455731e-01
1.0644989806463993e-01,9.9707733498355225e-02,3.3779797418792079e-01,6.2465970518722977e-02,3.3508291411702140e-02,6.2897033609016689e-02,1.6345303247108792e-01,1.2023438729882442e-01
1.1296484801179761e-01,4.4897776851398119e-02,4.0892300641680485e-01,8.2008527327831912e-02,2.4527094721567565e-02,7.2673761442196366e-02,1.6898717717753708e-01,5.6343462061888561e-02
1.3504721155039470e-01,5.5845041219234628e-02,4.4457560160352466e-01,8.7319412638771868e-02,3.4876279783821067e-02,8.4955388073422872e-02,5.7129902638966577e-02,6.7556608669063739e-02
1.1733234829756564e-01,6.8502526044277118e-02,3.9069703117154903e-01,8.6153851256508387e-02,4.8574811727168078e-02,1.0614259061508786e-01,5.9083002368844895e-02,8.6396755698056049e-02
1.0528685626100073e-01,1.0087942572880121e-01,3.3298725362445158e-01,6.3264125219632761e-02,3.6041223644706077e-02,6.3966572713904699e-02,1.6120533331915568e-01,1.2307318503114323e-01
1.3363830803263593e-01,5.7384450939479338e-02,4.3797852825696004e-01,8.6796849108538354e-02,3.6564654360834212e-02,8.7315688889207016e-02,5.7551201249263537e-02,6.9504872554742664e-02
1.7396831972100271e-01,3.6380188654576075e-02,4.7873630731810890e-01,8.8540724101629678e-02,2.3927128995448185e-02,6.5986345323704343e-02,5.8829682230375976e-02,4.5200885987534814e-02
1.4627998434807454e-01,8.8039614921567269e-02,4.3612632025623127e-01,6.7858013579491977e-02,2.5008460663576589e-02,6.1110735959357697e-02,6.8581524696025381e-02,9.0017367631501449e-02
1.4577040135680561e-01,8.1378191790021481e-02,4.6419565487500741e-01,6.9268885999037952e-02,1.9831502759507180e-02,6.0799698974192747e-02,6.2986870637405268e-02,7.7268480061890285e-02
2.4724834119306230e-01,3.2502712997186385e-02,4.8420030741570425e-01,6.8841906158870772e-02,1.4211985097685636e-02,4.0547110777295968e-02,4.6851710453021646e-02,4.8403311854621690e-02
1.3497219593718729e-01,9.9918623227507414e-02,3.8904816233737494e-01,7.1059449143873951e-02,3.4289993977326648e-02,6.8545788974257990e-02,7.3032423807850577e-02,1.1184342546892351e-01
7.4220524288439643e-02,7.3778013461986119e-02,3.1706996781779478e-01,7.3537640368041099e-02,5.7988810197267385e-02,1.2149287335339266e-01,1.3917559044741501e-01,1.0643130216965598e-01
2.2988018468379340e-01,3.7479144639416768e-02,4.9683389656345778e-01,6.7672314768226396e-02,1.3438701556533513e-02,3.9794632336281256e-02,4.9185169615933430e-02,4.9581722089173316e-02
1.4318806827700983e-01,7.3535728075127760e-02,3.8241561306956812e-01,6.9096916421920243e-02,2.5224621395612074e-02,3.9988301259997423e-02,1.6855953446140740e-01,8.4841167412627455e-02
1.0637699968335142e-01,7.4050167329601707e-02,3.7559459162136755e-01,8.7173977556937732e-02,5.1903647994364303e-02,1.1256037883818017e-01,5.7340136598933923e-02,9.7493038246633634e-02
1.2355354049322716e-01,6.3995334980942745e-02,4.1438099456727118e-01,8.6658164862241593e-02,4.2441194549440189e-02,9.6618853577113153e-02,5.7669886492516594e-02,7.9592607248548899e-02
1.1965404676239015e-01,1.0868043041638673e-01,3.6034533883100989e-01,7.3258802912075580e-02,4.0476643856017444e-02,7.8100282647068156e-02,7.2336402134318328e-02,1.2926696600990564e-01
2.0469587520152194e-01,1.7003198372548461e-02,4.8317311549723940e-01,1.1114748477696473e-01,2.0198786351621190e-02,4.3398079542086521e-02,3.6063241773070159e-02,5.7226202404446376e-02
1.7876603915518446e-01,2.3315288053191208e-02,5.0212661675886205e-01,9.9481804675914345e-02,2.2177391162709083e-02,5.2635145217990190e-02,4.1854097048275349e-02,5.2826954732400316e-02
1.6241770688828641e-01,7.9856867369232198e-02,4.5247212891190275e-01,6.5473606309882859e-02,2.1242023134476179e-02,5.5332571584023771e-02,6.9830457106581451e-02,7.7112952254248746e-02
1.3186667047858325e-01,3.9121842687273894e-02,4.1711256206171854e-01,7.7127406478178340e-02,2.3676590421926748e-02,6.7999594471317371e-02,1.6850092974561323e-01,4.6356227732795408e-02
1.4765375784900753e-01,8.5884465473216917e-02,4.4405602650734005e-01,6.7623423349876338e-02,2.3504054119820518e-02,6.0389204592382104e-02,6.7596904013211889e-02,8.6210497791786980e-02
2.1525262520189176e-01,1.1170746192288548e-02,4.9908447691674473e-01,9.5290241395282041e-02,2.0333327658431110e-02,4.5862664466946451e-02,4.5165850366399966e-02,4.3437820999242663e-02
1.2118146271245429e-01,4.5484034384786695e-02,4.0641122698841731e-01,7.6935961215456150e-02,2.7643621651752773e-02,7.3916429200379427e-02,1.6378317063221356e-01,5.5120997542658243e-02
1.0244552822327270e-01,1.0210252913299432e-01,3.3003262834621117e-01,6.2878984041202415e-02,3.5436166365949394e-02,6.5741381286747697e-02,1.6238221127645164e-01,1.2541966377437830e-01
1.2652390557072626e-01,8.6073579053288343e-02,3.7718407572826762e-01,5.9659097872433210e-02,2.2994878301232431e-02,5.0539226486203806e-02,1.7084547248557896e-01,9.3166223625708686e-02
1.3595709724734331e-01,5.7388812246033635e-02,4.3332818301268183e-01,8.5785517569110903e-02,3.7810005378692398e-02,8.8518834078027617e-02,5.8716412544297249e-02,6.8679466337719958e-02
9.5102956283839413e-02,6.3046723073188496e-02,3.5934138222503520e-01,7.4994534054847864e-02,4.3690774247307787e-02,9.7648620104040476e-02,1.4897933060687990e-01,8.3400397126277698e-02
1.9564019201636795e-01,5.4358726358971446e-02,4.8847355446538421e-01,6.7655133586073127e-02,1.7152706468077712e-02,4.0490359476939290e-02,6.0478115458380131e-02,6.1526848476212176e-02
1.0207682149417660e-01,1.0004381534893986e-01,3.3969677456050190e-01,6.2412643741081658e-02,3.2028518530166798e-02,6.4473914091144988e-02,1.6507560989101164e-01,1.2034807007664894e-01
2.0901185524446542e-01,4.4165979180904945e-02,4.9968700224085072e-01,7.2183593514456898e-02,1.3805108651422751e-02,4.2459593941354665e-02,4.5658003947588073e-02,5.5127076891051237e-02
1.5217975263016334e-01,2.3817584778318926e-02,4.2997240736484432e-01,8.1966111179616122e-02,2.4792426910985130e-02,5.7485719839309661e-02,1.6245139071186501e-01,3.9813036918347977e-02
1.7767817488333701e-01,2.9457630735813568e-02,4.7732091255820364e-01,8.9961186045415073e-02,3.0262448854927002e-02,6.4253244388618277e-02,5.4796008256158275e-02,4.6459231329352826e-02
1.6400858425177722e-01,7.3669478975508212e-02,4.4454937427180530e-01,7.3964366996448899e-02,2.6245199644305758e-02,5.0913218969899046e-02,6.4348696570601355e-02,8.6424305223949574e-02
1.1514487437086192e-01,4.8903465428239867e-02,3.9953353725716167e-01,7.7086483428023378e-02,2.9818155428165440e-02,7.7392349026609686e-02,1.6160819546739019e-01,6.0373476501638920e-02
9.8566494819724168e-02,1.0424574698469212e-01,3.2327874915563171e-01,6.3173401542904267e-02,3.6919864849573755e-02,6.8420481989880155e-02,1.6169855962997462e-01,1.3003134051496240e-01
1.8721877871931711e-01,2.2858187784916946e-02,4.8471400912891521e-01,1.1858311390270194e-01,1.9780335557555387e-02,4.3413525299801518e-02,3.2128630098892032e-02,6.2157223682866455e-02
7.0173600509714343e-02,1.1613289630505430e-01,2.6462447175079179e-01,6.6883749295818723e-02,5.8551193388496445e-02,9.5654803420472903e-02,1.4834769529930494e-01,1.6814466066835740e-01
2.0148048354875203e-01,2.8684921241075009e-02,4.1400995173265603e-01,6.5364765537519506e-02,7.7430968364720883e-03,3.8992244729687049e-02,1.8714872417863881e-01,4.1993227726967591e-02
1.9767382605126374e-01,1.1129247107993494e-02,5.1495056992981170e-01,1.0307795511965953e-01,1.9872054027232872e-02,4.3989182276121523e-02,3.3404137506525482e-02,4.9321106427802477e-02
8.9891800110212361e-02,6.6561860558622746e-02,3.4637284951674546e-01,8.3842868033649667e-02,4.8511436731460134e-02,9.9033099943332398e-02,1.4517520055475638e-01,8.3551704685743217e-02
1.5746200073737993e-01,9.1341365627812601e-03,4.4465440503155884e-01,9.4558418137827005e-02,1.7607196389338785e-02,4.6924749532931687e-02,1.6257199679157783e-01,4.1593724284324216e-02
1.9375925833566723e-01,4.5207093981288908e-02,5.1819368227731810e-01,7.9080671081148912e-02,1.1985959162516803e-02,3.7793627269257266e-02,3.8094867792744784e-02,5.6573034391818385e-02
1.2403981134224448e-01,7.2521234288294711e-02,4.0797722736812131e-01,6.8450334654387504e-02,1.5515362143821664e-02,5.1022695761821606e-02,1.7450397927810482e-01,6.8226314676632274e-02
2.2394622426864388e-01,3.2414229827923018e-02,5.1437939597752635e-01,7.5960544804311428e-02,1.0952190213574638e-02,3.5251554821702551e-02,3.5972472452978188e-02,5.2821520816516934e-02
2.2385578608482432e-01,3.2728586477980534e-02,5.1312250255079683e-01,7.8348291352790020e-02,1.0397019468125372e-02,3.5220302981698128e-02,3.4316000700544538e-02,5.2670179840152015e-02
1.6522278609388230e-01,3.8100776296310701e-02,4.7207105864407761e-01,1.2029491950852621e-01,1.8375823523668237e-02,5.4574702577979334e-02,4.2399692740596996e-02,5.5449939390515367e-02
1.4693915799388316e-01,8.1068008148090009e-02,4.6219911894180438e-01,7.5231538460667532e-02,2.2259217434192943e-02,5.8261316754655242e-02,5.6786389431146778e-02,7.6517017270893037e-02
1.3221178053373284e-01,3.7986704142671926e-02,4.0281391542825762e-01,7.7497512599695562e-02,3.3687505717640225e-02,7.4445593985254424e-02,1.5610855960804504e-01,5.4713377085199716e-02
7.8556764934973169e-02,7.4145580935795236e-02,2.9558644985549892e-01,7.7117781477366698e-02,7.0006696931073989e-02,1.2881809066491914e-01,1.3233672001848160e-01,1.0296531839883369e-01
1.5545966057271945e-01,4.4751640575869188e-02,4.4139813019639729e-01,8.5293122866177226e-02,4.1060518653160273e-02,8.4179977147283605e-02,5.1633810671107720e-02,6.2696531158640642e-02
1.6236723229484720e-01,6.7281776792717810e-02,4.7079551525715924e-01,7.9280361808951053e-02,2.4477667593830892e-02,4.8738396488241999e-02,4.9674025671503128e-02,7.8606992677810919e-02
2.3303904845078105e-01,2.9899350978860671e-02,5.0559997782362465e-01,8.2103768021844964e-02,9.7841093257196327e-03,3.4970656790521332e-02,3.1392860534311222e-02,5.2230152072920623e-02
1.3641184614390917e-01,2.2790287620660619e-02,4.3191002752535484e-01,9.3356606854453350e-02,2.4667476887592712e-02,5.7058674567032681e-02,1.5646173316946529e-01,4.8789215639184015e-02
8.2617160695270087e-02,7.3164213091774774e-02,3.1064541398644130e-01,7.9872640553967741e-02,6.2116749943426121e-02,1.1744173023929382e-01,1.3701946750553221e-01,9.7662276017206395e-02
1.1251608359359704e-01,4.9669252024646733e-02,3.8645113259897662e-01,8.2035853106280171e-02,3.7100104818395450e-02,8.1748831221302970e-02,1.5316497199892645e-01,6.4239547701722272e-02
1.4427183181454692e-01,7.9041998077199457e-02,4.7814258638675083e-01,7.9151824045704422e-02,1.7808535504215846e-02,5.6802116668406524e-02,5.3426359534491520e-02,6.8792590501133552e-02
1.3345765480196431e-01,8.2306281329527359e-02,3.6137946391608583e-01,6.0729878077909139e-02,3.2924717398331395e-02,5.4839952500586486e-02,1.6219919601306226e-01,9.7610644021668053e-02
1.1038335795810864e-01,9.8800374954327419e-02,3.2225159891130145e-01,6.6001247947502950e-02,4.2233537560593434e-02,6.7464304705681225e-02,1.5712992489776501e-01,1.1905501100218120e-01
1.8188065795497918e-01,5.0727109483117781e-02,5.1692476431831613e-01,8.0974425351908061e-02,1.2673940290988278e-02,3.9280572766012795e-02,3.8648565898165420e-02,5.8894130629381147e-02
1.0433832987268964e-01,1.0297934111010865e-01,3.1223757262161633e-01,6.7411407024637451e-02,4.4399290658741812e-02,7.0897655100347970e-02,1.5611246090174838e-01,1.2437078480215666e-01
1.0678360996921527e-01,5.7333745436024403e-02,3.4703271835394384e-01,7.4909136276389385e-02,5.4646807737368616e-02,1.0268038624384504e-01,1.4050534343302898e-01,7.9604700811057236e-02
8.5971725276636810e-02,9.8184742079835893e-02,2.7183246787201104e-01,6.8408946069826837e-02,8.5539718611678195e-02,1.0429879794734208e-01,1.2129782793305099e-01,1.5689624387838302e-01
1.4701766073803230e-01,4.6943305690639564e-02,4.5609881676601943e-01,9.1237035080657447e-02,3.5528807090151784e-02,7.9341248327395655e-02,4.9360407293579350e-02,6.1136279994413456e-02
2.1720754483152749e-01,4.8484730158077423e-02,4.5666158498875692e-01,8.1531414491725768e-02,1.4482758766119057e-02,5.4077663755040237e-02,4.9099217302995997e-02,5.4010571702513221e-02
9.1702989397239129e-02,1.2921163876934294e-01,2.5153158831366873e-01,8.4945739677312990e-02,7.0497850884848265e-02,1.1125471536521360e-01,7.1429394866394491e-02,1.6632144046457439e-01
1.1565629877965895e-01,6.5767361455157256e-02,4.2326480917118425e-01,9.7193017343304003e-02,4.2762323933784971e-02,9.3116543927200313e-02,4.7751598042648363e-02,7.6698974389536143e-02
1.3917469922644610e-01,2.4727622648484378e-02,4.2044284367899226e-01,8.8831284621315759e-02,3.0124617275014538e-02,6.2169531363962610e-02,1.5368102150730981e-01,5.1669655418652378e-02
1.7081691367327670e-01,2.5626541276992768e-02,4.8939323351566844e-01,9.7162779276014244e-02,3.0768519316344348e-02,6.1588015803523764e-02,4.0095066155589845e-02,5.4549540613124621e-02
1.4267163170908703e-01,6.8031464580076376e-02,4.0206584096311099e-01,6.0774306234480664e-02,1.9656907095584614e-02,4.7822706652868786e-02,1.7180259920012000e-01,7.2599293747040564e-02
2.4255010945234287e-01,2.4639776835781810e-02,5.1064431499682128e-01,7.0311253118776076e-02,1.1844507424384273e-02,3.4336523723022143e-02,3.7789993340087064e-02,5.1866832456092971e-02
1.1851440357062337e-01,4.1832602824676705e-02,4.0756840572556868e-01,8.5575569838725066e-02,2.8618514303991413e-02,7.2125573767901838e-02,1.6050449356322716e-01,5.4214112117013824e-02
1.7062302832955253e-01,2.4344416247475093e-02,5.0051275668028461e-01,1.0028783202000800e-01,2.7005520038318565e-02,5.6989510442218984e-02,3.7568961179259064e-02,5.3096311156355491e-02
1.1504607900087206e-01,4.9212285111692150e-02,3.8365109486612992e-01,8.0246783068799205e-02,3.8826953041964256e-02,8.3056809198597190e-02,1.5181773007955904e-01,6.5002034803977440e-02
1.5531459125428651e-01,3.7103752637676415e-02,4.5442780087351548e-01,9.7036847307713378e-02,4.0093934320441463e-02,7.5175671215894191e-02,4.3441348576191779e-02,6.4043485163375130e-02
1.4421018353069656e-01,5.6057635173242491e-02,4.1185495865776650e-01,7.3619723493293404e-02,8.1577321772271904e-03,5.0449901716645457e-02,1.8546954511609851e-01,5.0097335707555854e-02
1.5607563716075545e-01,3.5054502682647461e-02,4.6846818578674271e-01,9.8553654254168260e-02,3.6173933011376384e-02,7.0325674372275992e-02,4.1502299980776626e-02,6.1323450762855461e-02
1.5768796194638790e-01,3.4195911977908902e-02,4.6936279728278063e-01,9.8131834326255857e-02,3.6018619022953897e-02,6.9886599879282432e-02,4.1610585978106220e-02,6.0782989771948223e-02
1.0477827625280228e-01,7.2187010178782943e-02,3.3742837068053289e-01,1.0439163736813892e-01,6.7495283749039944e-02,1.1940132226982986e-01,4.9283283917321397e-02,1.0169785758765897e-01
1.6976828327209870e-01,3.6474427122645736e-03,4.4582796743658987e-01,9.0080686780026342e-02,1.8149075120895565e-02,4.5841288971489265e-02,1.6325414663677099e-01,3.9388776006300891e-02
1.0862196341252778e-01,4.3091627429412006e-02,4.1433462925827996e-01,9.3878466917703740e-02,2.3182718945936941e-02,6.8460784505957592e-02,1.6538967813329042e-01,5.1501475048749239e-02
2.1112982760956783e-01,-1.3513500639469041e-02,4.1523501185068173e-01,9.9472643832386506e-02,1.2666515828015455e-02,3.5686095407431659e-02,1.7458139125330924e-01,4.3514919871995357e-02
1.0938034134485958e-01,9.4044616220535143e-02,3.5200934553980906e-01,6.7821324690526666e-02,3.2142095881411925e-02,6.1275053431569512e-02,1.6255709361665069e-01,1.0320110469680564e-01
1.7203887932683812e-01,6.9583500702407500e-02,4.6466756715287771e-01,6.7478498498425507e-02,2.2642669404961003e-02,5.3958717031550023e-02,5.9855631880224282e-02,7.2282611644198538e-02
1.3205564474664500e-01,3.4841572247224929e-02,4.1342464531164469e-01,8.1717529415093568e-02,2.7865810876313575e-02,6.9055739778926345e-02,1.6163755332140081e-01,4.9921706993802023e-02
1.7336823740106727e-01,1.1378539491849937e-03,4.4359850035932497e-01,9.4599258191946048e-02,1.5234652272203110e-02,4.2548275026549398e-02,1.6602776573926634e-01,3.9725235805435105e-02
2.3841242999333101e-01,-3.9534934176682574e-03,5.0273002164688696e-01,1.0211614789943498e-01,1.8185946625066396e-02,3.6055300133929033e-02,3.2165909332303150e-02,5.1094510341613351e-02
1.9788230264740594e-01,1.6398537423347570e-02,4.9761546256049605e-01,1.3623707251994954e-01,1.1388179228202093e-02,2.8568758444506931e-02,2.2316766156161912e-02,5.7485446959541879e-02
9.5734832739976211e-02,1.0754596325554353e-01,3.0930151134461120e-01,7.0053819416342034e-02,4.3415715374690349e-02,7.2798731690846122e-02,1.5665406367963480e-01,1.2604272554392015e-01
1.2990222125278097e-01,2.9867070820051012e-02,4.1401984268952902e-01,1.0097608782847020e-01,1.5946431935774556e-02,5.8760405695909165e-02,1.7689142104101124e-01,4.4113762591031169e-02
1.7311850460640749e-01,3.5449317008887822e-03,4.4494769785916222e-01,8.4861605066816073e-02,2.1360781664448193e-02,4.8305695005226836e-02,1.6112239535866910e-01,3.8801979870952498e-02
9.9021102047588683e-02,1.0654105755658534e-01,3.0445070322898976e-01,6.8719319490924233e-02,4.5866151131116660e-02,7.3658489063380836e-02,1.5546660400621548e-01,1.2847549448041298e-01
8.1423442489444636e-02,7.3916365429690906e-02,3.1595790000733076e-01,8.1934801751339867e-02,5.8810537416131008e-02,1.1344994441415465e-01,1.3906135071733897e-01,9.6247292536550358e-02
1.6070934935565803e-01,3.6973625442544636e-02,4.8276329085633191e-01,9.6165691422842800e-02,2.6149781976609700e-02,6.6551547898135971e-02,4.7707059281116244e-02,5.2174165039687394e-02
5.9337881052906674e-02,8.0302531778487465e-02,2.5716366396649293e-01,7.4680644531292931e-02,8.7343560031787726e-02,1.5748326575786689e-01,1.2257566619547729e-01,1.1868313150203756e-01
1.3488352516211305e-01,7.5342900462369869e-02,3.8792300934317409e-01,6.1930541974021605e-02,2.3790718045103618e-02,5.0737987630667621e-02,1.6837190587249293e-01,8.1945657071723993e-02
8.8514039951501214e-02,6.9059679036785157e-02,3.2983992560015218e-01,8.1241549924054426e-02,5.5056686714053636e-02,1.0722879675278854e-01,1.4109789210419582e-01,8.9853693249406091e-02
1.6373676376435678e-01,5.1804843390723665e-02,4.2047360282081164e-01,5.8017891890771528e-02,1.3106163514248436e-02,4.3966479021236106e-02,1.7931023248295164e-01,5.6121841109304987e-02
1.5695293082654069e-01,4.0631893662859242e-02,4.6887913643152795e-01,9.0734489220482092e-02,3.1970779187030549e-02,7.3749676747711282e-02,4.9410086475224851e-02,5.5963679278774950e-02
1.4332233516936838e-01,7.8083553473841383e-02,4.5691853841022795e-01,8.4381776162256783e-02,2.6955456613634236e-02,5.3780721645650773e-02,4.9228415151866586e-02,8.6476592082628381e-02
2.0872405006321426e-01,4.1594755127859193e-02,5.0000024267204668e-01,6.7471521538250270e-02,1.8795150129462479e-02,3.8286243805972286e-02,4.9564834291459137e-02,6.1487000347623624e-02
2.6498374247745937e-01,-8.0017565283997377e-03,4.5396098173886174e-01,1.3107447036850398e-01,1.4947025948759480e-02,2.6210155173984562e-02,2.7732293570045231e-02,6.2426230031958962e-02
1.7977313534041842e-01,1.7902080114398028e-03,3.9487314880693392e-01,1.2680849003293684e-01,8.4747469998324894e-03,3.3102468705448453e-02,1.7664411620023976e-01,5.0288172782184101e-02
1.1020778542057590e-01,8.4418568244463907e-02,3.8872410489263831e-01,7.0094291370663364e-02,2.1121949251869779e-02,5.5401164737089489e-02,1.6943667868421558e-01,8.2155435620693648e-02
9.3761457727269334e-02,6.5463795129233657e-02,3.3945727953631694e-01,8.0651081194271251e-02,5.2486555690104790e-02,1.0296834358696696e-01,1.4256088908844461e-01,8.5355237745976947e-02
6.8558223595649573e-02,7.8679147408585712e-02,2.7499150208759199e-01,7.6631369791649348e-02,7.7733471819958613e-02,1.4174139282211540e-01,1.2829042455128722e-01,1.1169029793262707e-01
1.9375444533005873e-01,1.3719216030274263e-02,5.0085477150615254e-01,9.2193293980930166e-02,2.8110259804248281e-02,5.5143035689515549e-02,4.0797238866786337e-02,4.8414682309781853e-02
1.0620250231083310e-01,5.1004861376652472e-02,3.2508266971761685e-01,8.4822127970768588e-02,6.5504881032500309e-02,1.0912846473036161e-01,1.3777994736046945e-01,8.1472368369919931e-02
1.0380928016807142e-01,5.4761546520024310e-02,3.7934244191513639e-01,8.4194638040942571e-02,3.8415549912275235e-02,8.4839277899185189e-02,1.5209747866407680e-01,6.8395260059536417e-02
1.8547522245009998e-01,-2.7839550633791165e-03,4.1965621164271122e-01,1.0813856161726686e-01,1.1177829097367276e-02,3.6505374068023101e-02,1.7243552177824806e-01,4.4907371597091086e-02
1.1208203719914067e-01,4.8374915188282748e-02,4.0082876567783760e-01,7.8857236019782673e-02,3.0224909640470803e-02,7.6828230451519569e-02,1.6025476358669752e-01,6.2043276198257370e-02
8.5751265050654238e-02,6.6536204621805276e-02,3.4290573820596781e-01,7.5140826854004417e-02,5.0844937459561021e-02,1.0714160896864910e-01,1.4255644780790280e-01,9.3547325049203156e-02
1.8203488238821475e-01,6.7038703354691365e-02,4.7307272563466796e-01,6.4021895346476287e-02,1.6882670238274243e-02,4.9213423040361776e-02,6.9715398354042932e-02,6.1913079198301850e-02
9.2570771081078529e-02,1.0616248027075906e-01,3.0955651654518068e-01,6.5281129760298359e-02,4.3469521986521278e-02,7.3111684685439715e-02,1.5612669281991604e-01,1.3994529634938049e-01
1.0673506856969892e-01,4.7753687003782033e-02,4.0630786446558159e-01,8.2783628802313547e-02,2.6871529957169495e-02,7.3976025017021135e-02,1.6479153576562597e-01,6.1377651228810517e-02
8.0823072945137395e-02,1.1140614389866640e-01,2.8554291062256087e-01,6.6476730268852410e-02,5.1575239142646827e-02,8.4010506584596203e-02,1.5153450040358662e-01,1.5544279722620508e-01
1.3790858149707705e-01,4.3719879530638245e-02,4.6432022515936139e-01,9.7631397033597619e-02,3.4784729762412557e-02,7.3508248900564815e-02,4.6108524804395506e-02,7.0715001663482255e-02
7.9304675356414819e-02,6.3460532005805328e-02,3.4567980729763131e-01,7.2990181232331558e-02,5.7749444693721168e-02,1.1946414787288065e-01,1.3468865383544393e-01,8.8536969989990083e-02
1.2919186805315291e-01,7.6561014252891718e-02,3.9966017081347743e-01,6.0441431050203769e-02,1.7161063710827189e-02,4.8174562363063542e-02,1.7599596862815900e-01,7.9154258996356752e-02
1.4649919577234061e-01,6.0195418739628574e-02,4.1457474986603676e-01,6.6349691625978258e-02,1.6986289336016487e-02,3.8182008285194517e-02,1.7138998688781637e-01,7.3131888829882141e-02
2.1812014736071733e-01,4.1478115101997406e-02,4.8314760683571262e-01,8.6795295962225627e-02,1.3865740330122694e-02,4.2117423873844012e-02,3.5649457822358462e-02,5.5199209340990561e-02
1.0222369864494078e-01,5.4564741056610959e-02,3.8723968753793969e-01,7.8929633944309602e-02,3.4367661041677204e-02,8.3040236160768596e-02,1.5650725807997987e-01,7.1703886073874387e-02
1.0041126484359010e-01,5.1084804448575966e-02,4.0128856078659192e-01,8.3254709161522000e-02,2.8427855431535132e-02,7.6520268992397403e-02,1.6317384886351449e-01,6.6069465118309773e-02
1.0364624524169630e-01,5.4981022334400394e-02,3.8372380490596314e-01,7.7636373041038695e-02,3.6193220428884176e-02,8.5014619255815937e-02,1.5442685030986772e-01,7.2270906018921818e-02
9.3428022289177681e-02,1.2167376285631874e-01,2.8401855057660447e-01,7.9782128947653200e-02,5.9204689317881011e-02,1.0131879041943145e-01,7.6607365682345122e-02,1.6552877115603010e-01
2.0322485275873622e-01,4.4945603057426009e-02,5.0392528208343346e-01,7.6149094397520239e-02,1.3168888941200458e-02,4.0748648149059027e-02,4.3021280036954955e-02,5.6081291657067198e-02
1.8190610614621608e-01,6.5672088546235366e-02,4.5905833979076138e-01,8.0052719946702738e-02,1.6600047939540598e-02,5.8989712459925951e-02,5.5995423750483629e-02,5.7509775436783435e-02
1.0210526281863505e-01,9.5212802125437965e-02,3.1789532510667284e-01,7.5023195518865382e-02,4.1186472155709947e-02,6.4142926069711725e-02,1.5997238833395377e-01,1.2943089340409494e-01
8.4861297700045496e-02,1.0917813455014888e-01,2.9501943948987036e-01,6.6268052296932708e-02,4.8945937332087110e-02,8.0115109640540985e-02,1.5276795211358030e-01,1.4945551774761548e-01
1.2650328999088931e-01,4.2830195151316530e-02,4.0974907355139134e-01,7.5065258504440804e-02,3.0348728629199170e-02,7.4510203112036488e-02,1.5781106544900353e-01,5.1484263929590927e-02
7.3882487703255270e-02,7.1354874276545369e-02,3.2023035577694503e-01,7.3767305860758692e-02,5.9908443376022767e-02,1.2241812657072158e-01,1.3620580865660956e-01,1.0513044693994010e-01
8.8837901653622070e-02,6.5008748938489361e-02,3.5243064858871992e-01,7.6486914825590294e-02,4.6207908385315390e-02,1.0005928447020149e-01,1.4652526459824450e-01,9.0183028230076942e-02
4.9108729012588476e-02,6.7735197289890470e-02,2.9717957000488970e-01,6.8095939485227810e-02,8.6027670307685530e-02,1.6652794081013758e-01,1.1011729041823584e-01,1.1748737916003126e-01
1.5095829108187686e-01,7.5691958192996414e-02,4.7821376891597056e-01,7.4654651263925273e-02,1.6654529118249179e-02,5.7929140075574176e-02,5.7898855983970099e-02,6.7301585782521087e-02
1.4498455381373210e-01,8.8371284242595605e-02,4.3193611096636564e-01,6.9462489947005657e-02,2.6425769793195233e-02,6.0191434452837832e-02,6.8333201710256974e-02,9.3092949696888597e-02
1.7695217766293039e-01,2.6527811666277358e-02,4.8201307660924120e-01,9.1543810279296242e-02,2.9758781083384738e-02,6.3291737714694263e-02,5.3175247347540956e-02,4.6488740126757300e-02
9.7989359439129731e-02,1.0338379771384955e-01,3.2232585461306723e-01,6.4365358896358596e-02,3.8845580472967205e-02,6.8027017110084395e-02,1.5914368425950498e-01,1.3199040219342190e-01
1.5017269820657697e-01,7.8713051012164942e-02,4.6940781251787450e-01,7.0058556268940114e-02,1.9043174542954573e-02,5.7193282183175015e-02,6.2622600746916904e-02,7.4591091607959972e-02
1.1797917208956031e-01,8.0360509415494108e-02,3.9594854839851507e-01,6.2256857063268597e-02,1.7966188305792902e-02,5.1852980572377826e-02,1.7558730016659793e-01,8.3825104473613452e-02
1.2267739432503766e-01,8.2466341296708323e-02,3.5412555718742778e-01,7.2845180941814899e-02,3.2858796827648029e-02,5.1164824856517535e-02,1.6364885062062828e-01,1.0556574904600802e-01
1.1996797544170973e-01,1.0759110295988204e-01,3.5767094947457390e-01,7.4738073555033605e-02,4.1983088649846005e-02,7.7234366940217861e-02,7.2236701357578523e-02,1.3038182940191756e-01
1.4164760846326754e-01,6.7460500386889208e-02,4.1353930211638962e-01,5.9342287368404849e-02,1.2814854128069124e-02,4.5121320662134090e-02,1.8126871655599888e-01,6.5223462153472272e-02
6.7180939956735519e-02,4.9412808600124578e-02,3.7482662086505064e-01,6.9948698451563762e-02,8.1172171831658965e-02,1.4965500567063339e-01,9.2163708726123159e-02,7.8366489606736256e-02
9.6594158866488672e-02,1.0166249487730318e-01,3.2343802445848552e-01,6.5826998855154223e-02,4.2124985922954029e-02,6.9492009824860132e-02,1.5558110899482461e-01,1.3154954031281588e-01
1.2851063879027658e-01,8.1659137395154485e-02,3.8609195214822234e-01,6.0441717800154733e-02,2.1453151393402359e-02,4.8448626260469072e-02,1.7114052811456423e-01,8.8763111452432666e-02
1.5087323581491199e-01,4.7768163869047968e-02,4.5060494367618731e-01,8.5196644469256705e-02,3.4465632997704707e-02,8.1142108600645454e-02,5.9901535287961077e-02,5.6262568184072291e-02
1.1278366771636350e-01,6.9132988325286734e-02,3.8783364802855363e-01,8.7646627029613622e-02,5.0138505529367869e-02,1.0720087092615839e-01,5.6937009429415771e-02,9.0741925157624539e-02
1.2891195216707566e-01,5.8874064228013542e-02,4.0728308582265949e-01,8.5921925128074367e-02,4.6786259314984674e-02,1.0131401428586979e-01,6.1346547106157188e-02,7.0800953956312418e-02
1.5306836260093287e-01,4.5040222163621663e-02,4.6478883181292707e-01,8.6984889039508573e-02,3.0319235697475869e-02,7.5520340002026246e-02,5.8148029290931443e-02,5.4452176489086991e-02
1.3865610197230743e-01,7.0143400764872382e-02,4.0992901814452976e-01,5.9444701099319382e-02,1.4110472226485161e-02,4.5486549055516759e-02,1.7942307576518718e-01,6.9296352790829935e-02
9.9768297313327259e-02,5.8450811986290631e-02,3.6907898402121453e-01,7.5249238546794092e-02,4.3233951940236666e-02,9.4666219170363927e-02,1.4739801345956113e-01,7.7630117795581474e-02
2.5119883718895436e-01,4.6004831472856670e-03,4.4302832993439512e-01,1.2005286635088487e-01,2.1151822640767180e-02,3.6602013910214920e-02,3.7277730360923592e-02,5.9595742922677039e-02
1.3291443781011561e-01,5.7326805283950420e-02,4.2907727953200275e-01,8.6898320608130145e-02,3.9815132985785096e-02,9.0277479832507349e-02,5.7701577153844982e-02,7.1042847889590352e-02
1.2419068766992067e-01,4.0391343412672032e-02,4.1552675170406073e-01,7.9461346959378690e-02,2.4920660705539562e-02,6.9419933189008839e-02,1.6616052389047756e-01,5.0889178068762968e-02
1.5285945055210651e-01,7.3919163906453270e-02,4.5737621661842148e-01,7.6033464087085265e-02,2.5208721466226033e-02,5.1473250646753753e-02,5.7758355175272960e-02,8.8892341907296821e-02
5.9872452583247825e-02,6.0853131946175872e-02,3.4326368885175834e-01,7.0826982349692758e-02,7.1188266133837594e-02,1.4375716974374247e-01,1.1996347883872018e-01,9.1104604090710140e-02
1.0260851940443742e-01,1.1594286807894498e-01,3.0704381052088259e-01,7.9178787783012239e-02,5.4107611730964289e-02,9.3129108996163376e-02,7.7285764100854679e-02,1.5212302438732625e-01
6.9927181243432529e-02,7.1874499671221975e-02,3.1493403027186290e-01,7.3102532580673146e-02,6.3167030075558711e-02,1.2820769186194250e-01,1.3367679395605142e-01,1.0747764431199951e-01
1.1811975610547924e-01,6.4659424042724969e-02,3.8812500527293115e-01,8.6593837740859908e-02,5.1494858479819064e-02,1.0949955399143582e-01,6.0421293145389729e-02,8.1592267955278547e-02
1.1270957547696173e-01,6.8149850192067846e-02,4.0480349190493081e-01,8.8931967093326555e-02,4.5604562692043694e-02,1.0034798408777440e-01,5.4819815091954278e-02,8.8831827770025087e-02
1.1731971487952574e-01,1.0867678428179790e-01,3.6011074481545891e-01,7.4485142190504866e-02,4.1512933628812816e-02,7.7686702210408090e-02,7.0519698710371170e-02,1.3153536307776190e-01
9.4465166058447236e-02,6.1525770671715260e-02,3.6318358690555463e-01,7.6554576947486394e-02,4.3114238414724615e-02,9.5141788351734147e-02,1.4861911644252487e-01,8.3624802926789338e-02
1.5472577974105425e-01,3.2832527149118572e-02,4.9462647186149544e-01,9.8893680476433321e-02,2.6867655096312944e-02,6.0623101611656273e-02,4.3215475738430334e-02,5.9510815381360001e-02
1.6697393590425832e-01,7.0128069557821845e-02,4.7783351361858367e-01,6.9580347343981289e-02,1.6289338612200353e-02,5.4961190241476027e-02,6.2173971172270033e-02,6.3370300892590312e-02
1.3026645766309944e-01,8.0391568953009668e-02,3.8896576607556871e-01,6.0206330316605348e-02,2.0671409395433216e-02,4.7665737187093195e-02,1.7181218733667722e-01,8.6575480482183387e-02
1.1308786401241815e-01,5.0482127589441587e-02,3.9108574946991126e-01,7.4372868713776893e-02,3.8206333737754582e-02,8.6123697322193146e-02,1.4993781848647558e-01,6.2425442210818562e-02
1.1142653919927271e-01,9.4922628743324244e-02,3.4820728641678522e-01,6.3327827557211197e-02,3.2768270357413309e-02,5.8682514655824115e-02,1.6212282658067165e-01,1.1464541920787123e-01
1.4109608511112334e-01,6.8966878099403717e-02,4.1144628931381477e-01,5.9104386574390377e-02,1.3685571645791894e-02,4.4761103917502050e-02,1.7985897982100446e-01,6.7658655560017281e-02
8.7763736729569469e-02,1.0911180302709303e-01,2.9859984247716342e-01,6.5583734015803807e-02,4.6267878512327623e-02,7.7255726263295452e-02,1.5482581504072598e-01,1.4692147370720951e-01
1.4546171938563979e-01,4.6784121028541369e-02,4.7077720064616158e-01,9.0995408589229929e-02,2.8387208174572742e-02,7.3651472484117492e-02,5.5350844257568643e-02,5.7761172515960246e-02
6.8194723215508651e-02,7.2173501087758427e-02,3.1248658871170171e-01,7.2855168185654656e-02,6.4509007189735290e-02,1.3060568021441851e-01,1.3268566705816240e-01,1.0869524353535283e-01
1.6857521494581365e-01,6.9709792145422070e-02,4.7763328923139925e-01,6.8787693320645216e-02,1.6328535593018410e-02,5.4448586797750935e-02,6.2953585512897564e-02,6.3234159166423720e-02
1.2546005190133713e-01,8.6239657372863876e-02,3.7296787287964395e-01,6.1732616496454333e-02,2.6323543537103592e-02,4.9962141926460382e-02,1.6607386874053068e-01,9.7527777988905232e-02
1.1927397398172650e-01,4.7175817785372276e-02,3.9973175700342839e-01,7.4481489587935962e-02,3.4901631832377884e-02,8.0980920866744882e-02,1.5289487466115570e-01,5.7202880861420488e-02
1.0950667643323023e-01,1.1409444682538616e-01,3.3036503973641362e-01,7.6492818284715935e-02,4.8018954801223743e-02,8.5563875784562607e-02,7.2997465271097670e-02,1.4453787525514797e-01
1.0619609492789750e-01,4.9352553307262681e-02,3.6475782224651221e-01,8.6099833947042584e-02,4.6058784975830463e-02,8.9574672511367692e-02,1.4742401548964140e-01,7.5403055420240769e-02
1.0512052545548725e-01,5.5371413341541401e-02,3.7831260389669930e-01,7.5328931396609594e-02,4.0298436121209889e-02,8.9992163121658517e-02,1.4957562947364933e-01,7.2052651945502158e-02
1.0573153309671107e-01,9.0570701366637446e-02,3.2692593299972939e-01,7.8860556274365542e-02,4.2855754987796986e-02,6.1708809635177025e-02,1.5998601652413158e-01,1.1736613452148328e-01
1.9755124003203597e-01,1.6902464858605717e-02,4.9722320399588871e-01,1.0785426869847289e-01,1.9579617846941073e-02,4.3259895099190183e-02,3.7454837131095368e-02,5.3731529397170158e-02
2.5530375921649134e-01,2.3243042386805182e-03,4.4923734199114546e-01,1.1380294493057079e-01,2.1120201293426680e-02,3.7452815092249715e-02,3.8987060704606911e-02,5.6448666758592683e-02
1.1004097594449407e-01,9.1973096653114650e-02,3.6388255623107729e-01,6.2519331751969692e-02,2.6773016831398350e-02,5.7003563167587958e-02,1.6759144299423648e-01,1.0628197816903746e-01
8.6887118819298323e-02,6.5925227604023917e-02,3.5190191530178205e-01,7.7184592442222505e-02,4.5636037706337340e-02,9.9490889581409919e-02,1.4732513131745326e-01,9.1760610445080895e-02
2.2979736003364298e-01,1.0465356424097079e-02,4.3729275695583808e-01,1.4360465062775790e-01,1.8882218354019722e-02,3.2669200668824172e-02,3.4054181353395135e-02,6.2271155093476367e-02
1.4059527858394144e-01,4.8178764569101758e-02,4.7294142615973567e-01,9.3496563362524765e-02,2.7636618953937375e-02,7.2955184675683488e-02,5.3862999376948634e-02,5.9607303344066227e-02
1.8484841936571383e-01,3.2521355859487205e-02,4.1898535178573859e-01,7.1109537537769649e-02,7.3484059727138328e-03,3.9064198493439492e-02,1.8427461581217519e-01,4.5699927017846129e-02
1.3201442468995161e-01,5.5518317225268024e-02,4.4698886539293847e-01,8.9173393159969180e-02,3.5089156191588755e-02,8.3871534841078399e-02,5.5425724053369055e-02,6.8959451343959963e-02
1.3656803958765398e-01,9.6926185706550025e-02,3.9566183769104435e-01,7.1901734876392481e-02,3.3735038176682539e-02,6.6290891161969387e-02,7.1739968285335493e-02,1.0951261135202232e-01
1.0854479183045367e-01,4.2678261338487816e-02,4.1461801583149149e-01,8.8999181076711065e-02,2.1339701458067403e-02,6.7936221618977014e-02,1.7291927825576103e-01,5.4656841905400620e-02
1.5342834880831224e-01,8.0711107996535858e-02,4.5603873377673421e-01,6.8225103253754776e-02,2.1508987162632699e-02,5.6548696812835780e-02,6.6441864458412631e-02,7.9947232615549840e-02
1.1874576256697816e-01,8.4842409474205266e-02,3.8217833862867540e-01,6.1540609478122558e-02,2.1972962074774328e-02,5.2318833546575440e-02,1.7141880384379798e-01,9.3180892034737284e-02
1.9051091069477244e-01,4.9642230621178972e-02,5.0740536810161396e-01,7.4231131683236876e-02,1.3840305465213532e-02,4.1261842383440647e-02,4.6343063671020659e-02,5.9354442017945194e-02
1.7747458054973769e-01,6.7856323691011050e-02,4.5447532654552120e-01,8.4347920686711722e-02,1.7011056004131685e-02,6.0222785318154767e-02,5.4057329841835360e-02,5.8557858927165023e-02
1.4818968815979888e-01,4.5289405033148059e-02,4.7352772135696852e-01,9.1369923987839469e-02,2.7449973944589142e-02,7.2144168758685082e-02,5.5396028267307870e-02,5.6111647153103912e-02
1.4288518386974888e-01,4.9280956325499996e-02,4.6159218066141477e-01,8.9044305908625040e-02,3.1154489180928821e-02,7.7592480503464914e-02,5.6188284414992580e-02,6.0499296071979375e-02
1.1852080171000541e-01,8.3210937344868799e-02,3.8746467110044108e-01,6.1690786498000486e-02,2.0442864460011364e-02,5.2057044558662981e-02,1.7294849614391367e-01,8.9755163060864715e-02
1.7707026416331051e-01,3.3152064563759742e-02,4.7950407560675490e-01,9.3685008452306012e-02,2.2569149225426102e-02,6.2779996716834999e-02,5.6889527406282378e-02,4.5834336321284135e-02
1.2653758909864346e-01,7.2334557597062366e-02,4.0928808450118426e-01,6.2352159200535079e-02,1.3707413461122024e-02,4.9779021906272855e-02,1.8080997684616437e-01,7.0592944692244183e-02
1.9127176317574821e-01,5.0265963391122818e-02,5.0448834025831202e-01,7.1592831695891493e-02,1.4673030362790346e-02,4.0853007765889501e-02,5.0842771204657446e-02,5.9936658726004302e-02
1.8556178872890722e-01,5.1296540849002391e-02,5.0828586867884396e-01,7.6196173597366246e-02,1.3767799152734342e-02,4.1841152158473241e-02,4.4231802871017967e-02,6.0613300913172151e-02
2.3242203172792503e-01,3.6943061394646447e-02,4.6399054118121891e-01,9.4539317822101024e-02,1.4778303836346460e-02,4.3805567712473480e-02,3.4139839406992382e-02,5.2676896770992548e-02
1.0709220441454526e-01,4.7300089300656573e-02,4.0727157776021994e-01,8.3056711561288452e-02,2.6447781494947295e-02,7.3474985020261549e-02,1.6532023529960910e-01,6.0738398724264078e-02
6.7697143168415505e-02,1.1283708472248456e-01,2.6761447000927457e-01,6.8088169384006025e-02,6.2007038717342304e-02,9.7583740376683867e-02,1.4381649625371415e-01,1.6915978493082851e-01
1.1686385471044219e-01,6.4712083921563787e-02,4.2110238926318783e-01,8.9519183211807046e-02,4.1595620650735084e-02,9.4245151231533722e-02,5.4356171908611382e-02,8.2942272764803371e-02
7.5864444596834807e-02,6.1881416985294348e-02,3.4978249225524816e-01,7.2568600064197700e-02,5.9761160422898099e-02,1.2350927743075392e-01,1.3192086851552381e-01,8.5982323310430819e-02
1.2627947298581504e-01,7.5209336445442199e-02,4.0403681397044489e-01,6.1386702047529398e-02,1.5633423312095239e-02,4.9334601393229052e-02,1.7808674675303257e-01,7.5953228077472679e-02
1.3216791273018896e-01,7.1530875834819124e-02,4.0907609555039098e-01,6.0818745173732425e-02,1.4059510750229919e-02,4.7839608546009944e-02,1.7998811675054149e-01,7.0513976027221204e-02
1.0303535661469329e-01,5.3074629391858717e-02,3.9223134146263849e-01,7.9813944751996435e-02,3.2449122872074618e-02,8.0686331287482552e-02,1.5849479507990838e-01,6.9341074757708301e-02
1.9300904151866333e-01,5.0536123346058608e-02,5.0108470728908439e-01,7.0258506071973120e-02,1.5313814631706698e-02,4.0364896491081513e-02,5.3933035492798855e-02,6.0104860441040325e-02
9.4139697926731769e-02,6.0934966490409262e-02,3.5954945496827373e-01,7.4539295886495702e-02,4.7641874485764124e-02,1.0168112805207488e-01,1.4360555478667764e-01,8.2172496755084229e-02
1.2422526943421335e-01,7.8216224799648099e-02,3.9796698206946679e-01,6.1228401852051542e-02,1.7508630415681313e-02,4.9863672898601441e-02,1.7586618946177685e-01,8.1221272132640465e-02
9.8419327431744336e-02,5.8202423293132736e-02,3.7558664426715577e-01,7.7751871339666559e-02,3.8499376898636833e-02,8.8615157712400583e-02,1.5265998365367442e-01,7.7739590904758418e-02
2.0270907981779529e-01,4.5382400172470361e-02,5.0609553552925790e-01,7.0677102271423264e-02,1.3663767712482221e-02,3.9581110810342879e-02,5.0197388093480205e-02,5.5631350863528224e-02
2.5031991486957439e-01,2.9953897043560943e-02,4.8056660427914188e-01,7.2929673552110552e-02,1.4089446519673338e-02,4.0176879482865892e-02,4.4465069498161321e-02,4.8981253549733969e-02
1.4322607752965749e-01,8.9540327893189900e-02,4.2879802860466243e-01,6.9740302626189826e-02,2.7099410549078079e-02,6.0963094443514138e-02,6.8332430324159463e-02,9.5042364479726221e-02
1.6806181171311999e-01,7.1861674613727736e-02,4.7200272810553529e-01,6.6706607782124866e-02,1.7719530673941448e-02,5.3210094076138241e-02,6.6085905298600922e-02,6.7262462701582912e-02
1.5140081224729887e-01,8.8168897875862767e-02,4.1923930957051331e-01,6.9730885358532682e-02,2.8513621763458029e-02,5.8798569580955945e-02,7.2749916898655703e-02,9.4208474930639122e-02
1.3111142576117826e-01,7.7573085491952187e-02,3.9626856040524239e-01,6.0033866690083690e-02,1.8343716624088277e-02,4.7376448463415897e-02,1.7442384570644720e-01,8.1397159928577573e-02
1.1052223858633704e-01,8.6009041490058058e-02,3.8464664995050635e-01,6.2886999895601731e-02,2.1056858722182704e-02,5.4700993510726291e-02,1.7261245357533211e-01,9.3297943243484741e-02
1.1041459221319772e-01,5.2147106056283657e-02,3.8783613310704163e-01,7.5765523980756713e-02,3.6701162018960266e-02,8.4611890191713945e-02,1.5278169679038181e-01,6.6794288967202256e-02
1.4372554947345728e-01,2.0015651469520574e-02,4.3768079051309611e-01,8.8537351279827425e-02,2.0497467157651834e-02,5.3755076359378970e-02,1.6521357263698008e-01,4.4686251840129858e-02
1.0525289877227571e-01,9.7406527753621477e-02,3.3890961389411800e-01,6.4883371591794900e-02,3.7302214390456473e-02,6.2817580585794980e-02,1.5836688727257422e-01,1.2115222198157440e-01
1.3812805835529687e-01,3.0151021174685037e-02,4.1500593381485329e-01,8.3863756153106539e-02,3.1234498603601685e-02,6.6175696678150056e-02,1.5619252979759218e-01,4.8223677244451736e-02
1.0758729385127111e-01,9.4824333205273559e-02,3.5460179448848472e-01,6.2836049436401240e-02,2.9297890606659285e-02,5.9037337191071564e-02,1.6567823763400788e-01,1.1219293769142318e-01
1.3367065189848826e-01,9.5764371094970727e-02,4.1173545226266794e-01,7.1216043873186224e-02,3.0772187786586094e-02,6.5479280387055916e-02,6.8135271598559297e-02,1.0566385543033867e-01
1.5731847803144744e-01,2.2453908004652925e-02,3.9965436947514599e-01,9.2642349562985088e-02,1.5898534795584705e-02,5.8092921184550568e-02,1.8971857594071720e-01,3.8073270442099329e-02
1.9219073872734074e-01,1.7607815224467922e-02,5.0207089643936109e-01,9.2035242700488878e-02,2.3830260772386237e-02,5.3744518745654023e-02,4.9644469211335342e-02,4.1790775786057957e-02
1.4972183899271110e-01,6.0407527334851219e-02,4.1821104415020616e-01,5.9892560824954963e-02,9.9769183571129377e-03,4.5630999086563338e-02,1.8673659848591573e-01,5.5247020797498970e-02
1.5133374728465443e-01,8.5463472014810193e-02,4.3590976183234698e-01,6.8654546264184851e-02,2.5363802942318821e-02,5.7961437338700801e-02,6.9487967507191939e-02,8.8836959094748716e-02
2.6391501080415181e-01,8.8852901824341621e-04,4.1542325851554029e-01,1.3418263541647213e-01,2.1686487706736143e-02,3.5020322626418798e-02,3.8620145363939873e-02,6.2085913424096612e-02
1.1376249562020709e-01,8.6735068714210967e-02,3.4571555116216157e-01,7.2842731700062363e-02,3.4263460653212459e-02,5.5536561005192622e-02,1.6257254876470376e-01,1.1405600261603679e-01
2.3445032561213358e-01,2.3012200085491399e-02,4.5928180308523631e-01,1.1938308833028349e-01,1.1462846676617238e-02,4.9065046871649989e-02,3.9327415960709385e-02,3.0150260493847787e-02
1.3337334249171748e-01,9.2741913406559837e-02,4.3005524336685674e-01,7.0953775435270594e-02,2.7364680091779944e-02,6.3637633790484233e-02,6.5572050424782882e-02,9.8644764344698904e-02
2.0785651144458153e-01,4.8524613660653193e-02,5.1299750724307025e-01,7.1947704636043455e-02,1.5159841185580576e-02,3.1034786633368065e-02,4.2115487828253424e-02,5.3904170562976236e-02
1.1138377151663544e-01,5.4460544083008385e-02,3.3786444106354396e-01,7.9044985727608069e-02,5.8685713519266242e-02,1.0180936912559443e-01,1.3314487545158862e-01,8.6042700438234754e-02
8.7755307764767684e-02,6.3940564141059530e-02,2.8589488016657183e-01,8.2030115977304210e-02,6.4964661381545205e-02,1.2584961668959682e-01,1.3184688687878490e-01,1.1642580265125263e-01
1.9029569421432149e-01,2.2359110731162004e-02,5.0939248486102029e-01,9.8803912438030855e-02,2.4222971842418943e-02,4.4158164084214205e-02,3.6225595233987440e-02,4.7115238285799395e-02
7.2796529833597579e-02,6.3219418829512042e-02,2.5429356706944650e-01,7.9904540840745136e-02,8.2476582500164763e-02,1.5451110070602964e-01,1.1983191313116107e-01,1.3033745005903802e-01
1.2202725387317769e-01,4.3560728210744741e-02,3.9899539457154048e-01,8.5901019067420731e-02,2.7741750829051053e-02,6.9279236571832339e-02,1.5884821066087582e-01,6.1508605409255498e-02
1.3257573270558951e-01,4.2258669444905909e-02,3.9783363116129800e-01,8.1468678970231634e-02,3.3697972957572847e-02,6.8982783549024887e-02,1.5356351889209580e-01,5.8289629337215688e-02
1.0898131039601766e-01,4.8450451863966126e-02,3.8688415865528825e-01,8.8528778007638781e-02,2.7394082610048054e-02,7.5419201129113711e-02,1.5853647195838974e-01,7.1531358595530739e-02
7.4075935215448446e-02,6.4587640328514009e-02,2.5487598663520250e-01,8.0552824212672097e-02,7.9290710820187668e-02,1.5055920231960193e-01,1.2266764395090184e-01,1.3063785950287446e-01
1.3846270359194110e-01,5.0239470898545940e-02,4.6622613146932201e-01,9.9436738018616244e-02,2.5215966435345124e-02,7.0721401935554068e-02,4.9557406106379466e-02,6.5279848571376947e-02
2.1644290636722485e-01,1.5801509485945161e-02,5.1068761069341573e-01,1.0193842243089110e-01,2.1504226915151647e-02,3.3243174803569031e-02,3.1381141321971499e-02,4.4114314386699639e-02
1.2640972258672656e-01,8.8351717044171732e-02,3.3748801172837517e-01,6.8232210903022325e-02,3.3865012762109473e-02,5.5033603816611452e-02,1.5898748863351533e-01,1.1529021545279183e-01
1.4452450081239271e-01,2.6742589117148684e-02,4.1749288133279738e-01,9.0170521518977725e-02,2.9565198802696382e-02,5.6143177408300715e-02,1.5257610687973930e-01,5.3295593066222779e-02
1.7451026382631710e-01,6.1382498158364648e-02,4.8919303487016341e-01,7.8194084228078664e-02,1.6219341402198724e-02,3.9569061329936768e-02,4.8537625611044570e-02,7.3340951180719802e-02
1.1996693391206432e-01,9.1936771054350747e-02,3.2200926515909867e-01,6.9795363570484228e-02,3.6376740968251255e-02,6.0086848478920651e-02,1.5777193720403090e-01,1.2500358908294423e-01
1.2395665456922238e-01,3.8680793727506317e-02,4.1493884223900862e-01,9.0873985434421545e-02,1.9401119386988686e-02,6.1298090331507966e-02,1.6810924924826617e-01,5.1994179345555280e-02
1.6999503344108138e-01,5.6870690233815156e-02,4.0946075371668372e-01,6.6975947310169842e-02,2.5288670171442859e-02,2.8620961011511237e-02,1.6129295853371201e-01,6.9589447341585592e-02
1.5981256440425032e-01,4.7350795660653949e-02,4.4936450965691099e-01,8.9478159426080492e-02,3.8683771064382505e-02,7.3452406857463057e-02,4.8860300967975875e-02,6.0015543689095507e-02
1.7314551445330986e-01,1.4280026713629643e-02,4.4333869748356303e-01,8.5768828791537979e-02,2.6563491844086372e-02,4.2016087566323489e-02,1.5607908663583900e-01,3.4609289461397401e-02
1.8247260418179517e-01,5.4770394481834683e-02,5.1442518981560814e-01,7.9623901413267043e-02,9.0630533593646038e-03,3.5330017645658886e-02,4.1879083108690103e-02,6.1641897916952737e-02
1.7129834552510004e-01,2.6834761865993765e-02,5.1448617056766455e-01,1.0921723520843497e-01,1.5465930673274944e-02,4.2763907831069765e-02,3.4399280979665839e-02,5.4851285954638999e-02
1.1323316990678139e-01,4.3058826161886485e-02,4.0695428268611100e-01,9.1663912467649267e-02,2.0172650826014150e-02,6.6527663962404920e-02,1.6583811504395751e-01,5.9985222204252300e-02
2.1178662924324224e-01,4.7860021136922469e-02,5.1171316509900977e-01,7.0284342329741054e-02,1.6890404727361037e-02,3.0256889267088572e-02,4.2829309753129943e-02,5.2975551861046806e-02
1.2430699455949501e-01,8.3611218935540341e-02,3.6251543708770645e-01,6.8279558810281235e-02,2.3531089064300310e-02,5.1870002356474404e-02,1.6620391791593217e-01,1.0227392738431387e-01
2.4340649480361068e-01,3.9219810024067957e-02,5.0494651568608218e-01,7.2675180134782261e-02,1.5461747908039107e-02,2.8418981518249807e-02,3.3425035777111811e-02,4.4806695630161548e-02
1.4373206191771518e-01,6.5132447483581199e-02,4.1526529922055477e-01,6.6156711086144709e-02,1.0393055721299191e-02,4.2580464837894162e-02,1.7963505598937293e-01,5.9980320712363193e-02
1.3570556249669302e-01,7.7432099947685962e-02,3.8219456255689044e-01,6.5548991077386640e-02,2.1450354858618993e-02,4.5801287204485855e-02,1.6786451665629987e-01,8.8041123870811977e-02
2.0473525308377610e-01,4.8331574122315077e-02,5.1685043309287049e-01,7.6680812889877339e-02,1.0597189738915337e-02,3.1651521053334283e-02,3.8353494901749836e-02,5.3308039324908393e-02
1.6510519048031219e-01,2.0032516945769123e-02,4.3110222134479703e-01,8.5178574676839092e-02,3.2005734573900831e-02,4.8543348376119067e-02,1.5144726093153341e-01,4.0194143269294581e-02
1.1652355086016963e-01,5.0472542486772451e-02,3.6914544539367400e-01,8.3157018650956399e-02,3.8765335890088827e-02,8.2043613309278382e-02,1.4902616293780885e-01,7.6101295714570860e-02
1.3405203869105498e-01,7.7748666398087862e-02,3.4066283197472169e-01,7.7413549195676112e-02,3.5382553676718172e-02,4.9072372870164888e-02,1.5788998984346134e-01,1.1102667114568741e-01
1.2480908973780842e-01,6.4318812774735862e-02,3.6885397238668088e-01,9.4176598678594986e-02,5.2607419166829331e-02,1.0560352748622666e-01,5.1899968479835350e-02,9.7038957621907104e-02
9.7835102806874394e-02,1.0285056909106562e-01,2.5422837537434806e-01,7.4822743474582232e-02,5.5043661954891111e-02,8.4917045485910725e-02,1.4846693343899292e-01,1.6437297824624783e-01
1.2109780821426244e-01,4.6701882238034578e-02,3.8533731365097013e-01,8.3782262002356250e-02,3.3680193899664937e-02,7.4970225683344202e-02,1.5332771777492010e-01,6.7865145743126840e-02
1.6948486501578594e-01,5.9782197756763363e-02,5.0489207623378496e-01,8.0975822832466862e-02,1.0086855205236424e-02,3.8804489953597962e-02,4.5187889146489212e-02,6.9594748915847188e-02
1.0699714884609952e-01,4.6340163884624010e-02,3.9833593178965254e-01,9.1571262388737557e-02,2.1886745695629820e-02,7.1004104302475987e-02,1.6350636286406725e-01,6.6546389584993246e-02
2.0259601322786550e-01,4.8778041141461032e-02,5.1663895534897719e-01,8.1822872145955364e-02,7.3896164972328173e-03,3.1962253334981053e-02,3.5320640671623153e-02,5.3084999415630024e-02
1.1832824367520189e-01,4.8766108293728343e-02,3.7702861165892199e-01,8.3581939486841741e-02,3.6064504765502617e-02,7.8595314716282769e-02,1.5125164470348412e-01,7.2316857128399997e-02
1.6695967628036051e-01,2.8670257211019925e-02,5.0675051540793381e-01,1.0519847819684287e-01,1.9678870079596223e-02,4.8730880746291130e-02,3.6979920019392647e-02,5.6169828723248084e-02
2.5705534682486836e-01,3.6830714019978429e-02,4.9175429379176377e-01,7.5301556216201521e-02,1.6528018675024691e-02,2.8936432521037940e-02,3.0726720569739126e-02,4.3893381772462228e-02
1.5312351309155850e-01,5.0174237894845493e-02,4.3638229678268475e-01,7.2292460228582045e-02,7.6191775953914362e-03,3.2440929492070079e-02,1.7076786151829151e-01,6.0688097011872215e-02
1.6095696721384001e-01,4.9428818391206934e-02,4.3479512673903675e-01,6.9568904106418597e-02,1.0865786884371098e-02,3.0602095606562171e-02,1.6927801677179061e-01,5.9675953440455502e-02
1.8300879143833354e-01,2.9974392592539898e-02,4.7224502855206446e-01,9.3790746314500004e-02,3.9216447018646072e-02,5.8987559766145649e-02,4.1438853690987050e-02,5.1318608952509392e-02
9.8039335138412273e-02,5.9932038597548275e-02,3.2739943936200810e-01,8.4922210692575079e-02,4.6369578919077614e-02,1.0069757494524130e-01,1.4412592493911569e-01,9.9849713045287433e-02
7.3294751240992606e-02,1.0158619588381732e-01,1.5299367786187767e-01,9.9971731272270326e-02,9.7944750525599727e-02,1.2583819222452178e-01,1.3102785982650392e-01,2.0284941600724482e-01
1.6654668039055923e-01,2.0028591910300462e-02,4.3069747451704365e-01,8.4558687979030253e-02,3.3124799368972724e-02,4.8585242772208714e-02,1.5067562048230004e-01,3.9446833603582289e-02
1.8034533583823575e-01,2.5769980456430284e-02,5.1301955473418426e-01,1.1921224050938917e-01,1.0313542694608338e-02,3.3749885860006414e-02,3.0061576230744510e-02,5.5906997838225482e-02
8.3431920851407881e-02,6.5136432206088377e-02,2.7518897435587908e-01,8.2036411993888447e-02,6.7936368062179606e-02,1.3214142740333523e-01,1.3032444688648109e-01,1.2187662313999739e-01
1.7689126791054055e-01,3.9021258667442708e-02,4.7946929845463565e-01,8.9435199518407657e-02,3.1590201443512794e-02,6.0355218839539641e-02,4.7694795727990687e-02,4.6337005119874070e-02
1.4986969403386494e-01,3.0662151923133943e-02,3.9898109992068886e-01,8.6320515342861753e-02,4.2724997952149096e-02,6.2930682053339487e-02,1.4421695650870317e-01,5.3489604317244914e-02
1.1328627499737437e-01,9.6414967852753886e-02,2.9723942859281216e-01,7.1549691898246726e-02,4.3746884546329592e-02,6.7823463108914822e-02,1.5364851355674949e-01,1.3913083180032060e-01
1.6683319022571821e-01,4.6745964300650415e-02,4.3854872362291891e-01,6.8482689367399582e-02,1.0561169701592311e-02,2.9206649553056654e-02,1.6983618939336134e-01,5.5465654024723789e-02
1.8966711012998608e-01,3.9755129840913735e-02,4.4433777174924100e-01,6.2850043384432064e-02,1.3763004824759988e-02,2.4069610263730112e-02,1.6942608366292067e-01,4.4911941166821095e-02
1.1299654450428639e-01,4.9344925447417490e-02,3.7877148470165539e-01,8.5810791219199378e-02,3.2513006605212877e-02,7.8237581244717538e-02,1.5422655235118271e-01,7.3702313262435343e-02
1.6940905281921961e-01,2.7657345569584432e-02,5.1678858540860262e-01,1.1642879234582176e-01,1.0730391124852402e-02,3.8187522856145205e-02,3.1966470350663918e-02,5.6777630778387343e-02
1.6321226655865051e-01,6.7638795634478402e-02,4.0593649892173195e-01,5.8915033180202810e-02,2.3773165242691824e-02,3.4563346034086978e-02,1.6669309144909503e-01,6.7320726447850504e-02
1.0133324671839486e-01,5.6482077309777258e-02,3.4895479442446786e-01,8.6263454431321343e-02,3.8841503946699281e-02,9.1058529177367217e-02,1.4937433385464810e-01,9.0465979937176352e-02
1.3625981039970814e-01,8.6058737384054215e-02,3.4309625801395899e-01,6.6520350259002284e-02,3.9739653153323687e-02,5.0454338016424786e-02,1.5399193795541291e-01,1.0960909493359954e-01
1.1458068900124800e-01,9.3718553978048375e-02,3.1633661499501731e-01,7.0914020149454124e-02,3.5133588602144571e-02,6.2929507254228384e-02,1.5898197398596059e-01,1.2944398089868084e-01
1.1602188453740311e-01,9.3452543030645582e-02,3.1647335937988119e-01,7.0637801234615924e-02,3.6035585008379493e-02,6.2460359207233987e-02,1.5830551732312853e-01,1.2894710051367425e-01
1.0047449387601687e-01,5.8462265526764964e-02,3.3549091493065880e-01,8.4980723557207927e-02,4.4235953627352262e-02,9.6999350951558691e-02,1.4548850710867411e-01,9.5823265036756894e-02
1.1465160364610207e-01,9.5841587390967209e-02,2.9568829929910612e-01,7.1499306960331230e-02,4.8417371009076997e-02,6.8305053338778010e-02,1.5020577447955105e-01,1.3923556431047940e-01
1.1821067398577813e-01,6.5096230527895260e-02,3.8136623729473734e-01,9.6925178307299908e-02,4.4952792490296024e-02,1.0181841292459680e-01,5.2282666164251000e-02,9.8580975756344918e-02
7.9528105687072609e-02,6.4145910014264479e-02,2.6778053291823928e-01,8.0884390728032954e-02,7.4518031319337874e-02,1.4116939995344216e-01,1.2554942273005348e-01,1.2417822114741889e-01
1.1611768222877696e-01,9.5286290686862313e-02,3.0067118912474616e-01,7.1065244158763682e-02,4.5507241591525846e-02,6.6323672032737271e-02,1.5208171244868929e-01,1.3649429171483665e-01
7.8513145733109857e-02,6.5805712339306752e-02,2.6320860234645727e-01,8.1652859151934570e-02,7.2571213181273492e-02,1.4058973061131580e-01,1.2759058307891136e-01,1.2753630749233444e-01
1.6582454789638468e-01,2.0559537024798728e-02,4.2933022885259225e-01,8.4571283795323735e-02,3.3645185115002675e-02,4.9222315279171258e-02,1.5027819060116718e-01,4.0019212569264558e-02
1.5280698587079616e-01,2.8208379593089753e-02,4.0753618975910749e-01,8.6194321159717327e-02,3.9375944272146142e-02,5.9169741404911526e-02,1.4629914845210698e-01,5.0658270033864861e-02
1.1999643742287869e-01,5.1461421581756456e-02,3.5451570390205056e-01,7.8563658011304924e-02,5.3785836898136652e-02,9.2059193939428588e-02,1.3637512226565082e-01,7.7280437825511611e-02
1.1176928555969989e-01,9.5911208171228321e-02,2.9007610699641351e-01,7.2348137587886274e-02,5.4102020528567669e-02,7.1718232553256309e-02,1.4621651155459453e-01,1.4254817158079450e-01
1.3419099898375036e-01,9.8130455180519785e-02,3.6851577464957957e-01,8.0070722118028861e-02,3.5583078687813366e-02,7.0393802190817187e-02,6.5778715521193923e-02,1.2529840855160249e-01
1.8019863919213774e-01,6.3286605332246990e-02,4.7195081205278344e-01,7.6524014358395079e-02,2.2759285400880232e-02,3.9917273259209990e-02,5.1365742256380041e-02,7.6628929861297532e-02
2.0051257790401136e-01,4.9257338640757507e-02,5.1745421074266285e-01,8.1045119681929234e-02,7.6523455657833677e-03,3.2181773576344740e-02,3.6180069765921023e-02,5.3750406924587338e-02
8.9049034079437067e-02,6.4623723286013970e-02,2.9374532158128147e-01,8.3837181052987222e-02,5.7456385092373656e-02,1.1795793443567110e-01,1.3725985970882956e-01,1.1515552959945546e-01
1.0714344475774794e-01,5.5854121038409747e-02,3.2954345311814698e-01,7.9336706449813887e-02,6.0783369820181149e-02,1.0657827488758478e-01,1.3193368083140267e-01,9.0550490945529041e-02
1.2009560372608631e-01,9.3513679713756195e-02,3.0823616856247510e-01,7.0307880064434766e-02,4.5998998510799534e-02,6.3388256726955319e-02,1.5117428515910239e-01,1.3153043498482794e-01
1.5284194674344523e-01,8.9210789578604247e-02,4.0438152325427268e-01,7.5163760645788003e-02,3.2626665464812556e-02,5.9099409884653495e-02,6.3280771538758149e-02,1.0386945131911704e-01
1.1532795361798537e-01,9.5627161584600814e-02,2.9784659201768332e-01,7.1298628210812523e-02,4.7048194782626354e-02,6.7399069723773103e-02,1.5110014012648709e-01,1.3804468513409013e-01
1.4137346344392845e-01,3.6207091571630073e-02,4.1547704536569735e-01,8.2329403598489295e-02,2.7879015155445944e-02,6.0425309968331939e-02,1.6016575006915193e-01,4.7252592854580583e-02
9.8088753817705307e-02,6.0341547070501690e-02,3.1033222662905424e-01,8.1487949860085035e-02,5.9477778843738595e-02,1.1280142209081710e-01,1.3445646966793284e-01,1.0339341105293133e-01
1.7181964933242536e-01,5.7322609492433549e-02,4.2271976477025852e-01,5.8691819989017860e-02,1.5396744734098263e-02,3.5454294538941687e-02,1.7800480094064566e-01,4.7725527719398857e-02
1.4103924711012761e-01,5.2233147191141790e-02,4.4580548318672886e-01,9.5124132558599375e-02,3.3092490320433557e-02,7.7453150358909692e-02,4.9980991563826606e-02,6.9963128932880717e-02
1.0639323320197691e-01,4.7527066630331037e-02,3.9351281013322553e-01,9.0713925115342875e-02,2.3681930363029281e-02,7.3058194112099004e-02,1.6176073496104088e-01,6.9192806261652598e-02
1.2520499601976071e-01,8.5972449170765353e-02,3.5068927556033885e-01,6.8198662324717385e-02,2.7970860959750741e-02,5.3298109782867163e-02,1.6307258592303953e-01,1.0862020289231658e-01
1.2794944846720882e-01,6.6295711416053796e-02,4.1102736930308087e-01,7.6716251899247842e-02,2.7853422268052058e-03,4.8382576900284940e-02,1.8776310959475925e-01,5.6039867565938026e-02
1.0081211783809130e-01,1.0214732405340821e-01,2.6904862022441195e-01,7.4114098901348180e-02,4.6357451896041887e-02,7.8495733765225395e-02,1.5365552842187752e-01,1.5669131239143202e-01
1.3718332153624097e-01,8.3099282835501276e-02,3.5738118508240013e-01,6.5658292516937403e-02,3.1904070410811128e-02,4.8073149567848424e-02,1.5981022799093891e-01,1.0194738290824611e-01
1.2661368735199510e-01,3.6034794918524377e-02,4.1595781139848609e-01,9.7401552566037372e-02,1.4278006976912724e-02,5.6215526811785300e-02,1.7602098550631817e-01,4.7055116138183133e-02
1.2659432102571302e-01,1.0332091797198220e-01,3.3902836824637239e-01,8.2454694052792599e-02,4.0749693489386875e-02,7.7965779854318615e-02,6.7635452121827866e-02,1.3942443610504943e-01
8.9646812393238295e-02,1.1721826935925071e-01,1.9149263198176586e-01,9.3377591788719558e-02,7.7282565340085249e-02,1.2791369574697534e-01,7.8017253590679000e-02,2.0257788686166986e-01
1.3745461526023794e-01,8.1539695755167271e-02,3.6428573766651617e-01,6.5394603183631453e-02,2.9022980752528897e-02,4.7111254500831784e-02,1.6195916283713913e-01,9.8100735984338813e-02
2.1259626698346357e-01,4.6430472195230318e-02,5.1381373444620571e-01,8.0080018712371831e-02,9.0974836993597697e-03,3.1029607345450568e-02,3.4559686133980506e-02,5.0887754809529478e-02
1.5783756904048318e-01,8.0462050573087668e-02,4.5172831734341734e-01,7.3337110170051553e-02,2.1347196775561846e-02,5.2571963285587914e-02,6.0027591401431039e-02,8.2760438885561560e-02
1.9196210361442312e-01,5.3233847693485999e-02,5.0978681314998131e-01,7.5492249566473962e-02,1.3284909896213630e-02,3.4083611429181142e-02,4.3617533145330914e-02,6.0275807994739118e-02
1.3903842624398646e-01,8.1999098095615064e-02,3.6151076532088838e-01,6.5175891558138854e-02,3.1174970860715710e-02,4.6840692020702186e-02,1.6028202602196867e-01,9.9243502020990304e-02
1.5091282848224835e-01,2.5332874947710724e-02,4.1929115232416508e-01,8.8249363739347955e-02,3.1644799180810090e-02,5.4732939047873755e-02,1.5134061688986761e-01,4.9749350911139287e-02
1.4811089281560447e-01,7.4072346212937693e-02,3.8944197129062164e-01,6.2593436052265972e-02,2.4004439921622926e-02,4.0839338342205746e-02,1.6596867872200052e-01,8.0959187859251519e-02
1.0969848252638607e-01,5.5242570513879742e-02,3.3440055004654129e-01,7.9403794789594653e-02,5.8599956227106391e-02,1.0306259137279904e-01,1.3346741035686016e-01,8.8307502983346289e-02
1.2784314458986282e-01,1.0524163294148718e-01,3.0616428544500374e-01,8.3847498037515344e-02,5.3734322206893594e-02,8.4097229279091024e-02,6.9790423199194929e-02,1.4792672344658159e-01
1.0740732758768332e-01,9.7642964461312695e-02,2.9811376526159572e-01,7.2561146737758250e-02,3.7853692156899613e-02,6.9063806360252528e-02,1.5794025936774828e-01,1.4065759796772834e-01
1.4717253003228969e-01,3.4029743415958345e-02,4.1972404120036882e-01,8.1319139692436399e-02,2.7919145897639695e-02,5.7940915745417716e-02,1.6071195135677466e-01,4.3268852760030958e-02
1.4979028592393151e-01,8.0704186534434341e-02,4.6077966775853041e-01,7.5889581041226561e-02,1.6718887097416459e-02,5.3839223169174395e-02,5.9283853213353624e-02,8.1211949602486844e-02
1.0799900220540830e-01,9.8926398067254437e-02,2.8162265810568632e-01,7.2762293998093253e-02,4.8173465504071034e-02,7.3633616435539798e-02,1.5142750249414488e-01,1.4820342772903167e-01
1.0908837460559195e-01,9.8435075811026035e-02,2.8411448307797521e-01,7.2545107706818865e-02,4.7958264408660203e-02,7.2676357746042447e-02,1.5140586154169983e-01,1.4665701157142061e-01
1.7801923937769057e-01,1.1680576705862551e-02,4.4673930015058388e-01,8.6028696594047230e-02,2.4810825982070815e-02,3.9280257432372068e-02,1.5799770539478725e-01,3.2240898113743026e-02
1.2496459172218642e-01,9.0997887328227278e-02,3.2247890632042103e-01,6.8988732976904624e-02,4.0811782014767768e-02,5.8413161939480387e-02,1.5431514941964264e-01,1.2322078066409077e-01
1.2953227476575221e-01,8.2472596002984982e-02,3.1901185422931094e-01,7.9537202667623735e-02,4.2386882403514077e-02,5.4369882258113698e-02,1.5532351437941369e-01,1.2033629809685882e-01
1.0222637153677097e-01,9.8933480603304633e-02,2.6844238834823420e-01,7.4237020115167751e-02,5.9004195761864116e-02,8.1484780470637494e-02,1.4419496480148616e-01,1.5589604916546479e-01
1.0523853299292846e-01,5.5934298218825639e-02,3.4730258234787792e-01,8.4612916390506401e-02,4.1927767594441598e-02,9.1746825138104796e-02,1.4692904065827278e-01,8.9299302699438601e-02
1.4169164861325564e-01,7.8555437091690578e-02,3.3373715129879006e-01,7.8003590492973285e-02,4.8102187925890744e-02,4.7026127179807434e-02,1.5128848873654122e-01,1.0691484754585456e-01
1.1809265939382774e-01,3.6734037773108269e-02,4.2203319387684612e-01,8.8095690812055302e-02,2.7716763196060507e-02,5.7156814282898830e-02,1.5654843965276818e-01,6.7025613595893402e-02
2.1268175530935457e-01,2.0472691090396910e-02,5.0764421686367134e-01,9.5685019968850871e-02,1.9894271395018200e-02,4.0823237699667211e-02,3.9900519453937924e-02,3.9192799381807357e-02
1.1430617098304315e-01,4.7799582887860903e-02,4.1381150260556482e-01,8.1131244125707921e-02,2.5465078917543293e-02,6.4864538848244752e-02,1.6544823367969813e-01,5.9717982998180659e-02
1.3846273240748772e-01,3.6973832524250780e-02,4.1435907438670372e-01,8.9150935512716356e-02,1.7404203441959209e-02,5.5502221236402915e-02,1.8005666689468139e-01,4.2472851472987641e-02
1.2041374940234131e-01,4.2828330161363615e-02,4.1909834046948807e-01,8.6002732239382707e-02,2.0582523163900600e-02,5.9282659792165439e-02,1.7268636716011568e-01,5.2659180902549695e-02
1.4162033706941832e-01,3.8838000553883111e-02,4.2794706099366736e-01,7.8618275918695135e-02,2.0490432156574718e-02,5.8742578165038230e-02,1.7110251642264360e-01,3.6631487801076015e-02
2.0302562482155287e-01,6.7142786233881077e-02,4.8426116925679519e-01,6.2140721779606847e-02,1.4183382648770901e-02,4.6766976552814192e-02,6.3332357858292040e-02,4.3307471021781944e-02
1.3595567422950969e-01,4.1305900506827503e-02,4.2489629205000706e-01,7.8306896734060244e-02,2.2187533115348042e-02,6.0696023291034337e-02,1.6873764023094359e-01,4.1358873370214003e-02
1.6001168995219009e-01,7.4817201690948923e-02,4.6471910174141634e-01,7.2896759876894132e-02,2.4888389868932541e-02,4.3820446640746927e-02,5.5593755666091829e-02,8.8331405072272523e-02
1.4334395718912801e-01,5.0630111421182018e-02,4.3539311676420167e-01,9.3698285829188016e-02,4.2525913151370845e-02,7.8115306429037815e-02,5.1097696852605658e-02,7.2416992311113315e-02
2.1623878953677930e-01,3.4619780867870216e-02,3.7028539313912728e-01,7.8420257955531397e-02,1.0384549525411254e-02,4.0945457959422789e-02,1.8698241495295401e-01,4.2328987438254286e-02
1.3182065372663249e-01,4.8492827237225124e-02,4.1116112093606677e-01,7.3805141271224853e-02,3.0544108874698637e-02,7.0685717641011697e-02,1.5800270620124482e-01,4.5650472816709468e-02
1.0066504379975300e-01,1.0275253457161880e-01,3.2808701812842711e-01,6.2233512204448956e-02,3.7625430403455708e-02,6.0301492819292084e-02,1.6089817261991826e-01,1.3486764610808688e-01
1.3489900436462710e-01,8.8223937110533834e-02,3.8067595960975148e-01,5.9493790253676210e-02,2.4722910279230955e-02,4.4423312803343745e-02,1.6810134895464365e-01,8.7530272845941920e-02
1.5627077164806710e-01,8.1772127487283894e-02,4.7310242015899279e-01,6.6868489498653441e-02,1.9373178774497731e-02,5.0490433402695788e-02,6.0230644447712700e-02,7.5179410576012545e-02
1.5117360703467389e-01,5.4659914030314755e-02,4.5523135225659561e-01,8.4679336885586737e-02,3.4121242303437126e-02,7.6115762206255599e-02,5.7033033858591126e-02,5.5546326117822134e-02
1.4434183828878691e-01,7.4170340515629749e-02,4.1486181667259209e-01,5.7281181673200163e-02,1.3812022910451941e-02,4.0483499648606772e-02,1.7870088910758108e-01,6.4260827087991912e-02
1.4400622812049046e-01,5.8764082297895003e-02,4.3848696614833615e-01,8.4573080318863028e-02,3.8541815136900963e-02,8.2707687436520266e-02,5.7693149666653371e-02,6.2206631203512039e-02
1.2929790521882825e-01,9.1393304949040827e-02,3.7026304164825125e-01,6.0429992441600966e-02,2.7745614525180210e-02,4.7356465704078421e-02,1.6605258757259886e-01,9.5386504539640427e-02
1.7577393815906692e-01,3.0286369527247479e-02,5.0778733321655289e-01,9.6701838098169027e-02,2.3479544727431856e-02,4.7324359048312899e-02,3.8996408359352273e-02,5.3816444325332828e-02
8.6651408705386707e-02,7.8683680544210780e-02,3.1237186432319397e-01,8.6303189666105562e-02,7.4149401103342921e-02,1.4370195343598310e-01,6.2392621792084817e-02,1.1428862727723835e-01
1.3246507435086863e-01,1.0402977167162397e-01,3.8014914585834575e-01,7.1413104098870805e-02,3.8283556653182484e-02,6.5680675047347065e-02,7.1084600216201457e-02,1.2048271050035339e-01
1.7915379889487307e-01,3.6052660495279616e-02,4.7900136730224785e-01,8.9979345508095138e-02,3.1505408695144968e-02,6.2344490758322796e-02,5.2778491786338942e-02,3.9685332561097589e-02
1.7586734018080336e-01,3.2941415840432593e-02,4.9621766309302234e-01,9.2035891851735191e-02,2.7284266532432776e-02,5.4844443377521770e-02,4.5740533707575581e-02,4.7996081121502325e-02
1.3191351501419440e-01,5.6537183213538449e-02,4.6755393329655359e-01,9.1034351458516863e-02,3.1013236969894560e-02,7.0584805348849228e-02,5.0215678169564924e-02,7.0985356234701050e-02
1.2857647049677254e-01,8.8769175611933107e-02,3.7843316741916760e-01,5.9387797148456649e-02,2.4672841381007140e-02,4.5994275709043027e-02,1.6859992788087996e-01,9.3502194512633904e-02
8.0902001200451185e-02,6.5062445790968898e-02,3.3799778768959388e-01,7.1472191117452330e-02,6.2745387386971260e-02,1.2237752586585754e-01,1.3376610484088869e-01,8.8913437776562854e-02
7.9775617322261919e-02,6.7473699001840887e-02,3.2835930417325526e-01,7.1658616458058294e-02,6.2853350551539219e-02,1.2126226847797442e-01,1.3486070424294383e-01,9.7385079265815355e-02
1.1780985751245218e-01,5.5535329660830815e-02,3.8991971206160786e-01,7.2655251728913142e-02,4.1157678331241010e-02,8.6633200656176815e-02,1.4806443464775912e-01,5.4614805051886650e-02
1.4651509648852293e-01,9.5498670225431723e-02,4.1730352999046899e-01,6.8455780160169774e-02,3.0376526451174342e-02,5.7185525917690654e-02,6.9191435782625529e-02,9.9632650475600285e-02
9.9054828151375077e-02,6.2878021257053343e-02,3.5829215740253284e-01,7.2876165563254450e-02,4.9983130817756509e-02,9.9536103907782031e-02,1.4313031390277095e-01,7.9693158789157059e-02
9.9781803308950243e-02,1.1807217986545013e-01,2.8638521431879599e-01,7.9720619995191477e-02,6.0740017061784876e-02,9.5845954632908376e-02,8.0506781364874352e-02,1.6219142722993651e-01
1.6269974905031684e-01,4.8736306835494299e-02,4.7432304400676106e-01,8.5161834617912352e-02,2.8710927219714289e-02,6.8307010461979734e-02,5.6534818793145654e-02,4.6083708702846282e-02
1.6338476833314211e-01,7.5728844579221452e-02,4.5733744409495114e-01,7.2997582946846898e-02,2.5913135319611570e-02,4.4337252342580458e-02,5.8462245839496475e-02,8.7024370488876304e-02
6.7080913910029308e-02,6.2443045968090062e-02,2.5955966520561224e-01,6.4007391813304212e-02,1.0547249485586574e-01,1.7801337634425937e-01,9.1115255993895486e-02,1.3975269443759133e-01
1.4302443207540622e-01,7.6878020818104284e-02,4.0987505914048938e-01,5.7233156094526422e-02,1.5561912356995332e-02,4.0436275448199138e-02,1.7655255831199512e-01,6.8569519180177216e-02
9.8674053648407062e-02,1.0557313430807344e-01,3.1241865482142894e-01,6.3381585782727928e-02,4.3051646151257179e-02,6.5720204952867928e-02,1.5795364709884965e-01,1.4091445546270470e-01
1.2001192345625021e-01,5.4814171597039170e-02,3.9212546674319471e-01,7.2878315887887457e-02,3.9220895408212116e-02,8.3337287917681399e-02,1.4994461378722776e-01,5.4844163777730215e-02
9.9104269146471941e-02,1.0491724835821525e-01,3.1678472793387547e-01,6.2899411484441586e-02,4.1215866532130378e-02,6.3836522491551750e-02,1.5897561900893853e-01,1.3983295957795247e-01
1.1950997685731600e-01,6.8513239855677824e-02,4.0426666760443081e-01,8.6264685447301537e-02,4.7117964468361653e-02,9.4807716830144884e-02,5.5071212079664179e-02,8.9704021988974175e-02
1.1692695312064191e-01,8.8541871429348704e-02,3.8146579620915932e-01,6.0032671606775959e-02,2.3394350045696087e-02,4.7805300211285782e-02,1.6988745044889120e-01,9.9364373752413554e-02
1.0628163861715330e-01,5.2511222264868859e-02,3.6459014439844134e-01,8.5049346385794936e-02,4.5871427496839916e-02,8.2438137052741570e-02,1.4768256303049102e-01,8.3234783794998171e-02
2.3275119457899629e-01,4.5606746138630264e-02,5.0322055139214816e-01,6.8029065981878856e-02,1.2894792972670353e-02,3.4542809296280126e-02,4.2918900720141061e-02,4.4346035795086856e-02
1.3889998051632224e-01,5.8949776464522617e-02,4.4415257987704104e-01,8.5837755683263017e-02,3.7063121355422557e-02,8.0043654300147551e-02,5.5312881206901983e-02,6.7664317200081994e-02
9.2874832798815171e-02,1.0819109711502553e-01,2.9922382892285115e-01,6.3918167051631114e-02,4.6779372900233727e-02,7.0395982200192150e-02,1.5619751946668950e-01,1.5022007315853786e-01
1.2268602764090235e-01,8.5778686666797097e-02,3.8897512817480373e-01,5.9437881029131896e-02,2.1392649468873547e-02,4.5895987267046072e-02,1.7145190773303340e-01,9.1940953278460816e-02
9.0104214366931279e-02,6.6637030153827367e-02,3.4653152058748732e-01,7.4503511741055004e-02,4.9456616319100956e-02,9.6944746952997138e-02,1.4501516584981530e-01,9.7637084142422295e-02
1.6524950710341799e-01,8.5473239446841154e-02,4.5125894239153935e-01,6.5250550291500467e-02,2.2959951704453443e-02,5.0073213798889155e-02,6.8444648818675916e-02,7.6132878084705188e-02
2.4695541374790031e-01,4.3200885444312470e-02,4.8199608131633664e-01,7.4269083123058549e-02,1.4403178002583223e-02,3.6726008916238811e-02,3.6482734479837652e-02,4.6970288948183156e-02
2.5265544077258417e-01,4.0759957402472242e-02,4.5075781315538616e-01,9.2497781945438520e-02,1.6315588534218058e-02,4.0545853817115313e-02,2.9852912140908214e-02,5.0427089052546295e-02
2.4451463671275872e-01,4.3446699456465926e-02,4.5937799194307216e-01,8.9926565322315036e-02,1.5914155117532781e-02,3.9148738482313643e-02,2.9267029107450142e-02,5.3110434873532120e-02
2.2274784051453025e-01,4.7594682781686146e-02,4.6898500166248264e-01,9.6204802285873400e-02,1.4982933355157983e-02,3.7670807331393524e-02,2.5758746783167554e-02,5.8510226114359000e-02
1.3037641740791156e-01,6.4250452436254130e-02,4.1937449820357353e-01,8.5509532872961494e-02,4.3379583214601433e-02,8.9565045128810819e-02,5.6362654423209479e-02,7.7092100963911059e-02
2.3865086260981569e-01,4.4979419466517012e-02,4.6444120601681677e-01,8.9242568226709632e-02,1.5632231661280450e-02,3.8440825444386852e-02,2.8845771937800010e-02,5.4736857790343402e-02
1.8417762409789043e-01,2.7857999288854362e-02,5.0920929228988676e-01,9.6442489234903506e-02,2.2402927418671541e-02,4.5518576534283726e-02,3.9174248869316752e-02,4.9905945696714978e-02
1.2583426292810346e-01,6.1449997301881866e-02,4.4579517498631926e-01,8.8440238773419402e-02,3.6855100686981994e-02,7.9163650913440714e-02,5.1831919908844677e-02,7.8958654344894533e-02
1.2774837460584140e-01,8.9529269800967426e-02,3.7599582648996310e-01,5.9567967499225771e-02,2.5375215183954788e-02,4.6519540305505508e-02,1.6808186542254680e-01,9.5098989022494945e-02
1.6733649329469724e-01,4.6520420383074246e-02,4.7160345733888265e-01,1.0212934114424127e-01,2.3096150177800156e-02,5.6093667921655772e-02,4.8136955139838365e-02,5.6350807278215266e-02
1.5554948533449461e-01,7.9694885505927307e-02,4.4499075392634124e-01,7.4402692199453321e-02,2.8568612608755286e-02,4.7158767498709731e-02,5.8960370156739390e-02,9.5476768856125466e-02
1.5639400682744975e-01,8.0414093848465831e-02,4.7760862974581259e-01,6.7939238462402546e-02,1.8365858694136046e-02,5.0504970033361976e-02,5.8182239588560024e-02,7.3118252040860518e-02
8.5487204146899892e-02,6.8692121511889137e-02,3.3723961663771368e-01,7.4380246428515109e-02,5.2166579032553756e-02,1.0091226526222270e-01,1.4342850399085921e-01,1.0414880812521560e-01
2.5051147988683625e-01,4.2020413220493824e-02,4.8720087886818048e-01,7.0605517327421263e-02,1.3805736219483826e-02,3.6089148200448035e-02,3.9416599019645407e-02,4.2959890562570144e-02
1.0055539256340089e-01,5.8447430746853997e-02,3.8299656468294563e-01,7.7274449550447211e-02,3.6818196784298235e-02,7.8911726269612681e-02,1.5436584159711708e-01,8.0420253957669663e-02
1.2792902136302589e-01,1.0780333062649372e-01,3.4823272377720010e-01,7.6330382316915524e-02,4.5702818026333004e-02,7.4555410623102766e-02,7.9587122117073902e-02,1.2293640455224884e-01
1.2959019089477758e-01,5.8308638040708564e-02,4.6018906607515536e-01,8.9858090841463845e-02,3.3098025706586043e-02,7.3676810541732890e-02,5.0859508046720688e-02,7.3747125959574236e-02
9.9456380913189590e-02,6.2818644056720746e-02,3.6164509791456334e-01,7.4190529721920806e-02,4.5650341351622173e-02,9.1680098508333613e-02,1.4709078997971628e-01,8.4636044711131161e-02
1.5937909742576939e-01,8.4641809615717836e-02,4.5922592793850997e-01,6.5606652331897511e-02,2.1868564671988191e-02,5.0616793533898710e-02,6.4927441881281064e-02,7.8129901591509718e-02
2.3718756331979760e-01,4.4484635157648715e-02,5.0553733440757420e-01,6.5803050509130739e-02,1.2470199870961289e-02,3.3943392302707175e-02,4.5682941447087948e-02,4.0252938755935525e-02
1.2435797975715203e-01,9.3746478963681643e-02,3.6178978316342358e-01,6.1005770956069925e-02,3.0024757809641322e-02,4.9922917128138421e-02,1.6469352244014457e-01,1.0229104918508394e-01
2.6771493650750849e-01,3.8901766708308187e-02,4.6704835551139418e-01,7.3999189424733047e-02,1.5328986513655007e-02,3.8321185760432586e-02,3.7145759769209780e-02,4.2353103108958373e-02
1.1101578034135122e-01,5.3558749641240570e-02,3.9773685060307712e-01,7.7220513349809491e-02,3.2361258746751220e-02,7.3125777922575616e-02,1.5797394776199342e-01,6.7719122908416515e-02
1.3086500437469967e-01,8.9098643349688561e-02,3.7743533185188960e-01,5.9537040911069095e-02,2.5241589493422169e-02,4.5709287921372514e-02,1.6799947063038337e-01,9.2105265190376664e-02
1.4280946052862098e-01,9.6120362983563967e-02,4.1747369962738684e-01,6.8590178760553511e-02,3.0574311733861548e-02,5.7816778239742420e-02,6.7953201952012626e-02,1.0271568206288341e-01
1.2379543435727407e-01,8.6937903528560262e-02,3.4961060547343176e-01,7.1365832008359720e-02,3.4798575110982742e-02,4.8361121656261837e-02,1.6306364152735556e-01,1.0900710896357184e-01
1.3150241403139487e-01,1.0432732824599235e-01,3.7937653628318363e-01,7.1447664667049632e-02,3.8483515296632999e-02,6.5974023296524506e-02,7.0839132939170005e-02,1.2161960709002091e-01
1.1074762254938793e-01,5.6405719301564662e-02,3.8701927322096497e-01,7.5293645487030408e-02,3.6839939076216778e-02,7.9027766239682704e-02,1.5372152989632956e-01,7.0228973462711869e-02
1.6274945886894474e-01,2.3888464742896361e-02,4.4385720674163959e-01,8.2070683316415580e-02,2.1446033433612934e-02,4.9225230962243849e-02,1.6312083365935526e-01,2.8636474870877844e-02
1.0413139940140899e-01,1.0145591648629884e-01,3.2912014823758673e-01,6.5508628783892048e-02,4.3290470867154839e-02,6.5152595525666213e-02,1.5633226945978915e-01,1.2318897180372011e-01
1.2622795910555049e-01,8.3515111287280605e-02,3.9500765026037171e-01,5.9078999190326276e-02,1.9728584369429789e-02,4.4673398732200990e-02,1.7285633901965966e-01,8.6513589755928030e-02
1.1255490644731167e-01,5.7659993470665902e-02,3.8114515392667375e-01,7.3508479617853145e-02,4.1045747504104113e-02,8.5473925175257093e-02,1.4949542993663367e-01,6.6571184835550051e-02
1.3220891185713143e-01,4.8871563525472866e-02,4.1048690171048291e-01,7.3419102058032301e-02,3.1328286249839098e-02,7.1770230603264776e-02,1.5698314930646248e-01,4.4655523783035535e-02
1.0729987863365095e-01,9.5703186004045399e-02,3.5767384785019440e-01,6.1083694655778051e-02,2.9626720920175726e-02,5.3039165473294007e-02,1.6554790076033363e-01,1.1736429087967484e-01
1.3780761527994334e-01,9.7862761647009480e-02,4.1273549957428968e-01,6.9100168701155845e-02,3.1764302027631357e-02,5.9341041106222077e-02,6.7184410987686558e-02,1.0809362522233124e-01
2.4210797601417020e-01,4.3416393426214693e-02,4.9956873042269584e-01,6.7420179235271160e-02,1.2857383833046254e-02,3.4703356654557815e-02,4.3020951925202298e-02,4.1265349597672737e-02
2.2159019858043413e-01,4.8528282139707508e-02,4.9894126644322978e-01,7.3661347218191814e-02,1.3659345702306709e-02,3.5378764364452669e-02,3.7135117355164969e-02,5.2887783465033478e-02
2.5106638402296677e-01,-1.3036470559579739e-03,2.8004116166699239e-01,1.3462893470082915e-01,1.8561735681906218e-02,3.9648663841501439e-02,2.0444789549036088e-01,4.7303324568481679e-02
1.4846238084524316e-01,7.6884279729174915e-02,4.1024773360763700e-01,5.6680548978977778e-02,1.5722245300725232e-02,3.8932249032185798e-02,1.7598174342833939e-01,6.5542177322228889e-02
1.2632935488221583e-01,8.7942720227058110e-02,3.8132893886681662e-01,5.9289334709606047e-02,2.3662374310061973e-02,4.6042366354567356e-02,1.6950332410619298e-01,9.3745727534998116e-02
1.6671477097168402e-01,2.2699489777617779e-02,4.4601673242007983e-01,8.1568233802632936e-02,2.0825641588871350e-02,4.8435999697919882e-02,1.6373099225826623e-01,2.5153941399305515e-02
1.2797668019532843e-01,4.9949872785245063e-02,4.0684510039043936e-01,7.4069307183973587e-02,3.1705733849535248e-02,7.2222287251000258e-02,1.5717304709379329e-01,5.0036587935620193e-02
1.8987506991131708e-01,7.0940855703492497e-02,4.8361780165581791e-01,6.3424881461001031e-02,1.5204957999409853e-02,4.7302685546928500e-02,6.2468805702733568e-02,5.1101081865112107e-02
2.2548631887870813e-01,4.7472788422449758e-02,5.0847890682018559e-01,6.6664793990731108e-02,1.2781355554953664e-02,3.3991749942277341e-02,4.5762931982277780e-02,4.4647155050751307e-02
1.8045397781631042e-01,2.9209537412059554e-02,5.0770219546542317e-01,9.5304378287950103e-02,2.3437656118044905e-02,4.7665321982119160e-02,4.0480976399476301e-02,5.0099772213994073e-02
1.4388751944208283e-01,5.8858740744405391e-02,4.3302428664994469e-01,6.5357811734592694e-02,1.3137715244777025e-02,3.3219102953257994e-02,1.7087184463256977e-01,6.9505621829787603e-02
1.8021926350015866e-01,7.6410973079867273e-02,4.2883213988336216e-01,9.5633325079483730e-02,1.9922207053471291e-02,5.7910126599311426e-02,4.5066155131968308e-02,6.4857672466533942e-02
1.4181937209301443e-01,7.6004739767394816e-02,4.1157421364614649e-01,5.7452704802472922e-02,1.4921535317650952e-02,4.0837257750473664e-02,1.7739806512737641e-01,6.7943264090459851e-02
2.5369630263711157e-01,4.1867060333460812e-02,4.7596405876125425e-01,7.4861698796723539e-02,1.4795397315686635e-02,3.7341856050441019e-02,3.6197969175201732e-02,4.5912192705751788e-02
1.2709545332977007e-01,9.1937045123052535e-02,3.6810501486133779e-01,6.0393925192439551e-02,2.8058506292884179e-02,4.8088520990694938e-02,1.6600628205482354e-01,9.8206254094774487e-02
1.3849245184630035e-01,8.2811793104651421e-02,3.9580827078091463e-01,5.8015913055639648e-02,1.9887062918539328e-02,4.1911644338475711e-02,1.7224422020298191e-01,7.9024149083267964e-02
2.3073151869099967e-01,4.7123054881875660e-02,4.7476397764490402e-01,8.5534823390899892e-02,1.5118341306745196e-02,3.7278251987964139e-02,2.9481012665838302e-02,5.6417210995398134e-02
9.6174875265324686e-02,1.0668359508983871e-01,3.0726895722409131e-01,6.3525405146548378e-02,4.4341938072147279e-02,6.7381689676491385e-02,1.5736896993147331e-01,1.4495262320623667e-01
1.1763074925261827e-01,5.5616303690222212e-02,3.8875518989053859e-01,7.3318260347247116e-02,3.9019888696923015e-02,8.2657805262053047e-02,1.5071407365615760e-01,5.9991074462948268e-02
1.3048896672286822e-01,3.4554631830072645e-02,4.2384697995323217e-01,8.5631617487890832e-02,2.7528760598720940e-02,5.6988303493187273e-02,1.5748655414197765e-01,5.6819972064575709e-02
1.3568374399596453e-01,5.4580165855190328e-02,4.7374380201499244e-01,9.2233112127039288e-02,2.9027107675712215e-02,6.7598540534217322e-02,4.9775086239806032e-02,6.7665478373134219e-02
9.3613858095872624e-02,6.3603035323554893e-02,3.6236485350353448e-01,7.5912873371009021e-02,4.3580791466566501e-02,8.8141468844365661e-02,1.4921092586889090e-01,9.1827212465070127e-02
2.0166532259263603e-01,5.3679574199124919e-02,5.1022303862717733e-01,6.9783737719165212e-02,1.3954865931324457e-02,3.4976133266251749e-02,4.3667925114703444e-02,5.6420229892111644e-02
1.3687853561428104e-01,4.1952721676793751e-02,4.2446180125352012e-01,7.7137207264633856e-02,2.3095042476726484e-02,6.1636925367395227e-02,1.6722664693609277e-01,4.0707386454607343e-02
9.5841379647469041e-02,6.2794308418886807e-02,3.6502612252664207e-01,7.5738202076998148e-02,4.2958083947499191e-02,8.7318962349124965e-02,1.4956555090211063e-01,8.9057402764943394e-02
1.7953130545623128e-01,5.8833098485941301e-02,5.1153542399690666e-01,7.5169682816152592e-02,1.4715257074882205e-02,3.5868046281709219e-02,3.7605540943555046e-02,6.8870050455781651e-02
1.3897463425368689e-01,6.0538313293411042e-02,4.3340095894207920e-01,8.5028994904165434e-02,3.9827505275370864e-02,8.4422655583882858e-02,5.6924823942217588e-02,6.7661286605735019e-02
2.0084163254177059e-01,5.4686086860816711e-02,5.0947329591251045e-01,6.8313912357405679e-02,1.4366638197971975e-02,3.4952447582400251e-02,4.7075149849930643e-02,5.5597824946349059e-02
1.5040065475993999e-01,5.4710848429873497e-02,4.3804201430210332e-01,6.5377944408338148e-02,1.1041276911523882e-02,3.2440098975051221e-02,1.7255153516092536e-01,6.3008146870242684e-02
2.3237085861615286e-01,1.6290036629277572e-02,4.9921954660987794e-01,9.6638048293733070e-02,1.9093189951928029e-02,3.8122694187423582e-02,3.9492153218491990e-02,3.5926813251419006e-02
2.4876831419652698e-01,3.8315394644263701e-02,4.4836351591034107e-01,1.0094392708114543e-01,1.5661301895800873e-02,4.1763260824989115e-02,2.9687272941713243e-02,4.7593956333828680e-02
1.9015084198832158e-01,5.6143993144294788e-02,5.1049328171614639e-01,7.3672490042183791e-02,1.4254106257429431e-02,3.5470016994698449e-02,3.8782188448950997e-02,6.3636180443001261e-02
1.1022009620287508e-01,1.0063752743762269e-01,3.3405303117251017e-01,6.3088520708723853e-02,3.8291809965243812e-02,5.9294151717220481e-02,1.5996291397231102e-01,1.2220225341265120e-01
2.0669148012463676e-01,5.2298978275102409e-02,4.8470052537499858e-01,9.0819975907151004e-02,1.4491922608019394e-02,3.5933917284787023e-02,2.5708739694241887e-02,6.3887270829330670e-02
2.0158999114847037e-01,5.3569167390462413e-02,4.9354845330824842e-01,8.5661696706967633e-02,1.4256136273054899e-02,3.5511959716207270e-02,2.7922476818063396e-02,6.4651824354108184e-02
1.0751913077770983e-01,1.0096080689055262e-01,3.3370003857688257e-01,6.2214373115512270e-02,3.6878578404809056e-02,5.8538266859781696e-02,1.6113961629652024e-01,1.2665189762246198e-01
1.2814220320785516e-01,8.5875855839005685e-02,3.8762761983363186e-01,5.8958297564253977e-02,2.1895608910816895e-02,4.4943646422102058e-02,1.7090382304490476e-01,8.9504443794952024e-02
9.8640889223447062e-02,4.9221161323687590e-02,3.9776230915336586e-01,8.9453764672740715e-02,3.2253008288392025e-02,8.0032303582564870e-02,1.5820983390632087e-01,6.2155027242068527e-02
9.7222117984332918e-02,7.7593848621282602e-02,3.2147685450124175e-01,9.0543154130143549e-02,7.2711352685622177e-02,1.3556085272425011e-01,5.3900128272153784e-02,1.0786757443025230e-01
8.1682694616597218e-02,6.9041538955013387e-02,3.2562632338873393e-01,8.2252746230939200e-02,5.7092991337215272e-02,1.1118871168377983e-01,1.4210045827820553e-01,9.3046341109817812e-02
1.1185340196687509e-01,5.0232163700019414e-02,3.5858969919636730e-01,8.2736353862210954e-02,4.1269723748842822e-02,8.8011603212799036e-02,1.4731497931230211e-01,8.4232557443783274e-02
1.2542154863383695e-01,3.6626953544465074e-02,4.1636157940820934e-01,8.8414094188911080e-02,2.0978608177852170e-02,6.2267153181958544e-02,1.6593128037737234e-01,5.3629044456346607e-02
1.5274841017104235e-01,3.1703696132539524e-02,4.2470742682068757e-01,7.8995115079229072e-02,2.9840974499256826e-02,5.5359620612091230e-02,1.5865242434867638e-01,4.1526320710549132e-02
1.2233034359698246e-01,1.0496431126833006e-01,3.0740195040093771e-01,7.6114854908218413e-02,6.1619875400311296e-02,9.2548999102398027e-02,7.3931291188082907e-02,1.4150309787104981e-01
1.5757280009703542e-01,4.1125857585833724e-02,4.8764105117486106e-01,1.0237510272011756e-01,1.9818300016878565e-02,5.7919396380036063e-02,4.8127745182621771e-02,5.3638507027881178e-02
1.1803207770094576e-01,4.9401018244368315e-02,3.5803537746986525e-01,8.0129666326787127e-02,4.7117080905401676e-02,8.8667691230093715e-02,1.4244407545786222e-01,8.0919789228562938e-02
1.5930030988582228e-01,1.0941428956541550e-02,4.3152224037915299e-01,8.2442107890415811e-02,2.9035175703013071e-02,5.7517205002621988e-02,1.5643207164623560e-01,4.7277208715951827e-02
1.2563531105821710e-01,3.6824568726868803e-02,3.6193517881949366e-01,8.2494506465754083e-02,5.3334100575451598e-02,8.9476395794198416e-02,1.4444406689102565e-01,7.1574180272953022e-02
2.3859767692214587e-01,-4.7117173921907719e-03,4.9580909873507423e-01,1.1343325206615303e-01,1.4855859561258542e-02,3.2156351949696099e-02,2.9537464430635915e-02,5.7727776467411826e-02
7.0510272362432472e-02,9.0139364715822207e-02,2.5166193001244225e-01,9.1170326201138727e-02,9.2605366226641520e-02,1.6990417440272515e-01,5.5985056631575894e-02,1.3082055224665970e-01
1.2318835114463771e-01,5.4422862045718938e-02,4.5470389452020049e-01,9.8672919780892168e-02,3.5751680598358503e-02,8.4191323755086339e-02,4.7875704301478542e-02,6.6747316782033120e-02
2.1879354613099969e-01,-1.8145659395859453e-03,5.1775477166647854e-01,9.5550960568516113e-02,1.9772223197973969e-02,4.2322710502155796e-02,3.7293457967035870e-02,4.8420337257967350e-02
1.5943578178970116e-01,1.1418313457128786e-02,4.2946970545827395e-01,8.1782503397099457e-02,3.0041516178365143e-02,5.8387055451437173e-02,1.5589063685653132e-01,4.7806424086585426e-02
2.0673855689266143e-01,3.3702605936479666e-03,5.1808222400173898e-01,9.8402688038402408e-02,2.0060701475590522e-02,4.4291195326152361e-02,3.6514613316478373e-02,4.9217269549381104e-02
1.1042970389019409e-01,5.2569189059055103e-02,3.4068753050385342e-01,8.0549540948782986e-02,5.1125242897374468e-02,9.7493066183504840e-02,1.3991606960019595e-01,9.0297315962781746e-02
7.7434995060604500e-02,8.4663591416225301e-02,2.6428796133517607e-01,8.9249884779483410e-02,9.0741808102493188e-02,1.6570377535406980e-01,5.6725681687318723e-02,1.2472504030274388e-01
1.0906561988701668e-01,7.0402081156421395e-02,3.6651107519766934e-01,9.1766368937057474e-02,5.9978046711141313e-02,1.1615052564935734e-01,5.1885455347347516e-02,9.4095940062889891e-02
8.2532120475758641e-02,6.9090532228428786e-02,3.1801511916624237e-01,8.0190097090993756e-02,6.0660909422406199e-02,1.1534651581095159e-01,1.4006286978904955e-01,9.5708579998520046e-02
1.0604979120416079e-01,3.8538235910121878e-02,4.2070280110283909e-01,9.8440874082122418e-02,2.0382394851453368e-02,6.7308145524560700e-02,1.6925535432629565e-01,4.9280784258198977e-02
1.2283422506906386e-01,5.6775548548690852e-02,4.3870646748984171e-01,9.5923446353738173e-02,4.0412432647488887e-02,8.9649041132732699e-02,4.8949402831897811e-02,7.1486248629679769e-02
1.0768310076247292e-01,6.7614204968849553e-02,4.0717927188182873e-01,9.7026751155410110e-02,4.8324554035899747e-02,1.0190220270399196e-01,4.8952182411219486e-02,8.3147458530461488e-02
1.2424601725105430e-01,5.5199302473142829e-02,4.4572995250334757e-01,9.6588420388141666e-02,3.8453763977472549e-02,8.7125887737713029e-02,4.8651724019663022e-02,6.9229395030358548e-02
2.1140206129336808e-01,-1.2722734480640116e-02,3.6683021065387772e-01,1.3021171543609097e-01,8.1580721291299417e-03,3.1965276494933213e-02,1.8450661401579910e-01,5.5737400404057107e-02
1.3732739139154379e-01,3.7987473664141416e-02,4.0742527510774840e-01,8.0748282820149148e-02,3.2078215650437551e-02,6.4836432452678491e-02,1.5521705448062781e-01,5.4642925345663756e-02
1.6896648391600330e-01,1.6133912271458890e-02,4.4075601297857731e-01,8.5323763761480223e-02,2.9065581786275677e-02,4.3645182588731637e-02,1.5398082138483873e-01,3.7727687937265553e-02
1.4982592187637736e-01,4.5459953432525173e-02,4.2638318839818562e-01,8.4035896168544968e-02,4.6124354914908280e-02,9.0854358424999587e-02,5.3564421276231948e-02,6.9836574933022269e-02
1.0216194457407070e-01,9.7882083332470435e-02,2.6921591658465338e-01,7.3087418210459207e-02,4.7393042853270805e-02,7.9758753551875103e-02,1.5346104305039404e-01,1.5882251293879920e-01
1.2034781940143209e-01,8.6681531359450878e-02,3.3563494767437413e-01,6.9005435762966430e-02,3.0975003459283508e-02,5.8060283810153386e-02,1.6154793354900074e-01,1.2052949032376582e-01
1.5216458865826191e-01,4.1593897882478532e-02,4.5319702507705767e-01,8.7674064152652137e-02,3.7818180669957575e-02,8.1267377623124123e-02,5.1694667962538417e-02,6.2752341867680070e-02
1.3655084009428892e-01,5.1062833505146524e-02,4.3413409958295113e-01,9.0222399248107488e-02,4.2581654572556381e-02,8.9553829650581174e-02,5.1047586199596734e-02,7.0512167466090750e-02
1.1651071380834241e-01,6.4956737370131773e-02,3.4674816121056901e-01,8.5432597833912036e-02,6.8461604571124768e-02,1.2561216181651827e-01,5.5696811419420879e-02,9.5572010526260923e-02
1.2340359953584040e-01,6.1803342943176146e-02,3.8292117043217866e-01,8.8236561463119062e-02,5.6767829574143731e-02,1.0907794718542303e-01,5.2975293536955528e-02,8.6443238346308904e-02
1.1868227825923965e-01,4.4078289204863473e-02,3.8493600324459526e-01,7.7576382755498469e-02,4.0583128151044881e-02,8.4175198447563257e-02,1.5210680871036866e-01,6.5942856821041076e-02
1.1765911945806631e-01,4.9409605244695898e-02,3.5845611899498908e-01,8.0381332116510093e-02,4.6359747772398673e-02,8.8338524671850951e-02,1.4307159961339944e-01,8.1073124442431421e-02
1.2505669902185068e-01,4.6053308308497139e-02,3.7455276646553332e-01,7.9889000671544377e-02,4.2779286586940066e-02,8.0419893533781581e-02,1.4560573700116924e-01,7.2115843560428619e-02
6.2319013446575200e-02,7.0353474748522840e-02,2.6483051917025630e-01,6.9508599539578997e-02,9.2727597742170514e-02,1.6274195151408649e-01,1.2083763786672908e-01,1.1504679721246883e-01
2.3192344451851379e-01,2.6466814570216279e-02,5.1237239077782926e-01,8.0330413176160784e-02,8.8562613066990835e-03,3.4990340573554331e-02,3.3671764516221149e-02,5.3822013350515875e-02
1.7377289171013996e-01,2.4526993949266464e-02,4.5903453838950387e-01,9.0420976101573264e-02,4.0823516649158731e-02,7.2797601766671813e-02,4.7603668727859975e-02,6.0596918178306508e-02
2.6984602864646107e-01,-1.2951334006550540e-02,4.5807644709366596e-01,1.2786456007643823e-01,1.3808655105197446e-02,2.6449469915371771e-02,2.8929133512431319e-02,6.5162206368454781e-02
1.5626594474802258e-01,1.5723556555738757e-02,4.1602884420780156e-01,7.9789600588045698e-02,3.5753019626845045e-02,6.4268825690539780e-02,1.5280420188947497e-01,5.1828486695293184e-02
1.2163700414864841e-01,3.9939649194852905e-02,3.9897231317057597e-01,7.9895926165323899e-02,3.4846106424334986e-02,7.7862173063613677e-02,1.5651986893653558e-01,5.9849409878843171e-02
1.3263628145446851e-01,3.1877314244106350e-02,4.1350270259966154e-01,7.9686499561398269e-02,2.9599176624150469e-02,7.0716758519012823e-02,1.6111271282619530e-01,5.2525401272980915e-02
2.3341086045431228e-01,2.6256544383200582e-02,5.0966063915879245e-01,8.2573048799880547e-02,8.5163804396086312e-03,3.5078520979250946e-02,3.2362666569801517e-02,5.3710685288028137e-02
1.3740245105545651e-01,3.6271588172046371e-02,4.1359873675297010e-01,8.2224607557518370e-02,2.8470814493602874e-02,6.2171338139518806e-02,1.5890134628004682e-01,5.1803798877067778e-02
1.5759787154267546e-01,1.3586811478824342e-02,4.4707060390642034e-01,9.4912230504782813e-02,1.6108720712791867e-02,4.0540485866748514e-02,1.6327002468050694e-01,4.1505545084678408e-02
1.1479815528038914e-01,8.5702210366134221e-02,3.6446204557531175e-01,6.5935358429303148e-02,3.0577639397263601e-02,5.9660393538336833e-02,1.6514030825129833e-01,9.7797638276722110e-02
7.5306584951527020e-02,1.1181573681100219e-01,2.3351099940265851e-01,6.7349913459055541e-02,7.8243424345366547e-02,1.0882747106947674e-01,1.4215309751767288e-01,1.6821456189370523e-01
1.2415191678462599e-01,3.4115378507109537e-02,4.2014216108240482e-01,9.6794826685329224e-02,1.3536463055962586e-02,5.6883148248379582e-02,1.7566796309840121e-01,4.8327750417983560e-02
1.5500994243853264e-01,4.1880428179193935e-02,4.8433624640769207e-01,9.8778745665340548e-02,2.2566673584934471e-02,6.1502112077392986e-02,4.8867029132436131e-02,5.5220702605371708e-02
1.6548618569201981e-01,5.9039515073064951e-02,4.9159523464176985e-01,7.9459278243085893e-02,2.0539611467038914e-02,4.6719433229968382e-02,4.7549510933090483e-02,7.2275370324832944e-02
1.2599318064169027e-01,8.5465810139561185e-02,3.3960497286767072e-01,6.0621287341331369e-02,4.1081511363005800e-02,6.1633064709496574e-02,1.5940895766146740e-01,1.1217600522580998e-01
1.5492483176408953e-01,7.1941313813596947e-02,4.7450696271554998e-01,7.3912239905203264e-02,2.0153065074636590e-02,5.6899538212349596e-02,5.7347380323711915e-02,7.1684674378547808e-02
1.8806628486925459e-01,5.3970913587177392e-02,4.8942830295149842e-01,7.2366752557820269e-02,1.3972243605538798e-02,5.1631660304812914e-02,5.4548884790940950e-02,5.8030231381786090e-02
1.7322850810343446e-01,5.4233821649707151e-02,4.9984001959205437e-01,7.8056471481713019e-02,1.8556164784657339e-02,4.4320673043812667e-02,4.6582629188739483e-02,6.8450991701333869e-02
1.7189292286285923e-01,6.6285783572404833e-02,4.6626844708262705e-01,6.7094247420578901e-02,2.2784371812700412e-02,5.4135555651920762e-02,6.1282614015915358e-02,7.4384355259802415e-02
1.4073901848237286e-01,6.4947945771700710e-02,4.1561694082248435e-01,6.5779465078730268e-02,1.0760504526114708e-02,4.2242908443964146e-02,1.7816525564816901e-01,6.5315473367412363e-02
1.1198751521620158e-01,4.4420168070654791e-02,3.9600896973462291e-01,8.3342534116237585e-02,3.4648345971187232e-02,7.9721697916652220e-02,1.5660350091746114e-01,6.1906892572951497e-02
1.2348239828834440e-01,3.6478202509829145e-02,4.0947462353481839e-01,8.2414853164734569e-02,3.0189201959494968e-02,7.3119733269152526e-02,1.6045000985649444e-01,5.5016230267573248e-02
1.1595589785370645e-01,8.2873562000935222e-02,3.5782804533942414e-01,6.9651743547913370e-02,2.1717009123516776e-02,5.6150784982486678e-02,1.6758970667200315e-01,1.0956565969565094e-01
2.1199454316300739e-01,3.6343190184269070e-02,5.0517673820070574e-01,6.6656175811211998e-02,1.7596320809410336e-02,3.7054863300318229e-02,5.0666675864420460e-02,6.2475642736586630e-02
2.0409026210775741e-01,3.6942748651830608e-02,5.2222299632586833e-01,7.8905993417132614e-02,1.0394614268590121e-02,3.7061419566157744e-02,3.7731917813178507e-02,5.5608103696615174e-02
1.2937331429197574e-01,7.9455864819027125e-02,3.2179351409771856e-01,7.9172194260533027e-02,4.0898265711552556e-02,5.4096258640925980e-02,1.5666018211590368e-01,1.2184670627210901e-01
1.5527510179660003e-01,2.4682296748327393e-02,4.1682992788035450e-01,8.6170602522501222e-02,3.6516384356522970e-02,5.4925971647478908e-02,1.4849054125847599e-01,4.8982511732801277e-02
8.3576453513171986e-02,6.8064108333234327e-02,3.2551943631552788e-01,8.1299834777305680e-02,5.7654731482390635e-02,1.1142881450453056e-01,1.4173838795317553e-01,9.2829998882396680e-02
1.5932483499631947e-01,3.4726436208980062e-02,4.8006808234483966e-01,9.2598111702775307e-02,2.8792447923756539e-02,7.0398989738801446e-02,4.9838986316290086e-02,5.4785743765060034e-02
1.4898238709055731e-01,6.0183031842835105e-02,4.1033930625087311e-01,5.8974535010905264e-02,1.8156811570764625e-02,4.6231094893747673e-02,1.7436225641095029e-01,7.0229148576990669e-02
1.1915656806548129e-01,8.9186528314400645e-02,3.3616196720440594e-01,6.2761398201676963e-02,4.0656270072055668e-02,6.3892733921439973e-02,1.5975771833491839e-01,1.1350623654401416e-01
1.2419507616884362e-01,1.0500398113995719e-01,3.2454126464041638e-01,7.6242223210875676e-02,5.6130586285419309e-02,8.7570995147541075e-02,7.0893960106072684e-02,1.3546954274705456e-01
1.2809440011086545e-01,7.8118663115646692e-02,3.7506577849266942e-01,6.2356572174364716e-02,2.8549029767541735e-02,5.4814251828553928e-02,1.6654683390911940e-01,9.2054623399466004e-02
1.2211611212793663e-01,8.0053841197030906e-02,3.7644031073115408e-01,6.4392100214715073e-02,2.7510385525635145e-02,5.6101885282982211e-02,1.6708266117916046e-01,9.1128132927686858e-02
1.1350067567772798e-01,4.8030003657565531e-02,3.7471592860784148e-01,7.7538826345945458e-02,4.4009594487679042e-02,8.8918582039642757e-02,1.4970752268983140e-01,7.0529486074219411e-02
1.7067114420559623e-01,1.9183776506157570e-02,5.2128666409878821e-01,1.1272025364777788e-01,1.8169500302158779e-02,4.6451402703707866e-02,3.1071611980788668e-02,5.2529296099815680e-02
2.6452591770078027e-01,-1.1171863705347087e-02,4.6405953231735869e-01,1.2583094971050454e-01,1.3891652345446835e-02,2.7069240661304422e-02,2.8536936717902795e-02,6.4381575562036414e-02
1.9218467551827895e-01,1.1592460594987197e-02,4.9826111480914814e-01,9.0757064185238226e-02,2.9561911481299125e-02,5.7278559189666053e-02,4.3334180379726181e-02,5.1125104386621642e-02
1.6098291919502408e-01,3.9281505835663151e-02,4.3411092433521359e-01,8.0870639812505835e-02,4.4862554093832448e-02,8.7063542851110870e-02,5.4650435181843357e-02,6.5494517635683563e-02
1.3126409828470914e-01,5.1218644697668146e-02,4.5180473627186524e-01,9.5162189682948345e-02,3.7006673360920186e-02,8.4216201747214822e-02,4.9093300274370116e-02,6.6436454904162556e-02
1.3299570541577860e-01,6.6526302139741034e-02,4.0843255401907508e-01,6.4336479867141569e-02,1.7534315899893169e-02,5.0191055964971851e-02,1.7433435134751590e-01,7.0979641534354959e-02
1.1558229259320144e-01,7.1634305119767330e-02,4.1170528078060259e-01,7.1412149992903379e-02,1.5032936649675461e-02,5.3703988456937607e-02,1.7552930848922543e-01,6.7992163928232832e-02
1.1327713749421767e-01,9.1955974852485162e-02,3.3538801791508455e-01,6.4683371901744835e-02,3.9765563885781167e-02,6.5369973211621107e-02,1.6025056826390238e-01,1.1360131880185627e-01
1.4960096040141113e-01,6.3413486435612426e-02,4.1742753623943551e-01,6.3305042571313669e-02,1.3015064099197123e-02,3.9150501458183183e-02,1.7676445269998470e-01,6.2641205247478654e-02
1.1064853677881363e-01,9.2849194274491231e-02,3.0362034747680561e-01,7.1225151593485525e-02,3.7600912410448536e-02,6.8078438825816906e-02,1.5822552796045750e-01,1.3955072997575471e-01
1.1172790140907871e-01,8.8693060083696984e-02,3.2924901442274196e-01,7.0680257576993991e-02,2.8796050329411495e-02,6.2527845665809462e-02,1.6329234734618722e-01,1.2616504870600653e-01
1.9962709460949821e-01,7.3822802989770113e-03,5.0558465687610521e-01,9.0396734898386871e-02,2.7173081532693641e-02,5.3498605976844159e-02,4.2533774928869665e-02,4.9168205381124680e-02
1.5457133953299326e-01,1.7011599577637683e-02,4.2929225336560967e-01,8.0755313092254644e-02,2.1069241384080447e-02,5.9742672088035895e-02,1.7084956739366916e-01,4.2240304153394609e-02
1.9317010403828291e-01,4.2256147144707643e-02,5.1863202770524197e-01,7.6962464478652723e-02,1.2979651530388745e-02,3.8978941267048928e-02,4.1729694644610953e-02,5.9047799873987922e-02
1.7302572608135386e-01,6.5976626377252698e-02,4.6535488216855175e-01,6.6623208964104411e-02,2.3058603300789435e-02,5.3949449684445129e-02,6.1608890414625313e-02,7.4719245345740717e-02
1.3913018367084731e-01,7.2441344766435892e-02,3.8130684391561759e-01,5.9204392208723124e-02,2.7727330002678151e-02,5.1133029086687314e-02,1.6717357085318468e-01,8.8787542158281926e-02
1.8745561557995746e-01,4.5124236686075271e-02,5.1651322945871181e-01,7.7605608098799350e-02,1.3799987459997510e-02,4.0041900164448037e-02,4.2405631441945695e-02,6.0546601163445311e-02
1.5496648032992580e-01,5.0854626583276552e-02,4.2313442230592135e-01,6.2148429079187370e-02,1.1277616224445739e-02,4.6069980125745820e-02,1.8145943262475112e-01,5.6632204416670835e-02
1.1554944983274235e-01,3.6093502243452133e-02,4.1877181185799156e-01,9.9464252557288330e-02,1.1679653257809281e-02,5.8767139531633476e-02,1.7639790902047772e-01,5.1441283133770138e-02
9.4964157442294916e-02,6.1220035822131390e-02,3.3079521329649469e-01,7.6194253706012738e-02,5.9383680764450400e-02,1.1078761968205381e-01,1.4029080582433026e-01,8.9170419643529189e-02
8.6343049678719405e-02,6.6046265686048183e-02,3.1117819200842206e-01,7.5490525758073732e-02,6.6644765433182998e-02,1.2190553636169282e-01,1.3635653911935489e-01,9.7239220411835539e-02
1.3082038828259288e-01,5.7054880662728930e-02,3.9859474706466586e-01,8.7431934228856936e-02,5.2774553407136264e-02,1.0262266601418400e-01,5.2882660813549053e-02,8.0856187495101609e-02
1.3164893602797736e-01,3.3971559395939772e-02,4.0746210415566081e-01,7.7892943097126438e-02,3.2577830103142781e-02,7.3577988775868575e-02,1.5844467222752728e-01,5.5362791335378560e-02
1.0934169816711029e-01,5.1695505693450036e-02,3.6134959490786739e-01,7.6346068224475760e-02,4.9089270954597558e-02,9.5382692274507061e-02,1.4631805978536369e-01,7.6119179405051487e-02
1.7075147018659889e-01,2.9460510637826044e-02,4.8223039786752320e-01,9.7981865023566567e-02,3.1492485303419429e-02,5.8017592483630726e-02,4.1774406803747673e-02,5.7762801516570386e-02
1.2363311240803082e-01,5.8388302917198390e-02,4.2270378696135219e-01,9.3292018196999157e-02,4.5024647346850057e-02,9.4883157934350260e-02,5.0095747044609271e-02,7.5935230087916486e-02
1.0426918896271500e-01,5.2270450038995026e-02,3.7315522166899162e-01,8.1398241400798751e-02,4.2788702417056991e-02,8.9737332205396231e-02,1.5065301144493476e-01,7.2106646084264051e-02
1.5398113474309627e-01,5.0910230335908205e-02,4.1542346951291753e-01,8.8210596579161041e-02,5.0717620688232948e-02,8.5445353529315968e-02,5.0338482783820623e-02,6.9890820952792476e-02
2.3251654501803148e-01,2.7134819993012770e-02,5.0620416922355727e-01,8.7189217287069243e-02,7.8600559787266999e-03,3.5360924872618577e-02,3.0235380345601956e-02,5.3307105142365092e-02
1.2523847422737658e-01,2.9524602048258620e-02,4.2360699521966327e-01,9.3238424046178409e-02,1.9588182445249590e-02,6.3576467464377201e-02,1.7135303640516986e-01,4.6127252710419571e-02
1.3210021814405135e-01,7.1918569556811210e-02,3.9291799359033541e-01,6.2508204722716121e-02,2.3015312871333377e-02,5.1651948588057758e-02,1.7022521907027161e-01,8.1454077810851525e-02
1.8520786449568574e-01,1.2799199497998280e-02,5.1684008950453642e-01,1.0239235053551132e-01,2.1373595566678585e-02,4.8871764011074605e-02,3.5783446080560451e-02,5.0895388190195019e-02
1.5757695675248598e-01,2.5979052592724285e-02,5.0742576362810221e-01,1.0595807670927339e-01,2.5205223800694287e-02,5.7571605428753753e-02,3.5997377350982150e-02,5.5042058741124771e-02
1.7746646310361847e-01,1.6185391497765725e-02,5.1767705502692529e-01,1.0563081715643716e-01,2.0840643686033160e-02,4.9233900705790902e-02,3.4469217051665932e-02,5.1707675615375689e-02
1.8617761170648073e-01,1.2958453060997653e-02,5.2008810189953836e-01,1.1185999438936685e-01,1.6885157007193421e-02,4.2530916962567958e-02,3.0782494402231179e-02,5.2299420003930695e-02
1.6803913537242121e-01,2.4016227913409020e-02,4.8575094349994036e-01,9.6462401046622362e-02,3.2606998858899672e-02,6.4692118985237551e-02,4.2138256875098777e-02,5.7198528946787043e-02
1.8240887179420259e-01,1.4190028659427350e-02,5.1451512043180214e-01,1.0127043774867248e-01,2.2663262084537159e-02,5.0876983840727377e-02,3.6705333487919552e-02,5.1198715139295900e-02
1.3414600497754559e-01,7.9195565998264647e-02,3.5829273702053943e-01,5.9244182744288644e-02,3.5380832151122442e-02,5.5868097438461294e-02,1.6248091873487777e-01,1.0202888543367181e-01
2.3661266029440217e-01,2.3201386511375061e-02,5.1824232976322149e-01,6.8313964895070703e-02,1.1272815467718219e-02,3.3636996861278003e-02,4.1716159208107693e-02,5.4276649087295376e-02
9.3359827659258349e-02,5.4948850072292464e-02,3.8228141654628733e-01,8.7886565770002131e-02,3.7688324867941013e-02,8.6676472555486272e-02,1.5410295142028618e-01,6.9332872265505996e-02
1.4057198224366610e-01,7.0732094051090474e-02,3.9874606398272133e-01,6.4345281244063537e-02,1.7672484549034299e-02,4.2382734134249013e-02,1.7120823301173463e-01,7.9263821005531074e-02
1.3170613066940501e-01,3.1747787435425397e-02,3.9576745966813853e-01,9.1306476362832525e-02,3.4188228722265845e-02,6.6488062621068988e-02,1.4997663954100660e-01,6.6631686996192610e-02
1.2612737260951240e-01,8.1435585255216880e-02,3.5986893220268051e-01,6.7529820199305216e-02,2.5246401576397858e-02,5.1990967588210410e-02,1.6510573505353401e-01,1.0597926445627115e-01
1.8815492116396237e-01,1.1534196950747302e-02,5.1912381147526643e-01,1.0507828855799517e-01,1.9458954817772513e-02,4.5964703002678298e-02,3.4056628302078937e-02,5.1004242202604709e-02
1.3396413988684133e-01,7.6842317006421440e-02,3.7080728416130415e-01,6.0158649192326961e-02,3.0716597528843585e-02,5.3907577069923288e-02,1.6526612394373721e-01,9.4739311052574202e-02
1.5313711691485737e-01,6.2830544076156070e-02,3.8951043529335155e-01,7.1507342500177498e-02,2.6198445549502267e-02,3.5285688972563747e-02,1.6153833619512736e-01,8.6366228380681254e-02
1.6886521078753505e-01,4.5174382342840179e-02,4.4077379897343760e-01,6.7538100759973282e-02,1.1351561730461172e-02,2.7394436838558738e-02,1.6957763477692112e-01,5.6373786057819009e-02
1.4090050349874264e-01,6.0567413226784855e-02,4.1517124437056069e-01,7.2572555902940261e-02,4.7373864838349787e-03,4.5702021636807789e-02,1.8743523833038053e-01,5.2442475180141050e-02
1.0416345665586013e-01,8.4347295345479106e-02,3.8605103979172684e-01,7.1071036645725560e-02,2.3213747081195637e-02,5.8885304016626193e-02,1.6918712036080907e-01,8.5415605484500154e-02
1.1636439762649685e-01,1.1000304773734940e-01,3.1681649359134029e-01,7.8342091235066205e-02,5.7220118032554265e-02,9.1063524358146408e-02,6.9835453460586880e-02,1.3946929828252930e-01
1.2886714672549238e-01,8.7068422689787039e-02,3.2896781664815949e-01,6.8159921425604050e-02,4.1900323909455993e-02,5.5538828039395555e-02,1.5362538411134308e-01,1.2155263647739002e-01
1.2894518877543615e-01,6.5030612236738922e-02,4.1738852694951761e-01,7.1108410443006351e-02,5.2639508437850894e-03,4.6493941143374913e-02,1.8302275588327002e-01,6.2811895511177232e-02
1.1833835474593883e-01,8.5193825879530144e-02,3.4472344505318409e-01,6.9240597876607649e-02,2.6799618385934431e-02,5.7326459697054022e-02,1.6426487612354396e-01,1.1621041301907901e-01
1.2042970491467375e-01,9.0387854769503007e-02,3.1195618679178738e-01,6.9738782982537745e-02,4.2878221810648258e-02,6.2570094260062853e-02,1.5391669000076821e-01,1.3245030318071443e-01
1.2809938516830077e-01,8.4492000382188348e-02,3.4388926882428877e-01,6.7509391433535446e-02,3.2279367128919052e-02,5.3499728175990607e-02,1.6029766489142999e-01,1.1416348069231619e-01
1.8783526184908483e-01,4.6109974646988273e-02,5.0976359356223255e-01,7.5327879672511353e-02,1.5961290094765258e-02,4.0762821507865477e-02,4.5411917864615368e-02,6.3243466914689919e-02
1.4469480351797512e-01,8.1841136619043964e-02,4.4524030193624536e-01,7.3853290353182569e-02,2.7365586147238979e-02,6.2027049455466755e-02,6.0254451195027772e-02,8.5978983088934521e-02
1.3143057347606599e-01,3.7393966070960773e-02,3.9223409032222656e-01,7.3297192932459024e-02,4.0202551311997688e-02,8.0790697549825305e-02,1.5216336172477624e-01,6.1732366515859796e-02
1.2568996742113744e-01,7.7493245157234408e-02,3.3284682100817520e-01,7.8772045456430573e-02,3.3751642517351091e-02,5.3912731937057264e-02,1.5964467233931487e-01,1.2001666539735983e-01
1.0368858182684117e-01,4.9864612876614964e-02,3.6796134230693944e-01,8.6703691073051550e-02,3.2725223907759587e-02,8.5026516107277503e-02,1.5396174475173413e-01,8.3940839279631030e-02
1.3379556140620519e-01,5.3679997572077073e-02,4.2590646516213776e-01,9.4692910249412954e-02,3.7140099237314823e-02,8.6024382095441110e-02,5.1491918684342067e-02,8.0238512833891149e-02
1.4119413355295354e-01,7.5508544546181597e-02,4.8613390490466807e-01,8.1869631610592519e-02,1.6356168294218064e-02,5.8122119194957141e-02,5.2730748971025414e-02,6.6223011520760197e-02
1.1985566129042131e-01,6.3167111199420256e-02,4.1854651154630973e-01,7.9721698395171375e-02,7.8866401750475896e-03,5.3725095660300849e-02,1.8322277564710840e-01,5.3437844200606717e-02
1.5093231830093193e-01,4.0012823516078419e-02,4.0191714119194355e-01,9.2472026012086858e-02,5.5895628529678193e-02,9.4821762287734174e-02,5.2163436782161843e-02,7.5585432413023290e-02
1.8974099030267982e-01,1.9841471157382721e-02,4.9055955598400625e-01,8.8988091953216289e-02,2.4289909298789648e-02,6.1027513261267520e-02,5.1160144268884704e-02,4.8837731841703425e-02
2.2951581002206278e-01,4.0948593167976798e-02,5.1487103192742278e-01,7.3653198431570574e-02,1.2994701989105864e-02,2.7708344166727062e-02,3.6014738400927886e-02,4.7291834354149354e-02
2.0911635201476397e-01,1.6160252279223374e-02,5.1479464731106672e-01,1.0450693576897552e-01,1.8988931152328654e-02,3.2777559520003066e-02,3.2066514773611228e-02,4.6387531975491073e-02
1.9327915086645345e-01,1.9385594092239812e-02,5.1603658239450745e-01,1.0017393640149995e-01,2.1678429843058521e-02,4.0477912046136807e-02,3.5813959220016151e-02,4.6784248076329388e-02
2.1124728538477847e-01,2.2161382136872622e-03,5.1714482249713034e-01,1.0311265401719286e-01,1.7777632916962740e-02,4.0611922200059679e-02,3.3832294358269163e-02,5.0811612035544705e-02
1.2186555976945374e-01,1.0224294172058672e-01,3.7722189353585184e-01,7.8149054464580453e-02,4.2451745992898027e-02,7.7458942309865678e-02,6.3811252642864760e-02,1.1596972801016645e-01
1.9647072286730141e-01,4.7911967587509506e-02,5.2072219314895440e-01,8.4660578891374266e-02,4.7393542418901540e-03,3.2530337056789607e-02,3.5035387752481148e-02,5.4264509878914027e-02
1.3556423946420934e-01,5.3032046865602381e-02,4.3412778475689290e-01,7.5227842014626331e-02,1.3703104727003921e-02,4.1375054424605914e-02,1.6734651272107479e-01,6.4287853831737032e-02
1.4755406998498849e-01,6.0700884869172293e-02,4.2068705874493673e-01,6.6292183028897000e-02,8.7385935863228299e-03,4.1476732575980509e-02,1.8213062692169021e-01,5.5689660706455334e-02
1.3609778897348224e-01,7.3089215993465295e-02,3.9165569234836117e-01,6.5285832167109634e-02,1.8529827737662975e-02,4.4564646461513084e-02,1.7025747399674668e-01,8.4844427072518311e-02
1.3091739788907494e-01,5.2335711633287610e-02,4.4135584561746005e-01,9.6947047607470471e-02,3.1379829715275996e-02,8.1799159398066951e-02,5.1290342249630472e-02,7.7183288350371873e-02
2.2076788047996815e-01,4.3058504043771172e-02,5.1878135184514940e-01,7.1008166534502801e-02,1.4312550663334573e-02,2.7680457151944601e-02,3.9999427493195093e-02,4.9164699242468288e-02
1.0352608892981373e-01,5.0103272462964206e-02,3.6666825884847853e-01,8.6602344577092358e-02,3.3141130760834372e-02,8.5546697470639699e-02,1.5364425036338072e-01,8.4550696797726171e-02
2.3913308104868777e-01,3.8834105079945509e-02,5.1577059633890110e-01,6.8640726654648571e-02,1.6348338000998497e-02,2.5356649769841061e-02,3.7612954363237673e-02,4.4436120247209089e-02
8.8529857472911824e-02,1.1021867243684512e-01,1.8128998255792092e-01,9.3475038373463451e-02,8.3466958011024855e-02,1.3508418392874327e-01,7.9598090599008964e-02,2.0768923166616035e-01
1.7932661502703026e-01,3.7082502505982211e-02,4.4165397405513657e-01,7.2093419860487673e-02,4.8014518478169850e-03,2.8492810426500474e-02,1.7570045089335154e-01,4.4763796952030241e-02
1.9530513953561793e-01,4.8174040564939201e-02,5.2176642376518212e-01,8.1849409302538062e-02,6.0959272668738990e-03,3.2601670176722032e-02,3.6987874132234116e-02,5.5142569542360451e-02
8.1077320115992405e-02,1.1458786052405327e-01,2.5046792943116447e-01,6.9066471155328130e-02,6.5214704847617613e-02,9.5994382575285975e-02,1.4933612590211531e-01,1.5701913087092770e-01
1.6837188623721569e-01,2.4797951494904470e-02,5.1868639273811490e-01,1.1044856986602858e-01,1.3544317615742964e-02,4.2687432000269365e-02,3.4570330647086346e-02,5.5907189927169733e-02
1.8121553628341686e-01,4.0170011318373389e-02,4.9122485882983791e-01,8.6491543049452349e-02,2.1794588081753143e-02,5.8813671646298388e-02,5.7581236708622321e-02,3.4854660847382694e-02
1.2256950376424422e-01,6.7703586245077566e-02,4.0021299134762967e-01,7.5721678246784566e-02,2.3668377943031307e-02,4.8420053595313130e-02,1.6330860117435167e-01,8.2397646471860583e-02
1.1338951245361478e-01,8.4611552638631488e-02,3.7143943175291266e-01,6.6851821850047496e-02,2.8307711739111004e-02,5.8908331268378085e-02,1.6641314783905192e-01,9.3878759931944250e-02
1.0384087291232655e-01,9.2832481215424381e-02,3.5154857235360598e-01,6.8647233785382678e-02,3.3465394326914859e-02,6.4417691651322356e-02,1.6336421359546013e-01,1.0474867090555683e-01
1.0130570425936475e-01,9.3810934450924061e-02,3.5168672253986338e-01,6.9459136799339252e-02,3.3195341965098477e-02,6.4971511280450117e-02,1.6345063212555097e-01,1.0466726630013339e-01
1.1349707834246120e-01,8.2194453191990022e-02,3.8085579151339621e-01,6.7536319206204246e-02,2.5425633583248949e-02,5.7524732649707852e-02,1.6814264640681620e-01,8.8478070463051228e-02
1.2604900452352452e-01,9.2883773336569053e-02,3.8388515886915164e-01,8.7823910884478676e-02,4.3796121432917147e-02,7.1611790646383580e-02,5.8438930958664294e-02,1.1424266835164205e-01
1.0671497121170051e-01,9.2729482578705433e-02,3.4641589262737310e-01,6.7441849029972925e-02,3.5305170813251727e-02,6.4694646507291148e-02,1.6246481929852236e-01,1.0752016202181129e-01
1.3031101019856675e-01,9.0793984738453043e-02,4.2935389631134019e-01,7.7357092848849215e-02,3.0744230369485807e-02,6.7213802520762256e-02,5.9957859523117628e-02,9.4007597369655277e-02
1.8502790760610757e-01,1.2884382029687936e-02,5.1671458561146266e-01,1.0231726080864090e-01,2.1452471212049226e-02,4.8996737203478247e-02,3.5842400240661550e-02,5.0908276825510267e-02
2.0881056777817805e-01,4.7117262431175316e-03,5.1350371951078300e-01,1.1153664689539457e-01,1.5601252737072009e-02,3.7540150259935193e-02,3.0264367040798171e-02,5.3524599324843478e-02
1.9360568508118575e-01,6.8225648453894006e-02,4.8578677376751461e-01,6.4945223817060235e-02,1.3218080737071322e-02,4.5946854646875472e-02,6.1477924780865889e-02,4.9110227485263745e-02
1.6731725851759280e-01,5.3657149840989037e-02,5.1861315107077222e-01,8.4393393862582045e-02,1.3159741238951576e-02,4.2569271254782888e-02,3.9424199445625967e-02,6.1582983629572811e-02
1.0432231231255985e-01,7.2967435679082024e-02,3.5065106226684617e-01,8.4663860694367307e-02,6.1874083353370808e-02,1.2027060646694927e-01,5.9846666488903612e-02,1.0562545449149977e-01
1.0487971925623370e-01,5.7201957100785142e-02,3.7614642419921451e-01,7.3771635995177443e-02,4.0945763437498714e-02,8.4831765193533692e-02,1.5084608912421119e-01,7.8638025897187838e-02
1.0519078506995987e-01,5.8147448549022047e-02,3.6940248666586711e-01,7.2223771543837981e-02,4.5360609735626396e-02,9.2529870747940474e-02,1.4691309604579217e-01,7.6059224908490014e-02
8.4824649951506070e-02,6.1090318380483885e-02,3.4292961210228395e-01,7.0051201353668310e-02,6.0925775400494757e-02,1.2021701156177352e-01,1.3570842228435798e-01,8.7268840813059551e-02
8.8181921854770973e-02,6.2975775765566955e-02,3.3991808870037060e-01,7.0752024661881449e-02,5.7601022280260053e-02,1.1263423197673113e-01,1.3905226170350879e-01,9.2568216602684064e-02
9.2616307223248054e-02,6.2933224374854005e-02,3.4628283648696290e-01,7.1870304346404998e-02,5.2341414843752009e-02,1.0255400918679695e-01,1.4305535364600194e-01,9.3156513631590582e-02
1.1979213992129557e-01,6.6440864137609426e-02,3.7883014226473788e-01,8.4619747183831043e-02,5.5357026484935130e-02,1.1274980125604123e-01,6.3547321545268640e-02,7.9214390501600229e-02
1.1092200565389344e-01,5.4173675593569455e-02,3.8812860015929318e-01,7.4203853827303379e-02,3.6959109748964034e-02,7.9320847052381280e-02,1.5372140955687760e-01,7.0738021840001913e-02
8.2311389749678873e-02,6.2119414174723803e-02,2.7087467871429988e-01,8.1491064994006282e-02,6.6643742445154364e-02,1.3461595788786104e-01,1.3229698565947179e-01,1.2739652050731731e-01
1.4768161429972085e-01,3.0940787890104664e-02,4.2616800039703778e-01,8.2884852113405114e-02,2.4622131265786291e-02,5.4686052395777493e-02,1.6447023577831207e-01,4.1868043896914814e-02
1.3571926577456933e-01,4.8655208232223766e-02,4.6272200434123473e-01,9.8421917727452277e-02,2.6070241256824663e-02,7.3842608178001048e-02,5.0498953365057671e-02,6.8766322013015246e-02
1.4883202787462502e-01,1.9778689264548940e-02,4.3542899065754609e-01,9.1337166713418474e-02,2.2973294418680453e-02,4.8987362032291489e-02,1.5726346528653881e-01,4.8032649911007821e-02
1.0787692648148664e-01,5.3546307779186758e-02,3.3542711993586710e-01,8.0840039950626622e-02,5.1824519248758742e-02,1.0003059473077354e-01,1.3962700273566675e-01,9.3392285259197530e-02
1.5157894010925721e-01,3.4130735557174191e-02,4.3613827365135294e-01,7.7715174948776694e-02,1.7151072819083756e-02,5.4872978460337174e-02,1.7396092788632994e-01,2.8498002603117217e-02
1.1259719717980156e-01,9.3339039070768126e-02,2.9061769686306527e-01,7.1611264744371697e-02,5.0884175288879688e-02,7.1139397289764081e-02,1.4939770957566539e-01,1.4503037803172775e-01
9.5596962207803421e-02,6.7371686156492847e-02,2.7455915466367381e-01,9.4220602775654749e-02,8.2588950191017196e-02,1.5553188154459063e-01,5.6484598383967695e-02,1.2749356275263810e-01
1.6975000085194641e-01,3.8229675336646472e-02,4.8845631259229183e-01,9.8005090450505275e-02,2.2920594703329036e-02,5.5816957116203547e-02,4.7995810077176453e-02,4.9197407520339090e-02
1.5147143530508245e-01,4.5831134723868273e-02,4.6019249951881230e-01,9.3027949519332964e-02,3.1933787224843177e-02,7.1563999847016890e-02,5.0076488560727911e-02,6.2858398789965103e-02
1.1044934193577034e-01,4.5197707557022071e-02,3.8853356832001579e-01,8.7216588903965817e-02,2.7778518644404584e-02,7.6153471460053981e-02,1.5809121148446584e-01,7.2451347758654042e-02
2.1134248926987326e-01,1.5135886920074884e-02,5.1738971464008943e-01,9.8135219699806459e-02,2.2975704559014980e-02,3.4968486215152847e-02,3.4217169528576931e-02,4.2081955971350594e-02
2.1017248276192341e-01,1.5876818008095418e-02,5.1493436018330296e-01,1.0382914872473434e-01,1.9416062888264200e-02,3.2766329639087967e-02,3.2186227450065177e-02,4.5872489188933066e-02
1.4750778328338757e-01,3.2583295481107478e-02,4.2273899238305362e-01,8.0817634533553034e-02,2.7950751378018668e-02,5.6783865446906348e-02,1.6035947076833770e-01,4.4091723798543210e-02
1.1929288987940367e-01,9.2865483205104182e-02,3.5683280224220271e-01,6.0191777591405100e-02,3.0982722743563628e-02,5.1706685586925268e-02,1.6477594577717172e-01,1.1036674784553237e-01
1.3962591111181913e-01,7.9964447140654232e-02,4.0065631393492518e-01,5.7449424555621041e-02,1.8304527137792764e-02,4.0373584401195442e-02,1.7345118823842984e-01,7.7772683984322480e-02
1.4957544680200671e-01,3.7152619595987167e-02,4.3530465729298945e-01,7.4801790538637558e-02,2.0121987566890723e-02,5.8143397763396019e-02,1.6864106296816664e-01,2.9110247465359677e-02
1.5245348150553531e-01,6.3115991179279490e-02,5.0116229276470792e-01,8.4722393596370724e-02,1.8050816086883931e-02,4.7528740494081047e-02,4.3445940616696155e-02,7.0060006033938457e-02
1.0111075400022546e-01,5.6114190793483211e-02,3.2172523264011527e-01,8.1744522544640277e-02,5.3083356540821781e-02,1.0640587990791910e-01,1.3939004973114275e-01,1.0170122045264900e-01
1.0665363849681204e-01,5.3430389979668966e-02,3.2910968399373658e-01,7.9184946732487535e-02,5.9473385720173806e-02,1.0670038026918593e-01,1.3367971818499028e-01,9.3891840702844773e-02
2.2871230259732994e-01,1.9676487183590777e-02,4.7749379136240211e-01,1.1238251585393248e-01,1.8319437616284271e-02,3.0739145292117173e-02,3.1853829573002181e-02,5.4603413029729264e-02
2.0831772247325950e-01,2.0387502523563753e-02,5.1514591319142833e-01,9.2466694029375310e-02,1.8873801424052629e-02,4.1753707470596438e-02,4.4532222175299591e-02,3.3960520463326323e-02
1.5602932693784349e-01,6.8225856605911794e-02,4.2556332458765883e-01,5.5942035356913396e-02,1.0023591179907098e-02,3.6582677470249937e-02,1.8202338877261873e-01,5.3361736661081745e-02
2.3290458079916920e-01,1.9170143149322798e-02,4.7260834681725611e-01,1.1365577020819025e-01,1.8425564883603349e-02,3.0277455426604059e-02,3.1732764200178801e-02,5.4960564558287364e-02
7.8313032700033883e-02,5.6338377998316501e-02,3.2413797017608742e-01,8.5732219480440117e-02,6.9702963068415225e-02,1.2813244416604916e-01,1.3852247015648894e-01,7.8702626402136364e-02
1.5359374806145368e-01,6.7708422036097587e-02,4.0571204062750654e-01,6.1363282595932406e-02,2.0103574121492745e-02,3.6857407353239509e-02,1.6970066338495718e-01,7.2204037499859819e-02
2.4952409054032348e-01,4.1898622869706241e-02,4.8748825545151547e-01,7.3043560934365717e-02,1.2134716475012986e-02,3.3692709550592316e-02,3.8887143191136307e-02,4.4452254557536958e-02
1.3521619188126274e-01,5.8495698877253748e-02,4.3973836602427407e-01,8.5254689701076997e-02,3.8239113979586625e-02,8.1804141573952438e-02,5.5981100838312016e-02,7.1656584915843077e-02
2.0286049643559645e-01,2.1746906753056558e-02,5.1203906418906953e-01,9.7388600329109287e-02,1.8746537403153109e-02,3.9137040276759960e-02,3.9432637125023345e-02,4.3523912883533473e-02
1.5105773304419437e-01,7.3464340659554789e-02,4.1687698246289878e-01,5.6200051968529313e-02,1.3327166135617078e-02,3.6846265551048134e-02,1.7784520963493317e-01,6.2402763249942074e-02
1.1490180299664543e-01,5.0838120295113587e-02,3.4627468841681153e-01,7.8789463122223208e-02,5.5131952221201437e-02,9.6864086827987125e-02,1.3620614714739790e-01,8.4678961328994939e-02
1.3107075518440275e-01,5.8994777052061950e-02,3.7938683871542023e-01,9.2440278664689526e-02,5.2154149744363693e-02,1.0192009970324983e-01,5.2337613536892709e-02,9.2290018295959050e-02
1.1140581785273054e-01,5.5768349295296719e-02,3.7986618541839001e-01,7.2230005501541766e-02,4.2384485276206980e-02,8.8456341799363472e-02,1.4854543534078946e-01,6.7605061260439636e-02
1.1665107834157441e-01,4.8846827946541667e-02,3.6347731838611580e-01,8.1582631010948439e-02,4.2276481381841237e-02,8.5666756635542282e-02,1.4634537080046228e-01,8.0151335838702320e-02
9.6238752887886483e-02,9.7549087406566010e-02,2.5024786264422655e-01,7.4578349349724848e-02,6.1715953536292743e-02,9.0119184867627614e-02,1.4446113742940325e-01,1.6959174466168347e-01
2.1541193722517965e-01,4.4072292469558641e-02,5.1486490752569569e-01,8.1100341948959140e-02,8.2968636816686762e-03,3.0310830885823817e-02,3.4066590234249884e-02,5.0459027036151655e-02
2.0642750080790112e-01,4.7538347874341580e-02,5.1505624863175326e-01,7.1874941292713213e-02,1.4971197778502573e-02,2.9944806234386820e-02,4.3729871140857433e-02,5.5052290332056990e-02
8.7196000896510334e-02,9.5274675926689728e-02,2.2615208790778965e-01,7.6949125384133052e-02,7.6228296294554937e-02,1.0626485590926964e-01,1.3330047478912985e-01,1.8639842535190243e-01
1.4369316730545159e-01,6.1296165331632166e-02,4.1991368329696682e-01,6.7743898159521379e-02,7.6067674755107640e-03,4.2793926505135048e-02,1.8296267650897602e-01,5.6319060501023289e-02
1.2758044083674258e-01,7.7515904516759757e-02,3.7701731985234394e-01,6.7124643192236280e-02,2.0199241224671323e-02,4.9241117049463393e-02,1.6870692273725424e-01,9.5735387222929708e-02
1.5184555855402904e-01,6.3315213273134163e-02,3.8794578509115873e-01,7.1808685235422623e-02,2.6209411760559246e-02,3.5965242439440333e-02,1.6156269399355427e-01,8.7506892295969391e-02
1.4380884625695847e-01,3.5090944943619022e-02,4.1607430185126698e-01,8.0183158890242009e-02,3.0587540082802130e-02,6.0330652361425430e-02,1.5710696367380872e-01,4.8540883789628370e-02
1.4999270877428694e-01,5.1866374578259523e-02,4.2933314703747755e-01,7.1600615613509902e-02,1.0666103671089281e-02,3.3374190452764928e-02,1.6899893781978950e-01,6.8588667994002275e-02
2.8675579210595842e-01,3.0861960147533993e-02,4.2662470506265976e-01,9.4308588178686828e-02,1.5948509597625928e-02,4.2736355867184460e-02,3.6011986809304175e-02,3.9806484073976418e-02
1.6295933682869204e-01,4.7569917599858826e-02,4.7477770081506937e-01,8.4364271438860897e-02,2.8170692096337883e-02,6.8165218589303828e-02,5.8264565876062012e-02,4.5278097527423768e-02
1.3178599935388144e-01,4.6647261874926300e-02,4.1328074545265725e-01,7.3245587204461171e-02,2.9779533979696220e-02,7.0285773536040416e-02,1.5838119962844424e-01,4.6168667791126140e-02
1.6098530088004623e-01,7.4601039493674526e-02,4.6952166247740512e-01,7.2904282393955730e-02,1.7296889517897682e-02,5.0155773002262503e-02,5.9299571592513332e-02,7.5444746334783722e-02
1.0917111222901217e-01,4.1472565601677204e-02,4.0667700669464951e-01,9.1493795522904806e-02,1.9699305857492338e-02,6.9031124942386751e-02,1.6550361972755304e-01,6.3726849329749410e-02
1.4671693586305529e-01,7.7355501128084661e-02,3.7274345897803862e-01,6.3586263755225650e-02,3.1320937392613962e-02,4.1367061705939429e-02,1.6016299123410477e-01,9.4033741954236111e-02
1.1851070467463609e-01,4.4392093648186276e-02,4.1954403548971980e-01,8.0107330550860972e-02,2.4014801837005582e-02,6.2668258428354245e-02,1.6656134297494826e-01,5.5761934851511361e-02
1.0303128715711089e-01,5.7679694969288049e-02,3.6911473062962419e-01,7.1356741016188691e-02,4.9081189938867453e-02,1.0028648056383464e-01,1.4322701096492538e-01,7.0739426060092259e-02
1.2063008720492691e-01,8.2589921220184187e-02,3.9507319772478267e-01,5.9032916780286632e-02,2.0042944253466696e-02,4.4918746304138321e-02,1.7262489394148275e-01,9.1220832062032742e-02
1.6416127011659562e-01,6.2400454307787880e-02,4.8336165478593340e-01,8.0284316237614756e-02,1.5415896302075804e-02,4.3043757254710519e-02,5.0639392665566774e-02,8.0601712355243174e-02
1.0697278792518589e-01,4.9902995179977809e-02,4.0656658385621480e-01,7.8970086749097307e-02,2.9193853931196719e-02,6.8815551440745915e-02,1.6126864980940020e-01,6.8509477249194289e-02
1.2020695344133685e-01,8.7430893213619951e-02,3.7828602773800996e-01,5.9037347407785476e-02,2.4630908391235131e-02,4.7210732947657860e-02,1.6907931260950218e-01,1.0070856590712879e-01
1.3792928463675730e-01,7.1024679281287972e-02,4.1987766292408107e-01,5.8812953760115222e-02,1.1732556093474946e-02,4.0841677499527287e-02,1.8112315765700054e-01,6.4550906410895226e-02
1.2580942413684854e-01,5.8500314960291587e-02,4.5243700863694336e-01,8.8165715191829447e-02,3.5582977870828092e-02,7.6802561960463811e-02,5.1872757548551460e-02,7.7971774531076912e-02
1.1817457134511269e-01,8.9863228169310583e-02,3.1792660309562215e-01,6.9761515893784251e-02,3.6883197738318857e-02,6.2199021059284584e-02,1.5801152706634972e-01,1.3021107778224270e-01
1.0354198704544573e-01,9.5235145503654736e-02,2.7038896936115686e-01,7.3447913729306619e-02,5.8305314114987197e-02,8.1200417125087576e-02,1.4537121795210403e-01,1.5751096129336623e-01
1.2590319342875442e-01,8.6380536880819592e-02,3.3458716611288358e-01,6.8138627548449945e-02,3.4950645490419395e-02,5.5935702702665874e-02,1.5865967568933265e-01,1.1958734737778615e-01
9.2726346942435992e-02,9.5767659688282145e-02,2.4613099405609493e-01,7.5581374718403843e-02,6.8343767378247405e-02,9.5275694358547075e-02,1.3918687669652485e-01,1.7325475271988086e-01
1.3134275239045387e-01,7.3944489619091350e-02,4.1558736260741791e-01,5.9097195431698467e-02,1.3527247978371147e-02,4.1790057829192900e-02,1.7896620462500487e-01,7.1530903069015120e-02
1.0256656115042782e-01,6.9992475754482322e-02,3.0205666899708089e-01,9.5688517234325629e-02,6.5661993115340350e-02,1.3577153718976015e-01,5.5779696927934184e-02,1.2705504239093174e-01
9.4917356615358286e-02,5.8399126848089192e-02,3.1112649521735569e-01,8.2990276200373816e-02,5.2539283328622698e-02,1.1080937174161641e-01,1.4043451302299606e-01,1.0896891206352434e-01
1.1464868598405765e-01,9.1739218753494639e-02,3.0787577032798008e-01,7.0533552956989057e-02,3.8825174919667811e-02,6.5661678597248585e-02,1.5712885947134941e-01,1.3624765911672143e-01
1.4205268341822613e-01,8.0046373496057074e-02,3.6191467377411990e-01,6.4795955527613233e-02,3.3629396756679378e-02,4.4649865578329291e-02,1.5859960630868652e-01,1.0107061490996665e-01
9.5758708955186747e-02,5.7819623378521638e-02,3.1695321686461325e-01,8.3502638175466853e-02,4.9911446694756383e-02,1.0764460410097958e-01,1.4215370504635719e-01,1.0675785321435767e-01
2.2653149723936536e-01,1.7232936479892408e-02,5.0103649926579874e-01,9.9737605920578079e-02,1.7347433715200151e-02,3.5090144424085569e-02,3.8513515851710096e-02,4.0492523763594593e-02
1.3496155588354669e-01,9.7327185354857682e-02,3.4745838993374284e-01,8.0337166417301237e-02,4.1882224948815293e-02,7.4287683574912985e-02,6.8111996034500230e-02,1.3437271352350896e-01
1.3308351395580748e-01,7.4811736151297076e-02,3.8605240090277398e-01,6.5927176994789630e-02,1.9311192648261317e-02,4.6199276205083753e-02,1.6951576613401820e-01,8.9025356634650929e-02
1.1951011832826425e-01,8.0720916796403641e-02,4.0115913624466532e-01,5.9447755513267905e-02,1.8355936162095708e-02,4.4548040611284243e-02,1.7411089422364073e-01,8.7886089990886374e-02
1.3299367767824410e-01,5.1184719409729129e-02,4.4721022211912720e-01,9.6987124495191396e-02,3.0237397540506663e-02,7.9511693296254349e-02,5.1066027210455521e-02,7.4547507035442079e-02
2.1908872328936430e-01,1.8629045890607605e-02,5.0461069619106047e-01,9.9482494961189022e-02,1.7636807383384356e-02,3.5912646339646123e-02,3.8350757087541529e-02,4.1891881780777726e-02
9.8807473208285437e-02,5.9948780477258878e-02,3.5870520654409138e-01,7.1473234719919690e-02,5.0661965376217942e-02,1.0156295486036183e-01,1.4308181846040816e-01,8.0381678811756813e-02
9.7993318938044929e-02,5.6951192337701947e-02,3.2148492944955542e-01,8.3198349606830674e-02,4.9512046644414547e-02,1.0556461602716086e-01,1.4222905889221105e-01,1.0400011650486224e-01
1.4384789889411137e-01,3.7987588792733451e-02,4.0609297091556101e-01,7.7758294694405192e-02,3.7541507973657809e-02,6.4862321408791113e-02,1.5005322337829485e-01,5.2492504234727559e-02
1.1568391300034082e-01,9.0807086121545311e-02,3.6615590240141499e-01,5.9529699587293330e-02,2.7961306133148341e-02,5.0088626204449774e-02,1.6687659744801978e-01,1.0939953175615817e-01
1.0443469540896848e-01,5.7489905744690629e-02,3.7484731704836277e-01,7.3675434469186729e-02,4.1424172642739870e-02,8.5534530088302405e-02,1.5048936940469579e-01,7.9249693030785703e-02
1.5238313337430284e-01,4.7777222276358111e-02,4.8350166517421350e-01,9.0391780816687570e-02,2.5559501987189745e-02,6.2749361620619337e-02,5.2613179041113040e-02,5.5140231144806873e-02
8.2940120536730208e-02,5.7594822924640840e-02,3.2125812888633637e-01,8.5095172046597889e-02,6.6935186189697543e-02,1.2150438328181987e-01,1.4024926972413601e-01,8.4758215694408112e-02
1.6897479376916924e-01,3.7726672000552332e-02,4.3099005618599490e-01,9.5991658473132679e-02,5.0619280010656492e-02,7.3274954271959916e-02,4.6223044837411027e-02,6.2765473710541600e-02
2.0386632970517160e-01,1.8118381244522506e-02,5.1078549817529739e-01,9.3078846152795963e-02,2.9218420920291900e-02,4.1783677620906061e-02,3.7994525334807495e-02,4.0735641970078944e-02
2.5411291925682356e-01,1.0947868239633528e-02,4.7506201116277186e-01,1.1446893322195588e-01,2.1722266374000088e-02,2.2328143745690018e-02,2.7355767630914400e-02,5.0826107678997944e-02
1.2272467483955395e-01,8.9056070889760461e-02,3.7168462739140889e-01,5.9212780986047070e-02,2.6525640744546147e-02,4.7901853706522064e-02,1.6766064120863508e-01,1.0216057594076981e-01
1.5952397037298485e-01,7.9344211115638871e-02,4.7633619939994704e-01,6.5983240937520185e-02,1.8259058534428722e-02,4.8295226144581239e-02,6.1902207797730903e-02,7.2837167295676922e-02
1.2467007250243196e-01,5.0004006586149001e-02,4.0240262431153362e-01,7.2972638732150832e-02,3.3787217330153663e-02,7.5753361129424587e-02,1.5504575070647802e-01,5.3814464331265015e-02
2.4553220732260114e-01,3.7789357174219357e-02,5.0835027426159474e-01,7.1847141626797006e-02,1.5449436706702643e-02,2.6298612760684709e-02,3.4422351235232941e-02,4.4463586732565036e-02
1.0235506083920279e-01,1.1479275612439495e-01,2.9058089214402050e-01,7.7119907832412890e-02,5.9697329025255090e-02,9.4241821924800115e-02,7.9770471673901930e-02,1.6374948201914311e-01
1.2492908203121750e-01,8.8592158451666111e-02,3.1911522769318684e-01,6.9434318793844416e-02,4.7925708321723437e-02,5.9282094878749747e-02,1.4956340668949036e-01,1.2743019467593752e-01
1.8907299512633705e-01,3.9089442974556854e-02,4.4781624604147463e-01,6.3043502862417972e-02,1.3381619732793459e-02,2.1890104601793560e-02,1.6976518570134599e-01,4.5923160683262305e-02
1.2775454666083241e-01,3.8490385645176227e-02,3.6439462357482277e-01,9.0198000798980257e-02,4.7187537768837537e-02,7.8966063235344899e-02,1.4307952849612507e-01,7.5235166433638312e-02
1.1913336402134019e-01,9.1077562683886282e-02,3.0678312522267170e-01,7.0180200631638032e-02,4.5773251038848835e-02,6.4322743330413559e-02,1.5207876839896298e-01,1.3530655578107895e-01
1.1668889971744356e-01,9.2002904864397148e-02,3.0254953012163083e-01,7.0521579748402050e-02,4.4783719680008084e-02,6.6198153114702896e-02,1.5309803352655721e-01,1.3815487010327587e-01
1.2834132764143194e-01,8.0774051273667088e-02,3.6208628830483836e-01,6.7063765920840124e-02,2.5481345672265076e-02,5.0804281940423843e-02,1.6490823325220133e-01,1.0421233580968184e-01
1.1931367803331624e-01,9.0837482457127527e-02,3.0957263211148023e-01,6.9949359650044354e-02,4.3078691394904549e-02,6.3538666930595719e-02,1.5391511090723278e-01,1.3395489044742417e-01
8.9342105593179483e-02,9.7963722964538633e-02,2.3196242966041092e-01,7.5832624278187016e-02,6.8520096443072748e-02,1.0016064960889257e-01,1.4049415109360641e-01,1.8108227533183266e-01
1.3522162257745715e-01,9.8762816914471058e-02,3.3159065807168731e-01,8.1202002302247570e-02,4.7763206932497304e-02,7.6764954948402866e-02,6.9254364695577483e-02,1.3889668559475418e-01
9.1829785905915257e-02,7.1502399161133420e-02,2.6291236648604860e-01,9.5435918819285939e-02,7.8450471402721642e-02,1.5663179656105233e-01,5.7389748196887420e-02,1.3860608556412210e-01
1.7783671023813882e-01,7.5198387775110134e-02,4.5116990473586244e-01,6.8593375650586930e-02,2.7649364317535036e-02,4.5099989446451341e-02,6.1071758175978021e-02,7.7897071854745703e-02
1.0361698797414896e-01,7.0837670992807078e-02,3.4718253846025504e-01,8.4850910889334649e-02,6.4604698212871237e-02,1.2841293219111927e-01,6.3718075744827671e-02,9.5721436511412170e-02
9.7435865130157701e-02,5.6791320442754721e-02,3.2463058092867209e-01,8.3857321730908499e-02,4.7302343835837833e-02,1.0384904911012541e-01,1.4379767945935251e-01,1.0334341273205706e-01
1.3235283170182602e-01,4.1031260720391996e-02,4.2592314052276975e-01,7.7839729954515408e-02,2.2218856325972095e-02,6.0612901812907904e-02,1.6784390085444065e-01,4.4441245670770936e-02
1.8820385831793257e-01,2.5250741380345290e-02,5.1254860349185694e-01,9.9542559797050914e-02,1.9833116103247509e-02,4.0079722376986392e-02,3.7107027287808049e-02,5.1180031406364457e-02
1.1392445719228929e-01,3.7986073870444635e-02,4.1451344546171903e-01,8.6452705992033807e-02,3.0932302853755127e-02,6.0771129722454666e-02,1.5471104390477661e-01,7.1637088724778170e-02
1.9352915428606388e-01,6.9335773588914379e-02,4.6833530186383643e-01,7.3078189538279312e-02,1.5029319483629327e-02,4.9926235474012579e-02,5.4638092704148843e-02,5.3803920657479062e-02
1.3627704068475524e-01,6.9082606113407566e-02,4.2037979908433676e-01,6.0817693373338713e-02,1.0548137479658532e-02,4.2244608254472404e-02,1.8347629251486613e-01,6.1819331191431015e-02
1.5439941603687862e-01,8.9425901849506745e-02,4.3372471547333774e-01,6.6779976276192310e-02,2.6444915585211878e-02,5.2897313612841911e-02,7.0026202985361760e-02,8.9981388440886087e-02
1.3297317945104736e-01,1.0239261307766426e-01,3.7344020593996763e-01,7.1391459619606870e-02,3.9627697584078525e-02,6.7048553238162292e-02,7.3920527296605865e-02,1.2188488261709715e-01
2.2848672009818660e-01,4.6220327828689053e-02,5.1459275405541816e-01,6.4873979513830379e-02,1.0393131014210013e-02,3.0600056403413206e-02,5.1224043178540443e-02,3.9743435846799048e-02
2.7744715334504877e-01,3.6458489690237725e-02,4.4434252943211344e-01,8.4706826427205464e-02,1.5221598973100494e-02,3.8786122622629871e-02,3.4853961022191314e-02,4.4366312272476845e-02
1.3315400653892259e-01,5.7277243632586863e-02,4.5077286162387875e-01,8.6637227451086360e-02,3.5629628428067918e-02,7.7453958946863896e-02,5.3942998505007708e-02,7.2339520910989608e-02
1.3409828902257512e-01,3.7000919251720575e-02,4.2546421463128142e-01,8.4976931473790068e-02,1.7487253006798733e-02,5.5199792719375598e-02,1.7635278566943974e-01,4.2676344085490252e-02
1.4975783428188902e-01,5.0449809667744247e-02,4.7245626756708287e-01,8.6777209293191562e-02,2.9274275748044618e-02,6.8787916563206555e-02,5.4951262334059232e-02,5.6720088786206026e-02
1.6825959158815662e-01,7.8468412934865561e-02,4.4142806502777399e-01,7.0845638890328869e-02,2.7387348449964873e-02,4.9357052174519224e-02,6.1841924509358950e-02,8.5408910112515724e-02
9.5530658421341605e-02,5.9113041502832468e-02,3.7202708787956096e-01,7.5372839796495533e-02,4.1095851701729795e-02,8.4282477789294249e-02,1.5139897762743781e-01,8.8686844740421780e-02
1.7033651952476064e-01,1.5649821225196203e-02,4.5152894043685859e-01,8.5926733944123951e-02,1.4642428750861976e-02,4.0569756683499839e-02,1.6927658373452886e-01,2.8843598439266097e-02
1.5239656061637311e-01,3.0653668737956514e-02,4.2688635155852861e-01,8.0396944003468335e-02,2.7362531240773022e-02,5.4135250141696699e-02,1.6161037672267073e-01,4.0399975132829467e-02
1.7492972681585939e-01,7.9433080543814677e-02,4.3042621737917769e-01,7.0075895192648049e-02,3.3156515398492112e-02,4.7203840727312651e-02,6.2576560103555182e-02,8.6848045940850396e-02
1.9385212222278464e-01,2.4268673260744306e-02,5.0928326719668904e-01,1.0229903243969789e-01,1.9048455537538721e-02,3.7437310773217020e-02,3.5152303515750494e-02,5.2424245764516000e-02
1.0101521044012514e-01,7.0535718354979737e-02,2.9768060030379651e-01,9.5845852848764276e-02,6.6389176276003575e-02,1.3774422184180293e-01,5.5992802304875286e-02,1.2906888870656669e-01
1.5277256517497312e-01,7.5652047254273339e-02,4.7252460526005391e-01,7.5394412518389589e-02,1.4312966618333868e-02,5.2354445217411075e-02,5.8887334176841111e-02,7.6448244116331623e-02
1.2100868790748540e-01,8.0607451287852877e-02,3.6612030626173958e-01,6.8556697134386280e-02,2.1127906153934842e-02,5.3088024865872857e-02,1.6797917476857391e-01,1.0363427693379136e-01
1.1860313407845997e-01,8.5837437653730531e-02,3.8452752771408066e-01,5.9088339734685628e-02,2.2957061409243053e-02,4.6586295106777781e-02,1.7033599617341735e-01,9.8370470374606958e-02
1.1099172201148877e-01,9.3392431805436896e-02,3.5648455737802393e-01,5.9936864793306385e-02,3.0585536904445008e-02,5.2729278991917559e-02,1.6528503854901305e-01,1.1694081984366035e-01
1.2262131759309534e-01,1.0361854673428988e-01,3.7880478666789053e-01,7.0487333651641615e-02,3.9523625666532156e-02,6.7437849111548778e-02,6.8397606541552150e-02,1.3116489726563063e-01
1.4386867142518442e-01,8.8676796396455884e-02,4.4663287512137823e-01,6.7006147766439775e-02,2.5112871963094151e-02,5.3214578021833894e-02,6.4436598523007815e-02,9.3734369014053159e-02
1.4338855894769539e-01,8.8144485569854339e-02,4.4979147702998168e-01,6.7043241903464779e-02,2.4581052772821233e-02,5.2926259915960602e-02,6.3745332174602348e-02,9.2931163703336983e-02
1.1780077005161967e-01,8.9311930169678130e-02,3.7163757891770854e-01,5.9303151382611663e-02,2.6459613018063162e-02,4.8739618515014113e-02,1.6784332767592797e-01,1.0545359453763982e-01
1.0574192641721443e-01,1.0862767408783450e-01,2.3889904459345515e-01,8.9130524710606035e-02,6.8361762106833063e-02,1.0995552965170975e-01,7.6246445546486685e-02,1.8127059627219921e-01
1.4389277713751453e-01,8.6400816803016395e-02,4.1745664284841133e-01,7.6435696662171745e-02,2.6069683229960949e-02,6.0740225051584482e-02,6.3668040076833188e-02,1.0432964363608985e-01
1.1834738635410019e-01,8.3771913670131051e-02,3.5205956981198705e-01,6.9171231403700656e-02,2.4441871579389915e-02,5.6152362705172855e-02,1.6577792560142973e-01,1.1220267544099644e-01
1.4950714454893932e-01,7.4243374411001331e-02,3.8435799791233649e-01,6.2602500180512652e-02,2.7397764249763264e-02,3.9284463680905192e-02,1.6322880686175634e-01,8.6731467830814202e-02
1.6529893012092917e-01,3.0844253440859667e-02,5.1262330579288318e-01,1.0062441259265478e-01,2.2266905901017413e-02,4.3662716547844330e-02,3.5434808158211518e-02,6.1404782932334222e-02
6.5115485630574454e-02,6.7158203211746370e-02,2.9568244989089981e-01,6.7909312060741481e-02,7.5459202522541749e-02,1.4197449397891498e-01,1.2883032445882975e-01,1.2042035683714972e-01
1.9715149111035812e-01,4.0055953351348601e-02,4.5941032019975403e-01,1.0330350033328542e-01,2.0869811090095346e-02,5.1735768814060223e-02,5.1564210092333675e-02,4.7267091215905298e-02
1.0623965971469185e-01,9.0531147342423887e-02,2.6535966529474120e-01,8.4752199294495331e-02,4.9235286550775012e-02,7.4931219955852349e-02,1.5592448370738843e-01,1.5313361920747162e-01
1.2301903195054999e-01,9.1913188472533117e-02,3.6068982596395549e-01,6.0314706966322719e-02,3.0245743961235725e-02,5.0467380809615305e-02,1.6500829265229652e-01,1.0559014192986817e-01
1.3970143440833277e-01,6.5767727921252295e-02,4.0734111211131246e-01,6.7375864794607929e-02,9.4188571175442253e-03,4.6255786603850269e-02,1.8924824075480981e-01,5.5952071978821932e-02
1.9431099304012003e-01,5.3655354380087367e-02,5.1371660847639677e-01,7.3235989285129519e-02,1.2903282699753937e-02,3.3093811357220081e-02,3.9698495142755787e-02,6.0805423463377584e-02
2.0134687227566886e-01,5.3461810464444849e-02,5.1272271450069129e-01,6.8039737729843341e-02,1.2969130280639184e-02,3.2717915857237691e-02,4.9037913710822029e-02,5.4398210112866864e-02
2.0700910721447860e-01,5.1388309732685884e-02,5.1397302030101144e-01,6.8200036451998375e-02,1.2214901658557256e-02,3.2291445302888584e-02,4.7287320969856189e-02,5.2009554801891032e-02
2.2677341039751170e-01,4.6942279228305073e-02,4.9195315029291342e-01,7.8493044075761714e-02,1.2777600017579964e-02,3.3567488103729719e-02,3.4139736847946710e-02,5.3847586422685834e-02
2.6094740549168971e-01,3.9532833251770753e-02,4.5167464493615478e-01,8.8838101431142652e-02,1.4895233033764579e-02,3.7816271498012151e-02,3.2103879544276334e-02,4.8543648298065671e-02
1.2359520335321740e-01,8.8206087812015888e-02,3.7477239601992957e-01,5.9051348632247966e-02,2.5646943883178990e-02,4.7189295495495727e-02,1.6825378806645816e-01,1.0021365407027741e-01
2.1693137768680718e-01,4.8469370397275231e-02,5.0603259233164488e-01,7.3268932777245832e-02,1.2032962606687122e-02,3.2695455419510737e-02,3.8747096305943564e-02,5.2994435204850393e-02
1.6296848785325174e-01,7.9581795067913574e-02,4.7296592941637500e-01,6.5142961610150193e-02,1.8623252265680741e-02,4.7884857031288808e-02,6.3992540862521069e-02,7.2015171623149216e-02
1.1566877292946588e-01,9.3541745089782358e-02,2.7015153402409864e-01,7.1839361740228605e-02,8.4188559759144133e-02,8.8446645929058737e-02,1.0217164719755910e-01,1.7662253673966358e-01
1.9195819646759399e-01,5.5490291840059144e-02,5.1270501000208590e-01,6.9742180553998542e-02,1.3709968849940754e-02,3.3521631183996918e-02,4.6464079061291262e-02,6.0119027662862624e-02
7.3171707452468746e-02,1.0234664721127051e-01,2.7778415418839397e-01,6.4749892082153176e-02,6.3145517098471146e-02,9.8710208316557857e-02,1.4551191252049364e-01,1.6198962803394529e-01
8.0090083079695673e-02,1.0173277657040376e-01,2.6142742578527983e-01,8.1445077450240391e-02,6.4128607263956569e-02,8.7437546394228849e-02,1.5619362531817416e-01,1.5355140873748435e-01
1.1599596363560888e-01,9.0268713765438643e-02,3.1686198975195873e-01,7.0117858867995680e-02,3.5749162839893656e-02,6.3266949391119778e-02,1.5888268981072284e-01,1.3137332651060982e-01
1.2826369512362285e-01,1.0023147539125345e-01,3.3184389820356958e-01,8.1910605878666637e-02,4.3462857438621966e-02,7.9767741709493439e-02,6.9127001803081817e-02,1.4313102773659453e-01
1.0203049677089911e-01,9.7880910887842440e-02,2.7021313344858955e-01,7.3082139428753592e-02,4.6505227484189247e-02,7.9459388960152547e-02,1.5401080253448901e-01,1.5840720849333972e-01
1.1318735868026286e-01,8.9795697503585584e-02,3.2176575437399318e-01,7.0502168081837721e-02,3.2101041362955350e-02,6.3386151499095114e-02,1.6125927219581715e-01,1.2966184604883196e-01
1.0514077809012093e-01,9.6350456219800637e-02,2.8107295658865922e-01,7.2460278237698628e-02,4.3709042308557780e-02,7.5468527324970877e-02,1.5524808822816996e-01,1.5222792059243551e-01
1.1369863329005626e-01,9.0011608281012942e-02,3.2009477051081991e-01,7.0437931543625334e-02,3.3003756512440419e-02,6.3514859564618914e-02,1.6069224511523189e-01,1.3037812938293283e-01
1.3567553612166891e-01,9.7098849466295059e-02,4.0708348936885952e-01,6.8831438372014178e-02,3.3056435738691339e-02,6.0193669543622201e-02,6.8413714341772028e-02,1.1231891508752356e-01
1.1493032182992162e-01,9.2401523138348943e-02,3.5963980635729592e-01,5.9780347113186756e-02,2.9782567406868320e-02,5.1510371150095206e-02,1.6571966867580601e-01,1.1281851483728568e-01
1.5215638161451395e-01,7.9921430039334954e-02,4.7958871111546031e-01,6.7941851499764311e-02,1.8151274279592705e-02,4.9174487124326247e-02,5.8563952315308289e-02,7.5650473446482500e-02
1.0341115457840717e-01,9.8695829411627634e-02,3.3368506587366142e-01,6.0773015044562839e-02,3.6842889531609302e-02,5.9048582490011374e-02,1.6180317042692141e-01,1.3202326120411398e-01
6.2878299196075640e-02,6.8851536001071661e-02,2.8715835099400522e-01,6.7795732541092404e-02,7.6797335286222707e-02,1.4332234672896918e-01,1.2877053143147882e-01,1.2695697069580394e-01
9.5538990301287832e-02,1.0339614684946741e-01,3.0351036403598358e-01,6.3195737623721035e-02,4.8061217508672753e-02,7.2033828222665602e-02,1.5588360509260846e-01,1.4580426833504487e-01
1.1916021575885895e-01,9.2587341300970571e-02,3.5801213942939580e-01,6.0052701145165026e-02,3.0554951104834804e-02,5.1394339074729900e-02,1.6507004228573394e-01,1.1013487296159197e-01
8.4277937534733768e-02,9.8831587862428114e-02,3.0499703143771784e-01,6.7283906677769789e-02,5.8605310408027050e-02,8.5684945801543955e-02,1.4603250547347041e-01,1.4546931646038347e-01
9.9981631990181841e-02,1.0096029521886969e-01,3.2275491293550024e-01,6.1169090030280725e-02,3.9926423566749400e-02,6.2404195694608970e-02,1.6023345549584050e-01,1.3888392322386814e-01
8.9818811298942564e-02,1.0135995809163134e-01,2.7326695196488149e-01,7.5482196812516195e-02,5.5318042371777683e-02,7.4083733232116061e-02,1.5758531802244835e-01,1.5793629611774548e-01
1.5524299411483608e-01,1.3610901461945910e-02,4.4164170377283873e-01,8.3560861401646189e-02,2.0009404306883669e-02,5.5173537596914249e-02,1.6551987141955724e-01,3.8319690416325103e-02
2.0176176455656777e-01,3.2703950961955039e-02,4.4498718611452570e-01,6.3894704431639610e-02,1.0709051198889402e-02,2.2733746786030899e-02,1.7376943958869037e-01,3.8504082872725630e-02
1.3682868976577919e-01,7.1014997686114467e-02,4.1979180616033063e-01,5.9112586699830369e-02,1.1705706764259012e-02,4.1132377553117376e-02,1.8124844185591035e-01,6.4869624210305482e-02
1.0823465423124472e-01,5.6958137752678814e-02,3.7497937183242697e-01,7.2426130072437506e-02,4.3284733387038477e-02,8.9346162787378849e-02,1.4831462935322215e-01,7.2726265081072966e-02
1.7103111924945574e-01,6.3595243127654383e-02,4.9966813706904750e-01,7.0943411743864301e-02,1.7837732669028036e-02,3.6956774066196192e-02,4.9511023634499281e-02,7.4124410090127657e-02
1.1197412120869606e-01,4.6051624245138867e-02,4.1667270215770863e-01,8.1097901972854242e-02,2.4921413281879724e-02,6.3694857526818541e-02,1.6579202211360586e-01,6.0979755417786254e-02
1.0876621962550825e-01,4.7483291927195831e-02,4.1364175472015446e-01,8.0804308737155009e-02,2.6206711544637412e-02,6.5201382905872698e-02,1.6441577357353002e-01,6.4325339382953706e-02
1.2460596793643372e-01,5.7926808638901518e-02,3.9340484929911745e-01,9.4655144001305369e-02,5.2738263140775475e-02,9.4035651469432033e-02,5.4144263241084699e-02,9.1437242105341557e-02
1.2078901000791648e-01,8.5251194525326035e-02,3.4316181558538300e-01,6.8794538210769710e-02,2.8489949810461185e-02,5.6626246998400326e-02,1.6310419034914606e-01,1.1642719219695823e-01
1.6032280716396374e-01,7.8742898026571501e-02,4.7802454237300013e-01,6.6094885822097396e-02,1.7857958764468992e-02,4.8142948267593424e-02,6.1483999849169142e-02,7.1676476985573001e-02
1.3841110779597388e-01,6.5372879329883296e-02,4.1623772092454964e-01,6.5053718338872954e-02,1.8114695248245244e-02,3.4307110867880686e-02,1.6868197420843398e-01,8.0929439173924436e-02
1.7691367948056291e-01,7.5792256420172177e-02,4.7822331551476499e-01,6.3471607510005412e-02,1.6465009502481798e-02,4.5446646230294492e-02,6.6428321087553005e-02,6.1408137542250919e-02
1.4246876903957467e-01,6.4100992562105552e-02,4.1890563876343084e-01,6.4629151985673705e-02,1.7249922370033241e-02,3.3343391976046965e-02,1.6940306498703758e-01,7.7263697068542400e-02
2.2561467097406332e-01,4.7403447082374164e-02,4.8746640336528663e-01,8.1735827763703583e-02,1.3184903410050767e-02,3.3872164213635571e-02,3.1935407013833322e-02,5.5764687720815213e-02
1.4935258144597957e-01,8.0113554340461135e-02,4.0268817020638331e-01,5.7758466926188863e-02,1.8339371165004135e-02,3.7622560044324786e-02,1.7233955521270755e-01,7.0104690653409019e-02
1.3274810114558352e-01,9.2504965204113540e-02,3.8868415268201206e-01,7.9287925839886281e-02,2.9651025983444452e-02,6.8722960093752172e-02,6.5580931521616703e-02,1.2025542493898521e-01
1.0893217565870229e-01,9.5089089039205404e-02,2.8585500139502279e-01,7.1883228173903843e-02,4.5546181164119938e-02,7.3078775025474940e-02,1.5364239447793906e-01,1.4867449586591089e-01
1.0691151951566415e-01,9.5252790634754378e-02,2.8877038540990563e-01,7.2064265988071821e-02,4.1406270237720630e-02,7.2888657737616672e-02,1.5638446068597289e-01,1.4796428830104702e-01
1.1317104191824275e-01,9.0556999250128736e-02,3.1704628010843205e-01,7.0578197423445177e-02,3.3841725404618300e-02,6.4316819610886061e-02,1.6023119672522040e-01,1.3208094257629127e-01
1.1910859431386286e-01,8.4012291483541265e-02,3.5044481746848499e-01,6.9030175703544153e-02,2.5279956050062346e-02,5.6115717529103992e-02,1.6521868956177940e-01,1.1290327539937635e-01
8.0314665738440733e-02,1.0654034336564283e-01,2.7261354568566137e-01,6.4464244823358746e-02,6.0082545474277681e-02,8.8135269873425737e-02,1.4973100786848698e-01,1.6706178318112713e-01
9.9600528595375090e-02,1.0153818317080597e-01,3.1934421644284494e-01,6.1353630384911477e-02,4.1013533360038122e-02,6.3550687993236238e-02,1.5968412893039458e-01,1.4032561353585876e-01
2.0105309193002394e-01,4.1532571019032780e-02,3.2472602235790149e-01,7.7710434933815201e-02,1.0457350464539068e-02,6.3348476472176452e-02,2.1290494413265329e-01,4.6450998039352091e-02
1.3547463522953515e-01,6.3927340177000122e-02,4.2146979987955696e-01,6.5313124447659951e-02,1.6968263319943628e-02,3.4145552312018913e-02,1.6871042224494082e-01,8.0730545639012066e-02
9.6705884498633099e-02,1.0349787174170862e-01,3.0631363487212587e-01,6.2310703607308976e-02,4.5713996843895530e-02,6.9008707322312998e-02,1.5730662676988785e-01,1.4603289282821791e-01
1.3863839070454864e-01,8.9012463619889209e-02,4.4976379781378051e-01,6.7564961642804927e-02,2.5005489325797430e-02,5.3662736459556673e-02,6.2467956561516012e-02,9.6040421056683534e-02
1.5382857978321685e-01,7.2239380347292367e-02,4.7553687871562067e-01,7.2829345504821494e-02,2.3504650831555375e-02,4.2196995771120412e-02,5.2475519695111661e-02,9.0639222091654370e-02
1.2473228348663978e-01,7.5344917918067938e-02,4.1358139076380573e-01,6.0052465163847900e-02,1.4294739097623512e-02,4.3052191504215104e-02,1.7824240588894544e-01,7.5908585278380819e-02
1.1493006142522133e-01,9.0118210833014675e-02,3.1858114864076997e-01,7.0255120673939367e-02,3.4332427470657935e-02,6.3338387633655679e-02,1.5981632305155979e-01,1.3080588855809580e-01
9.0445957557738946e-02,1.0097659606066710e-01,2.3083920519818441e-01,7.5218570620341443e-02,6.1055665965037816e-02,9.6885956497419726e-02,1.4668056221085995e-01,1.8077802321707973e-01
1.2996168637108499e-01,9.9388764133561514e-02,3.3691931607187398e-01,8.1468676547885657e-02,4.2716780462322551e-02,7.8168586115715269e-02,6.8795304351334227e-02,1.4053895185845025e-01
1.3730679083123720e-01,8.7544513546607652e-02,4.1738062713258473e-01,7.7840407611332305e-02,2.4104463738157313e-02,6.3052114747306362e-02,6.3736669012232711e-02,1.0680219395752494e-01
1.4598362240938881e-01,8.7257988255183036e-02,3.9959913815034759e-01,7.0909378199379314e-02,3.2549771205474969e-02,6.5181356974419125e-02,7.7070846337514293e-02,1.0293570659175659e-01
1.4120553403225911e-01,6.8929716659106133e-02,4.0544501353589224e-01,5.7817296346992862e-02,1.5897220462174799e-02,4.5271780992045908e-02,1.7653923709193278e-01,7.5438944505246519e-02
1.1602052810717307e-01,9.8679480763716021e-02,3.3912593759198012e-01,7.7826467425758050e-02,4.8708335639952978e-02,8.6508085758812178e-02,8.2416324976956792e-02,1.3065012448477417e-01
1.0852887300579643e-01,9.3475956097774773e-02,3.5700188605732347e-01,5.9995984917786141e-02,3.0425647664767314e-02,5.2977089156552200e-02,1.6539781199555978e-01,1.1834267760354268e-01
1.3067245008750461e-01,1.0436244058908851e-01,3.5732035478034241e-01,7.3544876786634406e-02,4.3133543225558776e-02,7.1513032727381298e-02,7.7773511054013589e-02,1.2436428382786058e-01
9.1817371333033651e-02,5.8206217566400813e-02,3.6272120158453580e-01,7.4619017175175550e-02,4.5394865581275409e-02,9.8243431853062432e-02,1.4992480716269455e-01,8.5339627251103264e-02
1.6523163229468801e-01,5.4633268842903919e-02,4.3799751564563810e-01,6.1991184756115682e-02,1.1168128935386575e-02,2.8026239745670294e-02,1.7401441962653175e-01,5.5572150313309268e-02
1.5215476053203036e-01,8.1416973588330971e-02,4.7366303854047648e-01,6.6860208524717135e-02,1.9376861649498506e-02,4.9446477598606771e-02,6.0781557108884547e-02,7.8304711966663706e-02
1.3172962537888055e-01,6.0434872206132979e-02,4.3226622949613802e-01,6.6437481711332971e-02,1.4256149536505950e-02,3.3470284132186993e-02,1.6920139328421913e-01,7.7974029550100354e-02
9.7755658920899005e-02,5.5733603737642801e-02,3.8737594249985069e-01,7.7247813034796525e-02,3.5833028656587183e-02,7.7122552391485660e-02,1.5551966941749870e-01,8.2083458498017570e-02
2.0858701283641679e-01,4.1428964181493028e-02,5.0666074765178337e-01,7.4037057976398368e-02,1.1100016216366118e-02,3.9987555629233576e-02,4.6163695181879565e-02,5.5180119376796150e-02
1.1703118905584375e-01,4.2487480259847311e-02,3.9516630547495629e-01,8.4123500246755981e-02,3.7038306982738016e-02,6.9604638512103634e-02,1.5217422138610076e-01,7.1423192991184450e-02
9.4728481695438016e-02,6.1582523535654986e-02,3.5059952386228133e-01,7.1412843737211712e-02,5.2721044159350611e-02,1.0430580563512579e-01,1.4217144991075956e-01,8.6924715419662901e-02
1.1784028235701798e-01,8.5478212742797655e-02,3.6377304253648746e-01,6.0276982506309383e-02,2.9078129410845747e-02,5.7193714027085098e-02,1.6679394260829378e-01,1.0533938823524469e-01
1.4368422934390504e-01,6.6455519875176464e-02,4.1067271494931312e-01,5.7546513177060075e-02,1.4099559343318864e-02,4.4553159289453713e-02,1.7853478999936678e-01,7.1144144499688172e-02
1.5705258146087259e-01,7.4278227074110734e-02,4.6823761080407295e-01,6.6878302364404660e-02,1.9088064871178468e-02,5.6264606364229502e-02,6.7052642620449188e-02,7.4333348862302015e-02
1.6396029697423994e-01,3.8466636700470305e-02,4.3336258236228803e-01,7.1297405506356729e-02,6.3162792264473862e-03,3.9038995413684198e-02,1.8219044269230736e-01,5.0600773066227553e-02
1.8687985698219720e-01,4.9065680795003556e-02,5.1197240061900906e-01,7.4662449339450224e-02,1.2797674568235875e-02,4.1446346773014099e-02,4.6473237648402374e-02,6.0025060154122567e-02
1.6186027837147771e-01,7.7743137161599016e-02,4.3362856789599169e-01,6.7544628946538274e-02,2.4333860617314466e-02,5.6471120954048278e-02,7.5426011222290229e-02,8.5577868940131918e-02
1.1898097609438497e-01,8.4516501347290302e-02,3.6115590602187914e-01,6.1582133491885606e-02,3.1081557538745700e-02,5.7512239349308443e-02,1.6366233300876051e-01,1.0667192667005551e-01
1.8271186765834341e-01,6.1345978649769456e-02,4.8258241857206902e-01,6.6071346595931238e-02,1.3151733273268802e-02,5.2622287034795198e-02,6.6539158617986705e-02,5.7916481656540057e-02
1.4147116897765361e-01,4.7041265961187212e-02,4.5735519810062542e-01,8.6704655779989773e-02,3.2825348106839902e-02,8.1849335628139896e-02,5.8252623651179419e-02,6.2045397158999309e-02
1.8378133445073608e-01,6.2680956732185419e-02,4.7644740365402011e-01,6.3484798723594138e-02,1.4252668654839245e-02,4.9813566911257080e-02,7.1725207358646473e-02,6.1800824058982060e-02
1.6270432696146830e-01,7.3387407033273233e-02,4.6150779314071305e-01,6.5861802606894809e-02,1.9577319409228255e-02,5.5053181155939247e-02,6.9921670890066151e-02,7.5432259705082064e-02
1.2794574514136231e-01,7.3308730950302950e-02,4.0201284152244721e-01,5.9149370353909048e-02,1.7441001056596798e-02,4.9922004218552300e-02,1.7705938929780402e-01,7.9607930685897513e-02
1.4332993703366279e-01,8.6802065488596855e-02,4.2219668008108852e-01,6.8528772169447930e-02,2.9113536363753280e-02,6.3477222802033217e-02,7.1215959069311038e-02,9.7985582598983559e-02
1.1528177732917715e-01,8.6897350724030140e-02,3.5423616347547449e-01,6.1648538559222026e-02,3.3005050338584904e-02,6.0033444462042111e-02,1.6293619355625502e-01,1.1119292708021225e-01
1.5002772192207323e-01,3.6286626641509633e-02,5.0174480740159522e-01,9.7475653325091824e-02,2.7004184720578150e-02,5.2178606693659410e-02,3.8575708866036194e-02,6.7610336714498356e-02
1.2281256242746129e-01,7.9007743042794926e-02,3.8726221827539409e-01,5.9369844367026692e-02,2.2000483547935729e-02,5.2538421922817297e-02,1.7285277619597766e-01,9.0449717419042994e-02
1.2546850403451640e-01,7.4675667963980730e-02,3.9984762905828397e-01,5.9370693178707752e-02,1.8222784082120826e-02,5.0762684952143658e-02,1.7649509369511862e-01,8.1560825649954177e-02
1.5043284336093210e-01,5.0808653620992829e-02,4.3092713042035913e-01,6.4706978984478011e-02,1.2700619155720062e-02,3.7952525724900335e-02,1.7514294088530302e-01,6.5078007635510471e-02
1.2352803016320230e-01,7.7399552387499335e-02,3.7932006666450580e-01,6.8063872111251908e-02,1.7989092869437142e-02,5.0465688984793373e-02,1.7027705240876587e-01,9.5229187708386814e-02
1.9546352309803780e-01,5.6897368698491400e-02,5.0645755929692771e-01,6.7806010064615244e-02,1.4571469719623949e-02,3.3617091537387067e-02,5.3024065155333214e-02,5.7488323481142876e-02
1.7285296423355026e-01,6.3613524353905909e-02,4.9803281496604362e-01,7.0602683824071935e-02,1.7965004371505711e-02,3.6964143801330972e-02,5.0683265327361837e-02,7.3231325724625734e-02
1.1465784300980734e-01,8.6618099026171166e-02,3.6393246737483975e-01,6.0186311566418467e-02,2.8957903820783081e-02,5.8100253481662367e-02,1.6755843087023120e-01,1.0593182335126169e-01
1.5685769085386486e-01,8.0362009383904226e-02,4.2913487155393520e-01,6.7868182126699594e-02,2.5874790687839311e-02,5.8548116740318679e-02,7.4489684932639827e-02,8.9437393346111699e-02
1.7162015659350258e-01,6.6392679237445698e-02,4.7981265008554086e-01,6.6220312672025022e-02,1.5109396174977955e-02,5.3564869389754473e-02,6.6737643600412996e-02,6.3682196115617734e-02
2.2888339399801483e-01,6.4904434309087655e-02,3.8693988087155312e-01,9.9027863181081019e-02,2.1403677683483110e-02,6.2639802733370609e-02,5.3165831820875933e-02,4.9742757441473599e-02
1.1137911763440336e-01,4.6309342290777142e-02,3.9444828234835083e-01,7.5059116120617539e-02,3.4753469094902276e-02,8.3858915922013944e-02,1.5672879614922158e-01,6.5189446209575216e-02
1.4132954556970559e-01,7.1132494075738129e-02,3.9851713446016152e-01,5.8466921755856514e-02,1.8374774932016308e-02,4.4915753504159169e-02,1.7285533497934238e-01,8.0464209159564370e-02
1.4716084658719680e-01,6.7107219971318618e-02,4.0740767517707360e-01,5.7632930865640294e-02,1.5338531141736531e-02,4.2571319836243411e-02,1.7552754191568248e-01,7.3616447441628360e-02
1.5400072266199855e-01,8.2674375776537065e-02,4.1362042356745971e-01,6.9840265675585184e-02,2.8848710984758826e-02,6.0713446336696286e-02,7.7287000176007842e-02,9.4761779416550146e-02
1.5013595860179862e-01,5.9032616175269587e-02,4.2183750350568544e-01,5.7775147660923266e-02,9.3792833969577379e-03,4.4445098879905331e-02,1.8527227083199960e-01,5.8851827435255744e-02
1.6007804387421717e-01,7.4685880710078270e-02,4.5974381168785189e-01,6.6155350624786100e-02,2.0233120179816169e-02,5.5799223679365427e-02,6.9591915178947222e-02,7.7094167233291030e-02
9.7235470662546744e-02,5.5118154879605377e-02,3.6723169269741635e-01,7.3738613563555322e-02,4.4635123542777141e-02,9.7578203295732177e-02,1.4936599043305882e-01,8.0672183718740256e-02
2.4933074591443954e-01,2.9422344576458224e-02,4.8107460157932785e-01,7.4679409317391560e-02,1.0543021538922630e-02,4.0239982461283984e-02,4.5420181958092949e-02,5.1506196800811081e-02
1.0134363969916445e-01,9.4999439708551903e-02,3.2694976477465110e-01,6.2425612785692329e-02,4.1409193547241013e-02,7.0532833221021357e-02,1.5891115929911204e-01,1.2878691946618925e-01
9.4150066915765801e-02,6.3261688052616699e-02,3.4690472331244743e-01,8.5164039412977913e-02,6.6993398234186805e-02,1.4102338551247665e-01,6.4061768980116035e-02,9.3805576811583122e-02
1.0820801273771104e-01,4.8486659387419653e-02,3.8346027125890297e-01,7.3279515475965534e-02,4.0050487333485679e-02,9.1555869348498270e-02,1.5110392797625555e-01,6.9255855245785009e-02
1.1681236664010411e-01,4.0779598737940653e-02,4.1172880699233189e-01,7.8055344199000912e-02,2.7389295402921295e-02,7.4544529627847342e-02,1.6465942421206189e-01,5.6393425314608496e-02
1.2471403793543714e-01,5.7504206049336065e-02,4.1789695013407102e-01,8.5604867039712040e-02,4.3906197433262219e-02,9.7978174097117163e-02,5.8313850045835676e-02,7.8140974598519486e-02
1.2544442274839129e-01,5.7222188057978060e-02,4.1225597444790169e-01,8.5136833034330672e-02,4.5244352007188370e-02,1.0042505299787439e-01,5.9300846624800646e-02,7.8086359129650854e-02
1.3998986229469457e-01,4.8942022012919868e-02,4.4212132465830567e-01,8.5173498362911146e-02,3.6744753170423111e-02,8.7852944555798215e-02,5.9695344226948270e-02,6.4994934062665724e-02
1.3829290199169153e-01,7.0240810142187526e-02,4.0349814466652417e-01,5.8054633370762936e-02,1.6577292720994757e-02,4.6391568933461622e-02,1.7630305512184455e-01,7.7169856415958832e-02
1.5265184455327982e-01,4.2404770573797573e-02,4.5175991765271151e-01,8.3971090150537067e-02,3.3352726948712552e-02,8.3638502606858761e-02,6.2087499800434119e-02,5.5403157441508526e-02
1.0639782466880872e-01,9.5888409833995714e-02,3.4662558243369029e-01,6.0310018285540529e-02,3.3239818448440372e-02,5.5503195442855577e-02,1.6376180709611746e-01,1.2447790449163879e-01
1.0054247382931671e-01,9.5050047410344091e-02,3.2574603644674577e-01,6.2648860053373640e-02,4.2096741958715045e-02,7.1305436160076008e-02,1.5834114466129984e-01,1.2960180890854964e-01
1.2631791541163964e-01,7.8705045784957614e-02,3.8442637352773101e-01,5.9205468192771581e-02,2.2706605312559781e-02,5.1685758915612126e-02,1.7153459927292272e-01,9.1592306723667763e-02
1.1811849253783019e-01,8.5535066175103133e-02,3.6235290306248280e-01,6.0451116112380146e-02,2.9608730040924704e-02,5.7365456352342206e-02,1.6616212960464055e-01,1.0607781215298452e-01
1.3098690828862627e-01,7.7211193793938385e-02,3.8496999081238747e-01,5.9234589818779153e-02,2.2591589037850527e-02,4.9925090677063466e-02,1.7053636179126416e-01,9.0499490939510152e-02
1.1369417926255250e-01,8.8275971085453805e-02,3.5498670206593591e-01,6.0691145361971038e-02,3.1778868346218479e-02,6.0028339626703286e-02,1.6512404810807796e-01,1.1109389096129607e-01
1.3665316373401651e-01,9.2766978602395120e-02,3.8681110871093388e-01,7.1267504806993121e-02,3.6321066799148323e-02,7.0184998740941099e-02,7.5384553096089130e-02,1.1217757982359490e-01
1.3539910775013353e-01,9.2490652198977619e-02,4.0121971552470537e-01,6.9869045757744497e-02,3.3981978465277562e-02,6.8482102993750668e-02,7.1981216697273046e-02,1.0879819170546981e-01
1.3134922530466750e-01,5.3417366913069128e-02,4.3453581094936239e-01,8.5900816180482023e-02,3.9325507407229815e-02,9.1190017376060542e-02,5.8261524202319705e-02,7.1455745775352991e-02
1.3717547949073874e-01,2.1192171031725299e-02,4.3497331432426189e-01,8.6408983464872191e-02,2.2858342682156509e-02,5.8774490559496906e-02,1.6368956335372320e-01,4.8231104643635732e-02
1.1620836710910094e-01,3.8160445728849648e-02,3.8056645148649970e-01,8.3783570410933886e-02,4.3042088660098801e-02,8.7297433639066085e-02,1.5016987142437044e-01,6.4795223673161997e-02
1.3525075339737377e-01,9.2323946915805657e-02,4.0352952373918916e-01,6.9730988128849647e-02,3.3594450464445473e-02,6.8199988582246865e-02,7.1563695363337676e-02,1.0809912439628133e-01
1.3139896067142753e-01,7.3946476428630697e-02,3.9709407906215055e-01,5.8652145836653458e-02,1.8766584976921467e-02,4.9023340602652510e-02,1.7496868239366248e-01,8.2579487559791970e-02
2.3083504496649215e-01,4.4131041853907845e-03,4.8814408833642248e-01,1.0356999667701441e-01,1.5967312914106684e-02,4.0609780965793880e-02,4.3134286935397767e-02,4.9798436838142918e-02
9.8438835004561187e-02,5.4365206491226226e-02,3.6841949533567570e-01,7.3536529978521184e-02,4.4474515060258443e-02,9.7473123701625683e-02,1.4917765889667284e-01,7.9493698431769899e-02
2.4247205437663638e-01,2.6187402741752793e-03,4.7396176127931894e-01,1.0717727214405674e-01,1.6119810963956083e-02,3.8874891858753806e-02,4.2264241301671321e-02,5.3066713468465594e-02
1.5781859005429752e-01,2.9539015490263155e-02,4.9195519444494107e-01,9.5312457040635706e-02,2.8119213792247643e-02,6.3693447418231505e-02,4.7422130169684273e-02,5.7518312927701785e-02
2.0241132211928023e-01,1.0198001297881197e-02,5.0971219364814147e-01,9.4001129364587294e-02,1.8313231158405736e-02,4.9198812430056103e-02,4.8636677589643608e-02,4.2374874799043151e-02
1.1741225338408012e-01,3.5911738991462175e-02,3.8425418630501351e-01,8.4018880757350436e-02,4.3420784511455153e-02,8.9125516785388492e-02,1.4925389724261026e-01,5.8753435768633351e-02
1.4621274760668176e-01,2.0653676725699725e-02,4.2698478913731897e-01,8.2582690061630035e-02,2.6435647902236355e-02,6.3514075629244993e-02,1.5999130831293501e-01,4.3225095470830366e-02
9.8340157913275675e-02,5.0955681283361157e-02,3.9387411153189117e-01,7.8698461376041862e-02,3.4074604194470400e-02,8.3018248629601554e-02,1.5975714891488571e-01,7.0760930496062954e-02
1.8672118636786639e-01,2.9003219144344301e-02,4.7245171618701254e-01,9.8463794566997220e-02,1.9235092713623680e-02,6.0378520074545132e-02,5.7941010870340474e-02,4.8275118585824908e-02
1.1266379032897100e-01,3.8774579964101344e-02,3.9288922404572812e-01,8.4990675529561271e-02,3.7884664533023908e-02,7.8508339051423889e-02,1.5370425340615773e-01,6.9172685259233230e-02
8.0856189424071051e-02,6.1305170736917984e-02,3.3397984969414585e-01,7.0913045981187098e-02,5.9187190656627135e-02,1.2092831884479499e-01,1.3864847614036185e-01,9.6312011326614294e-02
9.3978461829391624e-02,5.6860125614452660e-02,3.5935222929307786e-01,7.3089425518863507e-02,4.7781425809460876e-02,1.0233105972468627e-01,1.4693604731368295e-01,8.4405250118979161e-02
1.0611167963590253e-01,4.9822364153949875e-02,3.8295717634443976e-01,7.4140704681841904e-02,3.9243349613266539e-02,9.0052549210305602e-02,1.5285059533557813e-01,7.1243296829815630e-02
1.0696334851976930e-01,4.1537098454089837e-02,3.6690682055707086e-01,8.4308065505770052e-02,4.9043210267998662e-02,9.7487698500505829e-02,1.4686231605327177e-01,6.8270333073360848e-02
1.5744262011519550e-01,7.5115027590690678e-02,4.0676154305187212e-01,7.9593414472533916e-02,3.3301065638915744e-02,5.7813922830824739e-02,7.4300377752145152e-02,9.6967858086117950e-02
8.4723171835544481e-02,1.0017598555589494e-01,2.9807412209399942e-01,6.4080925685163062e-02,5.3355502052714235e-02,8.5889644095065762e-02,1.5179294477771113e-01,1.4786979523435917e-01
1.6052644079183026e-01,7.2863538570579769e-02,4.6879454983846236e-01,6.6397949884633947e-02,1.8556516879095375e-02,5.5459382058062223e-02,6.7758793165422493e-02,7.2947819201679948e-02
1.2684769758437228e-01,7.9815494406785550e-02,3.7851733003364724e-01,5.9594807750680670e-02,2.4596386140693070e-02,5.2102358256236402e-02,1.6931085706093676e-01,9.5094893451132492e-02
1.0880506089728773e-01,9.8134964085241069e-02,3.3215677164221807e-01,8.0160504494578427e-02,5.1754954075240105e-02,9.1422575042501175e-02,8.4603231802835618e-02,1.3268743491038268e-01
1.1250616330377385e-01,3.8143765040505616e-02,4.2011816942643726e-01,8.6837916651692160e-02,2.0950315269055813e-02,6.7465431196112452e-02,1.7493457585098823e-01,5.1728123349884379e-02
2.2173973796369825e-01,1.9678597903257520e-02,3.8567924656978481e-01,7.2765486442556968e-02,5.2556460925074983e-03,4.1665716013299145e-02,1.9330362310533178e-01,4.3743236162309143e-02
9.8915196317193060e-02,5.3910839046919484e-02,3.7438092052633071e-01,7.4691004316202611e-02,4.1648118515975316e-02,9.3149675759892095e-02,1.5206532251041088e-01,7.7874122083091232e-02
1.2689309278529715e-01,3.7733188208845220e-02,4.1052058267404534e-01,7.3016633645382259e-02,3.1240823707439375e-02,7.9565384006821130e-02,1.5605250529020540e-01,5.1152462511345337e-02
1.3083532213983226e-01,3.0002131845466885e-02,4.0340187886725160e-01,8.3137940169665372e-02,3.5272830675631021e-02,7.5976961218890235e-02,1.5416695218073811e-01,5.3162995366292785e-02
1.1502162267097833e-01,3.6809835566554039e-02,3.8126417879805080e-01,8.4175182676064927e-02,4.4725718962766017e-02,9.1306707253253003e-02,1.4854481112005105e-01,5.9810939277748013e-02
1.0332011258877430e-01,4.7251153983485658e-02,4.0294661823343614e-01,7.9571024319245565e-02,3.0637645306642543e-02,7.8739534621643625e-02,1.6280711063357470e-01,6.4953082860768563e-02
1.5755095866125621e-01,9.0436628521976831e-03,4.3865317310833229e-01,9.5241837420536435e-02,1.3456979052050564e-02,4.6090614185234483e-02,1.7460368606717522e-01,4.2117687648111315e-02
1.3615257451367449e-01,4.6695183010154663e-02,4.8056785915105632e-01,9.5707045727882453e-02,2.6332997622878846e-02,7.1423461338124605e-02,5.3579007868221895e-02,5.9827984404488027e-02
1.2030203009735677e-01,5.7777710479024927e-02,4.3919783588550776e-01,8.8286825491563331e-02,3.9212774257549335e-02,9.0252759284032882e-02,5.5229329625497627e-02,7.6443741927100864e-02
1.9676651346646210e-01,4.5911042590718668e-02,5.0860338710191277e-01,7.7186809125225117e-02,1.1883505485955436e-02,4.0807879209704120e-02,4.3225485284940843e-02,5.7722454761133329e-02
2.2284292702385275e-01,3.9404485922971764e-02,4.8514953523975457e-01,8.4132269070683982e-02,1.1871855589270851e-02,4.1250900305196139e-02,3.8770669143051474e-02,5.5632664614233440e-02
1.4201904536983789e-01,5.9631504016621331e-02,4.1096742051879998e-01,6.5793356183502294e-02,1.8543825990675330e-02,4.1199150118039624e-02,1.7155792943264633e-01,7.7460430184882204e-02
1.9112292572698067e-01,4.7998474637370579e-02,5.0750675726793049e-01,7.0611206594483278e-02,1.3317449600696982e-02,4.1028980504045166e-02,5.3163758355665440e-02,6.0140036334509685e-02
1.4615525848527716e-01,6.1404011703071033e-02,3.9937531805340964e-01,6.6808818882484369e-02,2.0948935581701831e-02,4.0819807666492541e-02,1.7043248725936735e-01,8.0387407725476659e-02
1.7617240656409330e-01,6.6769974634945217e-02,4.7014372492848500e-01,6.4328729576062491e-02,1.6306611244156177e-02,5.1418453679585370e-02,7.1543693327336469e-02,6.7104848821997867e-02
2.5419781743737552e-01,2.9181652964105534e-02,4.6962093137924005e-01,7.8703177746350605e-02,1.1474896583952284e-02,4.1512793591212287e-02,4.3142515784969415e-02,5.2841780346720213e-02
1.6158981660453356e-01,5.1420979415259249e-02,4.2242521209605471e-01,5.8702460902083420e-02,6.1132868895440130e-03,4.5285167410907066e-02,1.9176175800248471e-01,4.8950379732660823e-02
1.0609726419308718e-01,4.2641032864107212e-02,4.1545658795483853e-01,8.3804598882299589e-02,2.4820515944424665e-02,7.1939237272356515e-02,1.6966249053934784e-01,5.7405883381119564e-02
1.8080103339797188e-01,1.8878991269490407e-02,5.0910499808363940e-01,9.7615924824737008e-02,2.0817998776574462e-02,5.1926118837229696e-02,4.4948079219977392e-02,4.9969750152567730e-02
1.6149376906394861e-01,2.6996097361925216e-02,5.0219921504122556e-01,9.7195211066788939e-02,2.5142126179445223e-02,5.8697534275510187e-02,4.5074186794940893e-02,5.5783867133515151e-02
1.3545888069406151e-01,5.1537567465935637e-02,4.3358458302547537e-01,8.5169464149461055e-02,3.9216201360738827e-02,9.1434284287542730e-02,5.9512180517774176e-02,6.8887371503755790e-02
1.2014188085140778e-01,5.9496165633392342e-02,3.9424740433943301e-01,8.4833604331800747e-02,5.0253191674551917e-02,1.0895346710314104e-01,6.0525593261617452e-02,8.2557279518385415e-02
1.2429420298375886e-01,8.0607019293403318e-02,3.7864890790046490e-01,5.9493594548777180e-02,2.4483711249878672e-02,5.2986660578684945e-02,1.7006281268156673e-01,9.5465153206537492e-02
1.2017818301677285e-01,8.1402766858279588e-02,3.8065894826219360e-01,5.9591581228445628e-02,2.3992496049677122e-02,5.4064334863724056e-02,1.7127646425407000e-01,9.5036370726809122e-02
1.4044314235796682e-01,9.0509598276428155e-02,3.9479140072393515e-01,7.0707084506505383e-02,3.4313798523857145e-02,6.7785735254913965e-02,7.5299871184951711e-02,1.0786109257993405e-01
9.9870804472560290e-02,9.6819454026278354e-02,3.2413234051441264e-01,6.1944191877793285e-02,4.1444993409246643e-02,7.1007794581487135e-02,1.5966117746062333e-01,1.3064067926848094e-01
1.1291407054662188e-01,8.8159052383673372e-02,3.4994198430464074e-01,6.1891029267367156e-02,3.4445427450245307e-02,6.1727718618244228e-02,1.6210023492191097e-01,1.1402672801481205e-01
1.4244778486635007e-01,8.9022289294237902e-02,4.0423199464107523e-01,6.9803225302717029e-02,3.2365783531502386e-02,6.5898107821786081e-02,7.4061039561723607e-02,1.0423122362891928e-01
9.0193504215730913e-02,1.0283312363642680e-01,3.0264964458926569e-01,6.2226495751050083e-02,4.7758782676346770e-02,7.9044667207651756e-02,1.5694761024149578e-01,1.4406992806467619e-01
1.1262749063369412e-01,4.0447604130284878e-02,3.7530689824203062e-01,8.3898032688375243e-02,4.4379485077341255e-02,8.8898709466010986e-02,1.4973759412578178e-01,6.9032518965348552e-02
2.3948529213412464e-01,3.0431132758964016e-02,4.9835305255077433e-01,6.9382770113082928e-02,9.2342701139260241e-03,3.8243771934916210e-02,5.0145855561622869e-02,4.9149684450734872e-02
1.4289080687125774e-01,5.9960899829151294e-02,4.0879146821636636e-01,6.5860649982456582e-02,1.8983386420778688e-02,4.1130592975492861e-02,1.7136230064116470e-01,7.8089776755763562e-02
2.1781617522886201e-01,4.1071739154550285e-02,4.8742895995160157e-01,8.5137643647350644e-02,1.1954554684181107e-02,4.1232417947766352e-02,3.7999519803183099e-02,5.6105631138295115e-02
1.6477171936235671e-01,3.9359291513740104e-02,4.4128380166698006e-01,6.5967656805673666e-02,6.8410947139914231e-03,3.6708798982164594e-02,1.8057456482455955e-01,5.1746100702049221e-02
7.7723273936146656e-02,9.5340503817519281e-02,3.0486471579177882e-01,6.6253641088680565e-02,5.8300277215796836e-02,9.1797297354621235e-02,1.4499203756015389e-01,1.4790998758584370e-01
1.2840704630540448e-01,5.0932478737869449e-02,4.6985462872042222e-01,9.2239943963559459e-02,3.0645107710099730e-02,7.7898703563551067e-02,5.4047743606976277e-02,6.5199315010544392e-02
1.1920174385515848e-01,6.0405208651681856e-02,4.1385476457089021e-01,8.6120356477823456e-02,4.5333509381383350e-02,9.9688199176162520e-02,5.7199623805830262e-02,8.2444393867176669e-02
1.7868801667610390e-01,1.9915552061266290e-02,5.0368261976930562e-01,9.4229507738418469e-02,2.2979149462053001e-02,5.6405673763764132e-02,4.8438302085855874e-02,4.8612318219184110e-02
2.0110879494777936e-01,1.1624264589539383e-02,5.0802297622131165e-01,9.8222642735218690e-02,1.7841544360679380e-02,4.6773226980289510e-02,4.5016832418893045e-02,4.6692569550807694e-02
1.2478581602824834e-01,3.7281019490362804e-02,4.1601845776124419e-01,7.6700767707839332e-02,2.6058679367642359e-02,7.2734927282164241e-02,1.6483570196710945e-01,5.1705248018122256e-02
2.1584532754329588e-01,9.9376191765179027e-03,4.9172818187766243e-01,1.0686133281072471e-01,1.6750331342268700e-02,4.1030053335059088e-02,4.0570915897006704e-02,5.2923060110699791e-02
7.1916531032437170e-02,6.2975393411292629e-02,3.2008713779157810e-01,6.9537798928375291e-02,6.6399698438529733e-02,1.3331158546779348e-01,1.3368697330085616e-01,1.0314789139121924e-01
1.3898009350887006e-01,4.3902445701321777e-02,4.2071344091278523e-01,9.4084806025992188e-02,4.5411696702872158e-02,9.1234767495933469e-02,5.6931096291038173e-02,7.2052058595408655e-02
1.9190201185574171e-01,1.7248988598148399e-02,5.0301532519132663e-01,1.0739536927850241e-01,1.8033556004068967e-02,4.3626080162248511e-02,3.8828997893696232e-02,5.4675310951068687e-02
9.3164014411225141e-02,1.0047148030461359e-01,3.0894153415556069e-01,6.2405030980852941e-02,4.6344991427833673e-02,7.7045557077377314e-02,1.5716212991624842e-01,1.4007161976673727e-01
1.4433998960779459e-01,8.2015401751023384e-02,4.5172581131248146e-01,6.7921769929865261e-02,2.3719563853090625e-02,6.0207437260801189e-02,6.7084867497910206e-02,8.5991428014155311e-02
1.1755700412089179e-01,8.3712566932363758e-02,3.7392313122412518e-01,5.9831899290583739e-02,2.6003204485066572e-02,5.5723601530674099e-02,1.6977555681177967e-01,9.9579558594542261e-02
1.5407113976497686e-01,4.1134191176291725e-02,4.6328636181843547e-01,8.5077437974913406e-02,3.0245574916062817e-02,7.8700805690054110e-02,6.0587820882827249e-02,5.4323771947873578e-02
2.3999127687868305e-01,5.4539151264656766e-03,4.6510300874883043e-01,1.1332111689604668e-01,1.6774790031336268e-02,3.7660369067215475e-02,3.9845426156280131e-02,5.7605426636058832e-02
1.0652608316630861e-01,4.7222655773274717e-02,3.8282018045992444e-01,7.2136173407929702e-02,4.3192264982431790e-02,9.7382518286704564e-02,1.4657427328104192e-01,6.7258938757140327e-02
1.1176472551576214e-01,8.7791564629745994e-02,3.6292967516857377e-01,6.0282170322490350e-02,2.9299398336092727e-02,5.9088771349957166e-02,1.6771193191411257e-01,1.0713480433520936e-01
1.4172064162881887e-01,8.4729179643381003e-02,4.4115815984606410e-01,6.8142039484423281e-02,2.5975466833128638e-02,6.1851957630901420e-02,6.8010664175929977e-02,9.1352302860492826e-02
1.1422775525029918e-01,8.3432955150340604e-02,3.7965343604757917e-01,6.0071074059128073e-02,2.4569417776534586e-02,5.5923581781559789e-02,1.7149486381941167e-01,9.6834214722226586e-02
1.3945120501385336e-01,8.1973163191218654e-02,4.6270594332620324e-01,6.9117281982886983e-02,2.2275763238579761e-02,6.0324915544733113e-02,6.4173271442092159e-02,8.2630576578299045e-02
1.2625149187432594e-01,9.7034181607991099e-02,3.9551933086264601e-01,7.0311761410139478e-02,3.6350990662511670e-02,7.1910348058671650e-02,6.9873980171599667e-02,1.1501764276326579e-01
6.0505364969890361e-02,5.5921434270556777e-02,2.8023861603111755e-01,6.0988801014316876e-02,1.0244826458034756e-01,1.8346198062677208e-01,9.4141515358392880e-02,1.2505805454719512e-01
7.5509155084547683e-02,6.3556975417521339e-02,3.2337339880458998e-01,7.0315942874574475e-02,6.3204835347377170e-02,1.2729677970084471e-01,1.3642363888573564e-01,1.0209244762412543e-01
1.3075263713618951e-01,9.1832988838054769e-02,4.2204711184938287e-01,6.9332254404032290e-02,3.0908807583463652e-02,6.6877626195002496e-02,6.7757571547449644e-02,1.0314492663093612e-01
8.0034630271732354e-02,1.1536548410975075e-01,2.5041233580014155e-01,8.0021463507766608e-02,7.3697048200759577e-02,1.2207454106383987e-01,8.2436337693936740e-02,1.7754465513292231e-01
8.7987010884412312e-02,1.0326604946344570e-01,2.9698659351499707e-01,6.2622084034745104e-02,5.0149669743581073e-02,8.1920073970918675e-02,1.5538885310634881e-01,1.4744145179663012e-01
1.3940595559581473e-01,8.1469435738021373e-02,4.2149213904460631e-01,7.7120444416490727e-02,3.4194460751210340e-02,6.0991221409495464e-02,6.3055659889262983e-02,1.0525908188496748e-01
1.0389882034976143e-01,9.3163451631748065e-02,3.4784891475149593e-01,6.0810486206719361e-02,3.3747969098670644e-02,6.3969071207450975e-02,1.6520450487961305e-01,1.1727816342948381e-01
1.0494141194636919e-01,9.1487467881369494e-02,3.5550593218801912e-01,6.0685132221772464e-02,3.1596525326365636e-02,6.2229539905461956e-02,1.6671693202155610e-01,1.1284377675968905e-01
1.3985528075065667e-01,1.6085863076299996e-02,4.4186323051769777e-01,9.5144043877606249e-02,1.6125010814551591e-02,4.9634320932426569e-02,1.7064991808697208e-01,4.6532181592865873e-02
2.8058079761929461e-01,-2.0933197482196894e-02,4.0088496298879761e-01,1.6067448056906414e-01,1.2985964907328871e-02,3.6234955387464171e-02,5.8573972431967179e-02,4.4691982122958801e-02
1.2870079543850904e-01,6.3030523464852301e-02,4.1379769701942831e-01,6.7038868935632934e-02,1.9133168267319374e-02,4.4232551077560932e-02,1.7068186736298124e-01,8.0528368027779490e-02
1.7118399408283166e-01,2.4613159114996404e-02,5.0851478312692067e-01,1.1061265408836987e-01,1.9321930173562218e-02,4.4991840567056976e-02,3.5895360455661961e-02,5.8590889118439966e-02
1.1555847922693092e-01,7.9008564943987350e-02,3.9485216077138197e-01,6.0453251694148322e-02,2.0273700196628722e-02,5.3886984774187831e-02,1.7540582721711390e-01,8.6769505936601751e-02
1.1871677198581408e-01,7.9019360597308658e-02,3.9160317982921539e-01,5.9876509984974804e-02,2.0995355121113078e-02,5.3324931792355000e-02,1.7437032911999911e-01,8.8390422246092795e-02
1.1038027891497794e-01,8.7610682700692319e-02,3.6620682732278076e-01,6.0315066639504762e-02,2.8439290372878599e-02,5.8935663722576088e-02,1.6860872871841265e-01,1.0558198235105730e-01
1.1151846314759606e-01,1.0794056591236843e-01,3.3686498385744007e-01,7.3433395126390993e-02,4.9418529347653437e-02,8.6949110753727701e-02,7.3836346186684762e-02,1.4135830788192133e-01
1.9221534855077779e-01,4.9109893036901803e-02,5.0211098840393842e-01,8.7040359414499807e-02,1.2298944209482982e-02,4.1113871330401057e-02,3.5780802983786671e-02,5.8693942759176623e-02
8.8566403746851971e-02,1.0377339797193751e-01,2.9870989666996933e-01,6.2288740930830630e-02,4.8974768896542273e-02,8.0585327769591111e-02,1.5639049730517338e-01,1.4647771854768968e-01
1.1032102633863146e-01,8.7681878415822076e-02,3.6595055798670162e-01,6.0319877450375280e-02,2.8512171924058197e-02,5.8993031753243261e-02,1.6855547680221555e-01,1.0574170631340750e-01
